pin_id,title,description,domain,board,created_at,image_url,category
21251429487397507,,,Uploaded by user,Lifestyle,"Wed, 22 Oct 2025 07:20:25 +0000",https://i.pinimg.com/originals/09/e9/a3/09e9a3888714cf9396f0acad5db15a02.jpg,clean_girl_
281543725716857,,,Uploaded by user,aesthetic inspo,"Sun, 22 Jun 2025 21:00:24 +0000",https://i.pinimg.com/originals/e2/99/49/e29949fdf8a46de5c34ff702b5b2fbc8.jpg,clean_girl_
Ad4Jj0M0b2zAQG3867WSlOAYg40oMTT84o3eKc5sz0NwHbpJcT3ISYWBdV98aSjSyBzlmYPA4kJnnY92pmzfujk,syoss Intense Keratin,Entdecke jetzt die syoss Intense Keratin Pflege für dein stärkstes Haar,syoss.de,Ad-only Pins,"Thu, 08 Jan 2026 13:07:16 +0000",https://i.pinimg.com/originals/49/2c/90/492c901aa42dc4a4fd4e92fd7a380e80.jpg,clean_girl_
AU2ScxmiEIV1SpLi8wNppJ4U0vFgnZM3dtKi96S7qDYJE4RRioNASxn1e00WfYPN-gkW4aXZ8wmJ6MnNKzFAGw4,Dein neuer Long-Hair Fav!✨,"Langes Haar? Hol dir die Pflege, die es verdient: NIVEA Length Wonder – für gesundes & starkes Haar - bis in die Spitzen 😘",dm.de,Nur als Anzeigen gedachte Pins,"Thu, 20 Nov 2025 17:54:23 +0000",https://i.pinimg.com/originals/30/43/82/3043825accd7ff0b9dfe64871886aedb.png,clean_girl_
119556565105668720,,,Uploaded by user,2026 vision board,"Fri, 02 Jan 2026 05:46:44 +0000",https://i.pinimg.com/originals/e5/fb/d9/e5fbd91a607ef5d4d6773517c3841612.jpg,clean_girl_
10977592837270424,,,Uploaded by user,Visionboard 2026,"Thu, 01 Jan 2026 12:28:20 +0000",https://i.pinimg.com/originals/c7/1f/f0/c71ff0d2e4eecd21214704853849964e.jpg,clean_girl_
Ae2C5MPBuju0NlKNWsrHzn1vv1zdFMreah_QyQNYog-piHyBQrKoU21I468_hDTkjKRMWWdn8qQuFYA488JFjDw,Timone von Jannie de Lang - Spezialanfertigung,"Timone von Jannie de Lange Sonderanfertigungen aus Timone.  Wird in 6-8 Wochen ankommen Größe: 66 cm Kopfumfang: 42 cm Arme: 3/4 - gebogen Beine: 3/4 - gerade Ösengröße: 22 - 24 mm Stoffkörper Echt aussehende Haut mit Genesis Heat Set Wunderschöne Hand gerootete Top & Bottom Wimpern Realistische Haselnuss Glasaugen Verwurzeltes lockiges Echthaar Perfekte Mischung aus Untertönen, Adern und Rouge. Details sind zart gemalt. Sie hat subtile Adern und bläuliche Untertöne, in denen die Haut dünner und transparenter ist Ihre Lippen sind einer sehr natürlichen Farbe getönt Finger und Zehen sind sorgfältig manikürt. Glieder sind mit ultra-feinen Glasperlen und weicher Füllwatte beschwert. Kein Sand bei der Wichtel von Babys verwendet. Ich beschwere meine Babys mit winzigen Glasperlen und einem hoch",etsy.com,Products,"Mon, 17 Nov 2025 17:44:46 +0000",https://i.pinimg.com/originals/82/b5/db/82b5db901c0d40a2fa709f47d2ee314c.jpg,clean_girl_
11892386511925137,Self care,Clean girl,Uploaded by user,Lifestyle,"Wed, 22 May 2024 22:13:46 +0000",https://i.pinimg.com/originals/41/ef/c6/41efc698e2b11947992321a6608d19c7.jpg,clean_girl_
AZBeG9gR5ucluw6Bpg6VP9U4SlPXT7Zss4Y3LPp7AziMy11LBHlCk-SndCVoy3B-iqxIox4PXRt3BNbJfVuzAmA,Start Transformation Now!,"Reach Goals 💪 

✅ Boost muscle strength and endurance
✅ Increase flexibility
✅ Improve balance and posture

Take test and get workout plan NOW! 👇",betterme-workouts-plan.com,All,"Mon, 22 Dec 2025 23:22:32 +0000",https://i.pinimg.com/originals/a4/6b/de/a46bdea754133b5fdc6431ee04bb6a64.jpg,clean_girl_
9429480465730699,,"Descubre Minimalist Preset, el filtro inspirado en el aesthetic minimalista. Brillante y natural, este filtro realza tus fotos con una claridad impecable, eliminando el ruido y destacando la belleza esencial de cada imagen. Perfecto para lograr un look limpio y sofisticado con un solo clic. Ideal para tus fotos más elegantes y despejadas. 🌿✨🌸📷 🏹 INCLUIDO EN TU COMPRA: ✔ 1 archivo .DNG ✔ Archivo PDF con guía de instalación sencilla paso a paso Funciona en la aplicación móvil Lightroom (iOS/An...",instagram.com,Visión board,"Tue, 17 Dec 2024 23:20:38 +0000",https://i.pinimg.com/originals/d2/0f/dd/d20fddde1a0fe047c17dbc1d93e8f7b7.jpg,clean_girl_
AeA1RhqGcdTlCiay0kjHVzNPVz3RmoOUSJAuXgAgtnxsVko6FlEnPE1teu2goUT-kSAdzG1OAW4GhghrTN_NwMg,Individuell trainieren,"Egal ob Neustart oder Wiedereinstieg: AIMO erstellt per Bewegungsscan ein Trainingsprogramm, das genau zu dir passt. So kannst du trainieren, wann es dir passt – mit Übungen, die Schritt für Schritt deine Fitness und Beweglichkeit verbessern.",tk.de,Nur als Anzeigen gedachte Pins,"Wed, 26 Nov 2025 16:35:28 +0000",https://i.pinimg.com/originals/bd/e2/af/bde2af884c1d1a5160daaafa357d6d88.jpg,clean_girl_
6755468185941227,♡,clean girl,Uploaded by user,clean girl,"Fri, 05 Sep 2025 14:56:21 +0000",https://i.pinimg.com/originals/88/af/5d/88af5dc5237661d9566730a6a982bd07.jpg,clean_girl_
6755468185941242,,,Uploaded by user,clean girl,"Fri, 05 Sep 2025 14:58:19 +0000",https://i.pinimg.com/originals/bf/d6/a3/bfd6a3d069433cc2097bdff276ab81e2.jpg,clean_girl_
14355292557233428,,,Uploaded by user,2026 vision board,"Wed, 17 Dec 2025 04:10:07 +0000",https://i.pinimg.com/originals/f9/dc/79/f9dc79ee1a2fac5adda608307ea57dbd.jpg,clean_girl_
AWymap7UpvBCJAoIn9vHPNy9ibpnV5echSK_jJVl89X3nvx3HYLrzLNJ2nOhSGPhQnyjBg3SeZpNwod9fB94aHo,"ASOS DESIGN – Strickhose in Grau mit weitem Bein, Kombiteil",Hose von ASOS DESIGN Schlichtes Design Weit geschnitten Normale Passform,asos.com,Products,"Tue, 06 Jan 2026 12:12:31 +0000",https://i.pinimg.com/originals/13/b3/1c/13b31cad13fb731e43121247a56ef37a.jpg,clean_girl_
2251868559035429,,,Uploaded by user,Vision board 2026,"Tue, 30 Dec 2025 18:47:01 +0000",https://i.pinimg.com/originals/ae/ec/ea/aeecea198dbcf960adf5e73809da4d85.jpg,clean_girl_
AWiipKoivhil8ac1UcE2GEVlMirsoIBwH6CjDqIXsy2eHlgYe7OrN8qKvcqhLRD5aHWTdJ0kMfsjctvJWQSymEc,The Pre Spring Collection.,"Die neue Kollektion REFINED WITHIN kombiniert fließende Silhouetten, Utility-Details
und ein ausbalanciertes Farbspektrum. Cool Blue und Coal Dust bringen Tiefe in
helle Neutrals – perfekt für den Übergang in den Frühling. Highlight der Kollektion ist
die BERUA BAG – tagsüber als praktischer Begleiter für City & Office, abends als
elegante Afterwork-Clutch. Ein echtes Everyday Premium Essential.",de.someday-fashion.com,Nur als Anzeigen gedachte Pins,"Fri, 23 Jan 2026 14:26:48 +0000",https://i.pinimg.com/originals/d7/fc/3c/d7fc3ce38c01802cc1f10b784ca6ef02.jpg,clean_girl_
27725353951304788,"🤍 SELF CARE, face mask, skin care routine, vanilla girl aesthetic.","🤍 SELF CARE, face mask, skin care routine, vanilla girl aesthetic. | #collagen #glowingskin #glowingskinaesthetic #glassskin #clearskin #collagenforskin",sites.google.com,aesthetic,"Mon, 06 Jan 2025 21:19:28 +0000",https://i.pinimg.com/originals/24/39/6a/24396aae908d28476962b735c34bbb4c.jpg,clean_girl_
ARPt01fr4kDnuU13ptbsrIh1Wb31n35KP6qLl1ge_KGJcajX6wXY-WoNzFGhR6Lc-jA7cOpG4gH__OaE4lF3Ne4,Tauche ein in die Welle von Fa.,Nimm dir Zeit für dich – mit den langanhaltenden und beruhigenden Düften von Fa.,de.fa.com,Ad-only Pins,"Fri, 19 Dec 2025 10:26:48 +0000",https://i.pinimg.com/originals/88/51/75/8851756c5f430e8b18e145cd852295f7.jpg,clean_girl_
Ae7ZvS2zRnmcruOQZdr0TCk8ORsP__dZtLyF0WwumImvM-_Oj4s5RoRC8J4jH5XQb6k0cgzYuDTrY04EkWksHG8,Verschenke gesünderes Haar an diesem Valentinstag mit dem Dyson Supersonic Nural™ in Samtrot & Gold.,Verschenke Dyson Beauty,dyson.de,Ad-only Pins,"Thu, 22 Jan 2026 14:33:27 +0000",https://i.pinimg.com/originals/8b/12/a4/8b12a4bc4c1b8020f1171280d885a141.png,clean_girl_
703756187915533,Skincare inspo,"Clean girl aesthetic, skincare ideas #commissionearned",amazon.co.uk,2025 Vision Board💫,"Mon, 13 Jan 2025 02:58:31 +0000",https://i.pinimg.com/originals/3e/d1/f1/3ed1f1af106b21cb9b2c1352392086c7.png,clean_girl_
281543726299852,,,Uploaded by user,Stevie only,"Mon, 20 Oct 2025 05:02:01 +0000",https://i.pinimg.com/originals/09/19/3c/09193c8a82121320a706d89392e77c71.jpg,clean_girl_
8796161770208025,,,Uploaded by user,26,"Sat, 27 Dec 2025 17:11:02 +0000",https://i.pinimg.com/originals/58/cd/a2/58cda254bc798673d843b480bacfd95a.jpg,clean_girl_
8866530510298255,,,Uploaded by user,clean girl,"Mon, 05 Aug 2024 06:33:05 +0000",https://i.pinimg.com/originals/4c/c6/e8/4cc6e8c3621b83a96b7e516e2ed2f353.jpg,clean_girl_
AVqa_dY7djJKqFPldMOI_tiI9NPV55EvPJLglsg17CexMvF4RRmqpRZKqLFkDq2HkPW7neJpQwLvYSeNN24mytA,IKEA  –  STOREMOLLA   Kommode mit 8 Schubladen   171x50x91 cm,STOREMOLLA Kommode mit 8 Schubladen. graubraun lasiert. Tiefe: 50 cm,ikea.com,Products,"Mon, 05 Jan 2026 09:02:36 +0000",https://i.pinimg.com/originals/43/ae/c0/43aec09a518e96a7105ef12347e4cdda.jpg,clean_girl_
AdTkpt5Tlubk7IYNSESllCQsvE-fzkoobqbAxMyRH9mKPj9Qpv7AGhyMrUjsClKcd7KRT2S1rlI9mwhflG5b2tE,"Langärmliges, nahtloses Oberteil mit Schlitzausschnitt","Hübsches und bequemes Oberteil aus supersoftem Material mit nahtlosem Design und Tragegefühl. Schlitzausschnitt, langärmlig. Slim Fit. Importiert.",hollisterco.com,Products,"Thu, 02 Oct 2025 12:36:31 +0000",https://i.pinimg.com/originals/54/c6/2a/54c62a1d9c638f90637c4a7f590bd68a.jpg,clean_girl_
AfYKupdkQVuk3pnz4h_DV2aqnqKIgQ7qrlY57tDvaasQJNDcHWEbJepNwzWYHfN7XVi7oVkQrHu3PDM3msxyNBA,Nike Initiator,"Mit dem bequemen Halt des Nike Initiator bist du auf allen Strecken gut aufgestellt. Er verfügt über ein atmungsaktives Obermaterial mit weichem, gepolstertem Design, das für ein sicheres Laufgefühl sorgt. Vorteile:Stützende Überzüge helfen bei der Zentrierung des Fußes im Schuh. Das weiche Futter sorgt für noch höheren Tragekomfort. Dank der Schaumstoff-Mittelsohle hast du ein weiches, gepolstertes Laufgefühl. Flexkerben in der Außensohle sorgen für uneingeschränkte Bewegungsfreiheit.",nike.com,Products,"Tue, 14 Oct 2025 17:32:48 +0000",https://i.pinimg.com/originals/6d/5d/57/6d5d57e93e4d01210c60e2c8a6078790.jpg,clean_girl_
ASUt1DwwWTj0TmDCOIwg4jJcqj7ThAVof7KMvb7KSbXkD1ZTGiQDjlzc0qYeiwYNRz3gyZWhbBRzMQuGiuJXoPI,Damen Pullover,"kostenloser Versand, schnellerer Kundendienst",temu.com,Products,"Sat, 17 Jan 2026 00:21:59 +0000",https://i.pinimg.com/originals/f3/21/5a/f3215a2bf9d36405cdc53309f7ed5f4e.jpg,clean_girl_
13159023905177288,,,Uploaded by user,2025,"Wed, 01 Jan 2025 18:09:30 +0000",https://i.pinimg.com/originals/25/b1/d1/25b1d1be93bf4cfa1a93952e4290ec0c.jpg,clean_girl_
1759287348659139,,,Uploaded by user,What i like,"Fri, 22 Aug 2025 13:52:34 +0000",https://i.pinimg.com/originals/dc/24/09/dc24095674b8cb350a43be3b1943006b.jpg,clean_girl_
AcW2D7qpEJ-HTupVrSclq3HKNGaVSQtvMvcwEXyWDnsVGvclJbNSuobDrLCOT1djAWt2lfbzRf_l4-Iu1lzQkos,South Beach Langarmshirt - grey,South Beach Langarmshirt - grey,zalando.de,Products,"Thu, 22 May 2025 10:18:32 +0000",https://i.pinimg.com/originals/61/57/83/615783e39ec07974fecf2b3d13c986e3.jpg,clean_girl_
AYYSFl83IqkQ15e2kVs7TworZVkMdl7Poqm3Nwszt-Y-V_FU6SclajM1EFQWf7woqQ_g7YOXpze7LR0s9-YjHEU,Strickcardigan mit Bindegürtel,Locker geschnittener Cardigan aus weichem Strick mit Wickelfront und einem breiten  abnehmbaren Bindegürtel in der Taille. Überschnittene Schultern und lange Ärmel mit breiten Rippbündchen.,www2.hm.com,Products,"Tue, 23 Sep 2025 09:36:49 +0000",https://i.pinimg.com/originals/29/ad/2e/29ad2e4107de4381788837a0af9daeee.jpg,clean_girl_
284993482665786704,,,Uploaded by user,Vision Board 2026,"Tue, 23 Dec 2025 11:58:51 +0000",https://i.pinimg.com/originals/88/cd/d6/88cdd62f88dddbfc375b0ddf0aeed3d8.jpg,clean_girl_
884183339818471605,my aesthetic ✨️,"#clean girl 
comment your aesthetic ✨️",Uploaded by user,Pins by you,"Thu, 01 Jan 2026 19:50:33 +0000",https://i.pinimg.com/originals/eb/cb/3c/ebcb3cb1a43e26abfc2a21864cd3029b.jpg,clean_girl_
1266706139630917,,2024 | vision board | mood board | clean girl | health is wealth | aesthetic | march,Uploaded by user,IPAD WALLPAPER,"Tue, 30 Apr 2024 09:00:38 +0000",https://i.pinimg.com/originals/28/7a/94/287a9478ae0c80c66ba5b95b44731c51.jpg,clean_girl_
17873729765829598,,,Uploaded by user,"Hair, make up","Fri, 18 Apr 2025 15:45:22 +0000",https://i.pinimg.com/originals/fd/9d/9e/fd9d9ee450d98bc07bec7ba5ef8881b7.jpg,clean_girl_
26177241580734679,,Clean girl,Uploaded by user,Cecelia wish list,"Sun, 14 Dec 2025 22:09:28 +0000",https://i.pinimg.com/originals/ed/41/c5/ed41c506620e743d37da97d69632d755.jpg,clean_girl_
7107311908481593,,,Uploaded by user,2026 vision board,"Tue, 06 Jan 2026 19:46:59 +0000",https://i.pinimg.com/originals/ed/c7/53/edc753d91e20efdcb13aaa09f0217ac6.jpg,clean_girl_
19281104651664354,clean girl make-up 💄🎀,clean girl make-up,medium.com,Olivia,"Fri, 21 Mar 2025 20:53:16 +0000",https://i.pinimg.com/originals/0e/7a/d0/0e7ad0f8efa892463247915a6432efb3.jpg,clean_girl_
50524827070068847,serena van der woodsen aesthetic ★ gossip girl,,Uploaded by user,Snow,"Sun, 16 Nov 2025 22:21:48 +0000",https://i.pinimg.com/originals/94/32/48/943248280bc9c1a6cf308fcef9f528a7.jpg,clean_girl_
68749640739,,,Uploaded by user,Visionboard,"Sat, 27 Dec 2025 12:49:41 +0000",https://i.pinimg.com/originals/95/9f/de/959fde3fb5221833dd54811ff69b80cf.jpg,clean_girl_
163959242681185909,,,Uploaded by user,Becomingboard,"Sat, 03 Jan 2026 18:08:35 +0000",https://i.pinimg.com/originals/5e/a6/cb/5ea6cbb959ca59f8df2106a2d3fa0fce.jpg,clean_girl_
4011087181386025,𐙚,,Uploaded by user,Visionboard,"Mon, 29 Dec 2025 10:18:29 +0000",https://i.pinimg.com/originals/a4/73/da/a473da0c15d3e4290a6a34163da46e67.jpg,clean_girl_
15058980000421739,,Erte une clean girl c’est incroyable,Uploaded by user,2026 vision board,"Fri, 02 Jan 2026 00:10:11 +0000",https://i.pinimg.com/originals/10/c0/4f/10c04f53819186c3bbe900cae821971c.jpg,clean_girl_
17662623534009005,,,Uploaded by user,2026 vision board,"Tue, 06 Jan 2026 21:25:44 +0000",https://i.pinimg.com/originals/7d/56/c9/7d56c9fcea7cad09497577fc017604b5.jpg,clean_girl_
293930313202995033,,,Uploaded by user,-2026-,"Sat, 27 Dec 2025 03:14:20 +0000",https://i.pinimg.com/originals/10/41/37/104137bc92342c30fbc23997724c919a.jpg,clean_girl_
76631631198391364,,#cleangirl,Uploaded by user,2026,"Sat, 03 Jan 2026 05:12:24 +0000",https://i.pinimg.com/originals/69/a2/35/69a235d8eb0445d32e60bb0e695b0f6c.jpg,clean_girl_
2462974790547666,👑 𝔉𝔬𝔩𝔩𝔬𝔴 ——> @𝔗𝔞𝔱𝔦𝔞𝔫𝔞_𝔐𝔞𝔢,,Uploaded by user,clean girl 🦋🐬,"Sun, 03 Mar 2024 21:35:01 +0000",https://i.pinimg.com/originals/65/bb/0d/65bb0d82fa5ea8e6b7745f3954fc5a07.jpg,clean_girl_
AbYbZoDTUgkiIiiVzrASeAXS90fzCA9-9OtPbEXG_STWEQrX0o6FUkQRIMl3y2p12IHraRDOeF55o1n99FL3vq4,Hemd mit durchgehender Knopfleiste und Spitzeneinsatz,"Klassisches langärmliges Hemd aus Stretch-Popelin mit Biesen, Spitzeneinsätzen und Bindeschleife am Rücken. Durchgehender Knopfverschluss, Kragen. Perfekt für elegante und legere Looks! Slim Fit. Importiert.",hollisterco.com,Products,"Wed, 17 Dec 2025 12:20:41 +0000",https://i.pinimg.com/originals/c4/f2/1c/c4f21cfa798e66f13975670256834ad5.jpg,clean_girl_
AeYq2-uFkPzpwV6zUJKkP1Le3vtZTnl5xLeH4NHuMks2ClMXPTjLiWuTHkZryOiWRvl331PJdN65I8ngWylU7eY,Herbst-Winter Elegantes Unifarbenes Rundhals-Pullover-Oberteil HW915,"kostenloser Versand, schnellerer Kundendienst",temu.com,Products,"Sun, 14 Dec 2025 16:53:53 +0000",https://i.pinimg.com/originals/43/84/7a/43847ad67c3223adebb01d58bee6ae33.jpg,clean_girl_
AeyR31DlysXsuB4RnP0uDWRSkNnQ_KVmIgnOvQKy74_usa09fqwHCoOkRufy6ZXuVxUIvjUd2sl-ECduvz0w1ag,Starlight Necklace - Gold Color,"Turn heads wherever you go with our Starlight Necklace. This sleek and dainty statement piece is not just eye-catching, but incredibly versatile. Whether you're catching rays at the beach or dressing up for a romantic date night, this necklace has got you covered! Zirconia stone Charm size : 12mm x 7mm Chain length : 45 + 5cm | 18"" + 2"" extender Premium Stainless Steel + 18k gold PVD coating Waterproof & Sweatproof : Shower, swim and exercise with it, the color remains perfect Hypoallergenic & L",atoleajewelry.com,Products,"Thu, 27 Mar 2025 15:00:09 +0000",https://i.pinimg.com/originals/06/be/81/06be81bbd0b587d6c1dbe1c01ff52103.jpg,clean_girl_
68749644641,@ELLE,,Uploaded by user,-☀️-,"Sun, 28 Dec 2025 20:11:07 +0000",https://i.pinimg.com/originals/db/53/94/db5394554c71b67d907933a483aa5c4c.jpg,clean_girl_
211174978950703,,,Uploaded by user,2026 Vision Board,"Tue, 23 Dec 2025 17:58:08 +0000",https://i.pinimg.com/originals/84/f2/97/84f2977b92e27d8ce41f633d890ac618.jpg,clean_girl_
1970393583801778,,,Uploaded by user,Clean Girl,"Mon, 13 Oct 2025 21:54:43 +0000",https://i.pinimg.com/originals/fb/93/ad/fb93adb4bde4c9bf602ceb50e6197255.jpg,clean_girl_
82120393199941882,,,Uploaded by user,vibes🥂,"Sat, 13 Jan 2024 06:17:01 +0000",https://i.pinimg.com/originals/98/1f/34/981f34ced770a5e2870a97b6945543a6.jpg,clean_girl_
6966574421254551,,,Uploaded by user,2026 vision board,"Thu, 18 Dec 2025 23:05:27 +0000",https://i.pinimg.com/originals/75/83/8f/75838f033687b1bba1ba5476adfb800d.jpg,clean_girl_
492649954648427,,"The ultimate self care guide for all my girlies 🩷  QOTD: would you rather eat a bowl of fruits or salads? . . . . . .  [self care, meditation, skin care, hair care, pilates, workout, reading, books, soft girl aesthetic, cozy, clean girl aesthetic, health, music]  . . . #selfcarethreads #nichememes #nichesmeme #selfcareguide",instagram.com,January 2026🪡📚🏃🏼‍♀️🚙,"Wed, 24 Dec 2025 19:40:56 +0000",https://i.pinimg.com/originals/8f/4e/19/8f4e19bfc95374bacdee303b7606812d.jpg,clean_girl_
1970393583997613,How to be a clean girl,#CleanGirlAesthetic #CleanGirlRoutine #MinimalistBeauty #HealthyHabits #GlowUpTips #SelfCareRoutine #CleanLiving #BeautyEssentials #FreshFace #SkinCareGoals #DailyRoutine #NaturalBeauty #CleanLifestyle #HealthyLiving #MinimalistLiving #BeautyTips #SimpleBeauty #CleanGirlTips #EffortlessBeauty #wellnessjourney,Uploaded by user,+▼>⁠♡˖⑅✧tipssss,"Mon, 22 Dec 2025 08:24:58 +0000",https://i.pinimg.com/originals/fe/5a/f5/fe5af56a5d0a8114b1f089496f625318.jpg,clean_girl_
3448137210495268,,,Uploaded by user,2026,"Wed, 31 Dec 2025 08:59:20 +0000",https://i.pinimg.com/originals/f1/1e/92/f11e92354cdcf0c5d29ef5eeea921574.jpg,clean_girl_
140806231266816,Reading in bed aesthetic,,youtu.be,wellness,"Wed, 28 Dec 2022 16:49:34 +0000",https://i.pinimg.com/originals/a1/a0/2f/a1a02fdeb88fd51cd77f134d3ea9f7ad.jpg,clean_girl_
1970393583997616,,.clean girl.,Uploaded by user,+▼>⁠♡˖⑅✧tipssss,"Mon, 22 Dec 2025 08:25:21 +0000",https://i.pinimg.com/originals/da/23/aa/da23aab6872633cb6252334da2539d92.jpg,clean_girl_
12807180186993581,,,Uploaded by user,core,"Mon, 05 Aug 2024 01:58:23 +0000",https://i.pinimg.com/originals/29/0c/44/290c44a1b1f0fb617a23899a1283ae39.jpg,clean_girl_
211174979009133,,,Uploaded by user,2026 vision,"Mon, 12 Jan 2026 00:09:46 +0000",https://i.pinimg.com/originals/73/30/a9/7330a9961877a9b2928e1e9e9e85b5e4.jpg,clean_girl_
422281211829007,Selfcare,#collage #selfcare #aesthetic #girlboss #wellnessgirl #wellness #selflove,Uploaded by user,Aesthetic,"Tue, 08 Jul 2025 04:20:29 +0000",https://i.pinimg.com/originals/33/34/c2/3334c250b241da9b46fad8853f9c82e3.jpg,clean_girl_
940056122242524735,Clean girl lifestyle,#cleangirl#viral#lifestyle,Uploaded by user,Épingles créées par vous,"Fri, 16 Jan 2026 15:20:32 +0000",https://i.pinimg.com/originals/33/a4/34/33a43416bd6e57d116b29a964e418a8e.jpg,clean_girl_
6614730699093429,,𝓒lean 𝓖irl ⋆˚𝜗𝜚˚⋆,Uploaded by user,Clean beauty,"Thu, 11 Dec 2025 07:35:16 +0000",https://i.pinimg.com/originals/41/b5/16/41b5163445a57fd2a3b1152900ce32a7.jpg,clean_girl_
6685099442022133,,,Uploaded by user,Glam,"Sun, 30 Nov 2025 01:46:16 +0000",https://i.pinimg.com/originals/7f/bc/8d/7fbc8dcc9cb6f66042b18298073ac655.jpg,clean_girl_
142637513194586877,,,Uploaded by user,inspo,"Tue, 11 Feb 2025 21:57:25 +0000",https://i.pinimg.com/originals/3c/2a/3a/3c2a3a0b54e12c7efc71440f09ec70bc.png,clean_girl_
3588874696983637,🧸,clean girl aesthetic clean girl outfits clean girl clean girl room clean girl aesthetic outfits clean girl hairstyle clean girl skincare skincare routine skincare steps,Uploaded by user,Kunter bunter ADHS Mix 🫨💞,"Fri, 13 Dec 2024 23:26:04 +0000",https://i.pinimg.com/originals/32/07/37/320737c49e005cef8268c6185a5a4d79.jpg,clean_girl_
15199717491618422,,Clean Girl,Uploaded by user,Clean girl vibe,"Thu, 16 Oct 2025 19:54:07 +0000",https://i.pinimg.com/originals/79/03/c9/7903c93ea3685de141313c37647ad60b.jpg,clean_girl_
11892386513821765,,,amazon.com,clean look🤎,"Sat, 17 Jan 2026 12:01:56 +0000",https://i.pinimg.com/originals/d5/09/90/d50990f9295c6495a0cfc60964af7304.jpg,clean_girl_
4574037118172124,rhode,abigail milov,Uploaded by user,2026,"Sat, 27 Dec 2025 23:43:03 +0000",https://i.pinimg.com/originals/6c/e4/e2/6ce4e290f024eee32b81ca1494339480.jpg,clean_girl_
68398488087733840,2024 girls 💅🏻💗,2024 girls 💅🏻💗,boredpanda.com,2026 vision board,"Tue, 20 Jan 2026 17:48:08 +0000",https://i.pinimg.com/originals/02/07/8e/02078e19b1bca9d6bd4197aaf043b996.jpg,clean_girl_
151081762494972117,,,Uploaded by user,Fashion,"Sat, 25 Oct 2025 21:55:38 +0000",https://i.pinimg.com/originals/03/d6/d8/03d6d8dc7efef1ae458df5d2247c9e2c.jpg,clean_girl_
6333255724662746,,,Uploaded by user,Vision board inspo 🔋,"Fri, 26 Dec 2025 14:53:19 +0000",https://i.pinimg.com/originals/06/c4/8e/06c48ef1abf2b2281a30ab92980e2d9f.jpg,clean_girl_
15340454977191275,,clean girl 🌷✨️🎀,Uploaded by user,clean girl,"Tue, 25 Mar 2025 02:34:26 +0000",https://i.pinimg.com/originals/82/f8/b8/82f8b83ad1742cf95ee416877eafc804.png,clean_girl_
AQp3uSriNpejhtv-CKT8rw6jMDr5CpyyZ9RNFHiDTUbTmYFSk3vQgMAYCfaodsmU8ONocNQKpflrIAFHQ9Sm9RE,Nr. 1 Schwangerschaftsvitamine* ab Kinderwunsch.,"*Basierend auf einer internen Analyse von Procter & Gamble unter Verwendung von Daten aus der folgenden Quelle: IQVIA Global OTC Insights, 04A4 M/Vit+Miner Perinatal + 04B4 M/Vit W/O Miner Perinatal*; CE/W Europa (27 Länder) Umsatzvolumen nach Marken für den MAT Juni 2024 unter Berücksichtigung von Schätzungen der realen Aktivität. Copyright IQVIA. Alle Rechte vorbehalten.",shop-apotheke.com,Ad-only Pins,"Wed, 01 Oct 2025 14:46:27 +0000",https://i.pinimg.com/originals/44/cf/0a/44cf0af14cc99abb54f263ab6ece821e.jpg,clean_girl_
1618549863842228,Clean girl,Clean girl aesthetic #cleangirl,Uploaded by user,Healthy lifestyle inspiration,"Tue, 18 Feb 2025 14:25:21 +0000",https://i.pinimg.com/originals/27/a1/54/27a15456615b6ad1f93be9a7d5fd1b66.jpg,clean_girl_
AcHBjTjTFWmwqyXhAj7OlInTPRqxuwifL47emdXbbxmFBcT9zUPxdP_18Hz40KEYnSC1uk6ksvS2QRn7Ah0d1Y0,Doppelter Schutz für die Haut und gegen Auslaufen!,Von Babys empfohlen!,pampers.de,Ad-only Pins,"Mon, 07 Oct 2024 15:15:41 +0000",https://i.pinimg.com/originals/7b/c7/ff/7bc7ff720cd2eec8f6b5cb1a89aeac65.png,clean_girl_
1125968684410112,,"neutral aesthetic, clean girl aesthetic, that girl habits, journaling, self care, papier #papier #neutralhomedecor #cleangirl #thatgirlmorningroutine #selfcare #selfcareroutine",Uploaded by user,2024 That Girl,"Fri, 22 Nov 2024 15:29:08 +0000",https://i.pinimg.com/originals/b9/73/4c/b9734cc0d38c55ae77ec4812cc159187.jpg,clean_girl_
AaEBwKUgCnnXRJy17y8oWEL44HdI_cNm8jUsUEk5xVcXaIlTBGSIywWVIVSuIefajgxJGNCXRAU-ItPSDhXta_A,The Santal Floral Dress: As seen on Mimi Arr,"The Santal Floral Chiffon Halter Maxi Dress is an ethereal silhouette designed for movement and ease. Featuring a soft cowl neckline with a halter neck secured by three buttons, it drapes effortlessly across the body for a graceful finish. Diamante trims at the front waist add a touch of sparkle, while a detachable scarf at the neck offers versatile styling options. Fully lined for comfort and cut to a maxi length, this dress embodies timeless femininity with a modern edge.",meshki.com.au,Ad-only Pins,"Sun, 07 Dec 2025 22:08:11 +0000",https://i.pinimg.com/originals/73/53/61/735361a8bcf769feff8e7c7fec230fc9.jpg,clean_girl_
1055599908114493,,,Uploaded by user,Bookends,"Mon, 31 Mar 2025 03:36:45 +0000",https://i.pinimg.com/originals/68/9c/4f/689c4f8b50dfaa3389a556f627a33c55.jpg,clean_girl_
3237030978605632,✨ Clean Girl Skincare Routine After Shower | Glow & Self-Care Tips 💖,"✨ Get your clean girl glow after shower! Simple skincare tips for radiant, fresh, and healthy-looking skin 💖💆‍♀️ #CleanGirlVibes #GlowSkin #SelfCare #BeautyRoutine",Uploaded by user,lifestyle,"Sun, 21 Dec 2025 20:07:14 +0000",https://i.pinimg.com/originals/1f/bc/ca/1fbcca273af5de7d49674e4d92da2fb0.jpg,clean_girl_
AQNTmZLn3teKcgjJYdxuvh3TcNSKz7GvxUgHiPmEFbgdHNcq0LS60sVUDFl5lYS0xj8twpS5v9NSQjVzfzCOtKQ,Jetzt anfangen!,Mach das 1-minütige Quiz und hol dir deinen persönlichen Plan 🥗 🥑🍎,quiz.betterme.world,All,"Thu, 15 Jan 2026 15:33:16 +0000",https://i.pinimg.com/originals/9b/31/4a/9b314a5cf3ee5cb96c1a56a364f7582b.png,clean_girl_
1055599909025164,,,Uploaded by user,A 2026 Vision,"Mon, 29 Dec 2025 21:35:53 +0000",https://i.pinimg.com/originals/3d/44/60/3d4460ae31160535447ed341c12d124f.jpg,clean_girl_
AaDkpKxrKkp1atVwjGP59RADoUt0co9nz419gxDC1c2-IKDXjOyle2aEvoD35pXbdfIupvmJLaRdHbX3Bm8P4YU,Stylish & Timeless: Deine neuen Must-Haves von Hey Marly!,Verleihe deinem Look das perfekte Finish mit der eleganten Handtasche und den chicen Schuhen von Hey Marly. Komfort trifft auf Stil – jetzt entdecken! ✨👜👠,heymarly.com,Ads - Bags,"Tue, 28 Jan 2025 09:00:58 +0000",https://i.pinimg.com/originals/70/78/d8/7078d8677462cfafb1392d1d2095d8a1.jpg,clean_girl_
ASZHICmpDgOVNXD-RQZUOUrbqVSU5NGDOnpp1ekO29zln1q2eLcXNrkrQYEL55fWn8ypoSqfomKGlEYB-s0sVrA,"Gesundes langes Haar? YES, PLEASE!😍","Stärkt die Haarstruktur & reduziert Spliss – für gesundes, langes Haar 💕 Die NIVEA Length Wonder x Leni Klum Limited Edition💫",amazon.de,Nur als Anzeigen gedachte Pins,"Fri, 14 Nov 2025 11:05:57 +0000",https://i.pinimg.com/originals/34/3e/7a/343e7abd05675d6a20350545d72cc044.png,clean_girl_
53480314319786564,Vitamins for clear skin 🤍,,sites.google.com,Michaela dream board,"Tue, 06 Jan 2026 17:50:31 +0000",https://i.pinimg.com/originals/2c/6b/f5/2c6bf5fac7f74557f4fce93a3e4b09a0.jpg,clean_girl_
23292123067962027,,,Uploaded by user,2026 ✨🌙🍒,"Wed, 31 Dec 2025 18:43:17 +0000",https://i.pinimg.com/originals/ed/53/39/ed5339c84492bd604d1ef9f3c43898d4.jpg,clean_girl_
4925880838955494,,,Uploaded by user,iResolution: 2026,"Thu, 04 Dec 2025 20:39:30 +0000",https://i.pinimg.com/originals/3a/de/12/3ade12120e95c0ed2904db9920277ec2.jpg,clean_girl_
7529524373180123,,Home diaries 🪽🍦🎀💞  #pinterestinspo #pinterestpics #recreate #pilates #girlygirly,instagram.com,This is me Maelie,"Sat, 29 Nov 2025 01:44:15 +0000",https://i.pinimg.com/originals/c0/a3/2f/c0a32f547de639fb075dadaf2fdcd23b.jpg,clean_girl_
703756188725303,Clean Girl Tips 💫,,Uploaded by user,Fynn apothecary,"Tue, 21 Oct 2025 02:04:50 +0000",https://i.pinimg.com/originals/f5/b9/26/f5b9267ffd299a6000554acfb4a27785.jpg,clean_girl_
281543726561213,,,Uploaded by user,2026,"Tue, 13 Jan 2026 12:02:11 +0000",https://i.pinimg.com/originals/39/44/99/3944990db40836b9139cbd1acd231d56.jpg,clean_girl_
126523070778643841,,,Uploaded by user,Moodboard 2026,"Sun, 28 Dec 2025 17:55:10 +0000",https://i.pinimg.com/originals/98/dd/a8/98dda872a2e8c42837f633f6f9178103.jpg,clean_girl_
3096293491130090,,,Uploaded by user,Vision board,"Mon, 29 Sep 2025 19:42:11 +0000",https://i.pinimg.com/originals/e3/48/df/e348df17da36aeeb11746b7a5f1e15a3.jpg,clean_girl_
351912467003769,That girl morning skincare aesthetic,"Skincare routine, Beauty tips, Clean skincare, Natural beauty, Organic skincare, Anti-aging skincare, Daily skincare routine, Skincare products, Beauty essentials, Glow up tips, Korean skincare, Cruelty-free skincare, Facial skincare, Acne treatment, Skincare hacks, Skincare goals, Skin care routine, Beauty regimen, Skin care tips, Skincare secrets, Self-care routine, Beauty inspiration, Skincare for beginners, Healthy skin care, Brightening skincare, Skincare trends, Clear skin tips, Skincare rituals, Skin care advice, Celebrity skincare routines, skincare aesthetic, that girl skincare, clean girl skincare, clean girl aesthetic, clean girl skin, hailey Bieber skin,",Uploaded by user,2026 vision board,"Tue, 30 Dec 2025 23:13:15 +0000",https://i.pinimg.com/originals/9b/8d/df/9b8ddf866d9150433f563ab9919d58b6.jpg,clean_girl_
102456960270836071,🥒🧊✨🍵🎧,#cleangirl #cleangirlaesthetic,Uploaded by user,Essen,"Mon, 12 Jan 2026 13:48:17 +0000",https://i.pinimg.com/originals/8c/9d/4a/8c9d4a84b55f215acca6f73ff7cb62a7.jpg,clean_girl_
15058980000417714,,,Uploaded by user,Visión bord,"Wed, 31 Dec 2025 20:23:58 +0000",https://i.pinimg.com/originals/1d/fb/9c/1dfb9c50f80443a6a14c4a0e8330060b.jpg,clean_girl_
985231163465309,,,Uploaded by user,happy 🧺 🧦 🛁 homey,"Sat, 15 Jun 2024 20:57:55 +0000",https://i.pinimg.com/originals/bd/4f/d0/bd4fd0c9b707a97b00e0844491828a4c.jpg,clean_girl_
23925441768594968,,(9) Instagram,instagram.com,Girly Aesthetic 💗🌸💐💄🍬🎀👛🩰,"Tue, 11 Nov 2025 22:36:37 +0000",https://i.pinimg.com/originals/5b/9a/9b/5b9a9b3988ba2bff97dce2f43437e48e.jpg,clean_girl_
AZ_UGNDGBMYzZrNPTLQ1mrjYWuYEklezV_rJZa9t7xWqzDgjjBPECW8db45wPW6iaWYKYBSPQ1ydOP-67jELEiw,So viel Qualität mit so vielen °Punkten.,"Immer die Qualität finden, die du suchst. Mit extra PAYBACK °Punkten und zu Top-Preisen. Das ist was für dich? Dann geh doch zu Netto!

#nettomarkendiscount #danngehdochzunetto #payback",netto-online.de,Ad-only Pins,"Mon, 22 Dec 2025 09:59:13 +0000",https://i.pinimg.com/originals/36/a0/ba/36a0ba5891aaefb2a31f968b7a355372.jpg,clean_girl_
12033124000013120,,,Uploaded by user,girly 🎀,"Mon, 05 Jan 2026 16:09:21 +0000",https://i.pinimg.com/originals/47/d9/ff/47d9ff788cb73fb90a73a220789c9f76.jpg,clean_girl_
3588874698173105,,cozy time ☁️🎀🫖💖  #explorepage #inspo #viral #trend #girls #cuteaesthetic #outfitinspo #pinterestgirl #pinterest #pinterestinspired #interior #girls #home #cleangirl,instagram.com,Soft girl era,"Fri, 16 Jan 2026 13:37:29 +0000",https://i.pinimg.com/originals/5f/af/12/5faf12bc5a7bd2c4aafbf9280271488a.jpg,clean_girl_
12033123997666415,Girl therapy 🎀🌧️🧸🩷🎧,#girlboss #girl #aesthetic #paris #coquette #coquettestyle #pinkaesthetictheme,instagram.com,2024 mood board,"Sun, 24 Dec 2023 05:08:16 +0000",https://i.pinimg.com/originals/06/a7/e8/06a7e87a0a09845201c1e01561be2781.jpg,clean_girl_
AZg9MuWU2NStr7SQ6Ny1hiSo2PvngdWMJLQVRF2LU9p3eNKIltjKNRbl43w4z5aqLYy8Qsq-mhHUUYJi7KK5ALk,Brillance Haar Glossing,Schwarzkopf BRILLANCE Haar Glossing Kühles Blond,schwarzkopf.de,Ad-only Pins,"Tue, 16 Dec 2025 12:18:20 +0000",https://i.pinimg.com/originals/67/e1/59/67e159a0d8eb7a4fc30dc8452acef4e3.png,clean_girl_
3237030978649426,,,Uploaded by user,lifestyle,"Mon, 05 Jan 2026 05:02:28 +0000",https://i.pinimg.com/originals/3c/6e/4b/3c6e4bed9ffe5cd15d428be909dda080.jpg,clean_girl_
13088655163253669,Clean girl aesthetic🎀🎀,"🎀🎀 Get up, and become the Clean girl of every boy dreams 🎀🎀  Clean girl, clean girl aesthetic, pretty, beautiful, inspo, inspiration #clean",Uploaded by user,🌸 clean girl,"Sat, 04 Oct 2025 05:41:41 +0000",https://i.pinimg.com/originals/03/d3/78/03d378c8212926ea8b2fc1a2725fa8d3.jpg,clean_girl_
AUoPDgj7coeL2X-fHQD4phAsLBIzmvxo2gqvt-XJroJP5jigiSiRg5WCQMoRfhY7AuINNh-66mof3Q4B_IZGtjg,Wie einfach und schnell ist dein Boxenstopp?,Mit bequemer 360° Passform.,pampers.de,Ad-only Pins,"Mon, 24 Nov 2025 13:03:38 +0000",https://i.pinimg.com/originals/4d/dd/fd/4dddfdb0133c3f9d417c140657604d2d.jpg,clean_girl_
AX_EbmoA_VQsfjKE0emDMxfvCYtGx3cgHEgH5uabSMVSpeMRMYzBnjZB0SkQkz7BP0LPzpOSt_iRdNUknvlTn_o,Entdecke den neues Must-Have für langes Haar 💫,"Limited Edition Alert! 😍 Langes Haar, glänzend schön – hol dir NIVEA Length Wonder x Leni Klum, bevor sie weg ist 💫",amazon.de,Nur als Anzeigen gedachte Pins,"Fri, 14 Nov 2025 11:35:37 +0000",https://i.pinimg.com/originals/44/55/8b/44558b6f964eb11158e234fe2a4bebc2.png,clean_girl_
353743745754269197,,,Uploaded by user,clean girl,"Sun, 28 Dec 2025 03:44:05 +0000",https://i.pinimg.com/originals/4e/d1/3f/4ed13f293263f1c2044e7bda947d6600.jpg,clean_girl_
1970393582247716,,"@laurabusander -vanilla girl, it girl, stockholm style, copenhagen style, scandinavian style, stockholm stil outfits, clean girl, that girl aesthetic, cute clothes, feminine style, pink aesthetic, girls photography, beauty, makeup inspo, women hairstyles, healthy",amazon.com,Outfits,"Fri, 25 Oct 2024 14:00:09 +0000",https://i.pinimg.com/originals/55/88/2a/55882ade95b9391cc2f9e18dcc5d8159.jpg,clean_girl_
19281104652795885,,,Uploaded by user,Visión board 2026,"Wed, 07 Jan 2026 18:27:20 +0000",https://i.pinimg.com/originals/f4/68/5b/f4685b6c5a3e5ecf5c78a08a7fa89120.jpg,clean_girl_
1688918606908265,,,Uploaded by user,Vision board,"Tue, 30 Dec 2025 20:10:48 +0000",https://i.pinimg.com/originals/14/3e/ff/143eff7cd5e4c1cf78106d077dbbaf8c.jpg,clean_girl_
1266706141585222,ablagdonn,ablagdonn not mine!! #explore #explorepage #aesthetic #cute #girl #trendy #pretty #sunset #travel #sun #summer #tan #tanlines #lifestyle #life #christian #cleangirl #grey #thatgirl #calm,Uploaded by user,lifestyle,"Tue, 25 Nov 2025 15:45:51 +0000",https://i.pinimg.com/originals/9f/3b/49/9f3b49bd6234660117ea13b73091c981.jpg,clean_girl_
26177241580823952,reading make you calm,,Uploaded by user,Books,"Mon, 19 Jan 2026 04:07:22 +0000",https://i.pinimg.com/originals/c5/e3/9c/c5e39c79450c429f60d336232175fb3a.jpg,clean_girl_
AQE_fJJs-JrX4nrhKq-HDHDBkku2CZ7K2mBEq_5JxcZVnTIjYAzV-qKWsHP8eW4FtDl07TNd7bMcpDw3lf0GtQk,Nr. 1 Schwangerschaftsvitamine* ab Kinderwunsch.,"*Basierend auf einer internen Analyse von Procter & Gamble unter Verwendung von Daten aus der folgenden Quelle: IQVIA Global OTC Insights, 04A4 M/Vit+Miner Perinatal + 04B4 M/Vit W/O Miner Perinatal*; CE/W Europa (27 Länder) Umsatzvolumen nach Marken für den MAT Juni 2024 unter Berücksichtigung von Schätzungen der realen Aktivität. Copyright IQVIA. Alle Rechte vorbehalten.",shop-apotheke.com,Ad-only Pins,"Wed, 01 Oct 2025 14:46:26 +0000",https://i.pinimg.com/originals/72/35/ff/7235ffbe12cae1b678939406dc9cf445.jpg,clean_girl_
11470174045803031,"White silk 🤍 👉TAP👈 for more pictures on Instagram post ✨ outfit ideas, loungewear, Aesthetic",,instagram.com,H&B 👼🏻✨🤍,"Fri, 01 Nov 2024 17:26:49 +0000",https://i.pinimg.com/originals/c8/e0/ea/c8e0ea852c468831d7675c9e290fd8c9.png,clean_girl_
56295064088709050,,,Uploaded by user,+ STELLA +,"Mon, 12 Jan 2026 23:54:30 +0000",https://i.pinimg.com/originals/46/e9/84/46e98492a8c5f4b620219c6c3fce3221.jpg,clean_girl_
106608716174228103,it actually so helpful!,+ it gives u tips at the end on where to shop,astyleset.com,Stuff,"Sun, 18 Jan 2026 20:35:09 +0000",https://i.pinimg.com/originals/2d/dc/a7/2ddca77be6ee43d42cffb922074f3d03.png,clean_girl_
702772716889450830,,,Uploaded by user,Yagmur💋,"Tue, 27 May 2025 21:38:32 +0000",https://i.pinimg.com/originals/6d/5d/c4/6d5dc475c6a7d6a3fea690d0774ee910.jpg,clean_girl_
22869910603906434,,,Uploaded by user,Peach’s Board,"Tue, 17 Jun 2025 15:52:30 +0000",https://i.pinimg.com/originals/4d/ee/c1/4deec13523c8ee9d12f821b663600598.jpg,clean_girl_
4011087177238978,,"clean girl aesthetic, wellness aesthetic, fitness vision board, clean girl, fitness aesthetic",Uploaded by user,Business aesthetics,"Tue, 17 Sep 2024 23:13:10 +0000",https://i.pinimg.com/originals/ed/72/be/ed72beb3508765a460585494e0004003.jpg,clean_girl_
5418462046342026,perfect clean girl makeup look,,medium.com,makeup,"Fri, 14 Feb 2025 22:48:50 +0000",https://i.pinimg.com/originals/11/68/65/116865614a9368b97079b1198153176b.jpg,clean_girl_
4574037118172128,,,Uploaded by user,2026,"Sat, 27 Dec 2025 23:43:39 +0000",https://i.pinimg.com/originals/f0/be/5b/f0be5b8f3d0c7181587422feade884a4.jpg,clean_girl_
1125968743114048,,,Uploaded by user,Clean Girl,"Wed, 22 Oct 2025 10:49:23 +0000",https://i.pinimg.com/originals/a7/42/23/a74223e9b2e956d0db984a7ead60a8a6.jpg,clean_girl_
2392606045933075,healthy lifestyle,,Uploaded by user,clean girl 🌿,"Wed, 13 Sep 2023 15:57:03 +0000",https://i.pinimg.com/originals/b0/a3/47/b0a3477c30ebe573aad6db8ca3f5e365.jpg,clean_girl_
9992430418755813,,,Uploaded by user,study motivation,"Mon, 12 Jan 2026 20:40:35 +0000",https://i.pinimg.com/originals/b4/3e/70/b43e702ba7046d8c395aa9d86848ab7d.jpg,clean_girl_
8866530511781619,,,Uploaded by user,Self care rituals,"Tue, 28 Oct 2025 23:31:17 +0000",https://i.pinimg.com/originals/93/a4/7b/93a47bb32277860c6f517cec1a00cc0a.jpg,clean_girl_
17240411069069547,,"clean girl, selfcare, facemask, slickback, minimalist, aesthetic, peace, relaxed, white",Uploaded by user,Skincare,"Fri, 10 Jan 2025 09:16:32 +0000",https://i.pinimg.com/originals/89/29/24/89292468d9623727f1d2ff56a0dbd42d.jpg,clean_girl_
36310340744886055,Clean girl aesthetic,,Uploaded by user,aesthetic Collagen🪞🌷,"Fri, 26 Dec 2025 17:54:07 +0000",https://i.pinimg.com/originals/cf/b0/f7/cfb0f74ae2195b529e7ffbaa6dc9640e.jpg,clean_girl_
AUgQZEOdZdaHBg0QWP8YsfbGCQECno8_QC9Ofk8I_ZC__dJKQrN__W_MEvmG9oz3mhmtPOiKbCWVsoM3mJITNYc,Always Ultra Binden mit neuer saugstarker Oberfläche,Always Ultra Binden mit neuer saugstarker Oberfläche und bewährtem Always-Schutz!,stage.always.de,Ad-only Pins,"Wed, 02 Jul 2025 12:33:44 +0000",https://i.pinimg.com/originals/ce/37/80/ce378071f36d04dcb88b19c848ac49df.jpg,clean_girl_
AUwbm7-gfHmL5KVUJlyjA0bYWR9Up6mq0oRLKrmIbu1mmDMdijITYYUPHrA35FTpgEMTsuq0m8cTw3PnGKNHILw,Lange Haare? Nicht lang warten!✨,Dein langes Haar wird’s lieben 💕 Die NIVEA Length Wonder Limited Edition mit der Powerformel aus Niacinamid & Shea Butter.,nivea.de,Nur als Anzeigen gedachte Pins,"Thu, 20 Nov 2025 17:54:22 +0000",https://i.pinimg.com/originals/56/7d/73/567d731f3ceb749ffb565979f400c903.png,clean_girl_
4503668373324206,Living with Purpose: How It Girls Align Their Space with Their Dreams,How It Girls Align Their Space with Their Dreams,everlastingfabric.com,outfits!,"Fri, 04 Jul 2025 19:05:17 +0000",https://i.pinimg.com/originals/27/99/e3/2799e3d86add00b1a21f5bb8a9b11605.jpg,clean_girl_
26880929021384773,,,Uploaded by user,Ellie✨2026💕,"Mon, 29 Dec 2025 20:06:38 +0000",https://i.pinimg.com/originals/b5/26/4b/b5264b6572674d73636ca9248c0bc8ac.jpg,clean_girl_
914862419248747,At home workout,,Uploaded by user,Vision board,"Mon, 13 Nov 2023 00:14:57 +0000",https://i.pinimg.com/originals/aa/5a/13/aa5a13c8002f48f56cd13c5252ed102e.jpg,clean_girl_
8796161770060021,🧺,,Uploaded by user,Things I find chic,"Tue, 11 Nov 2025 04:39:20 +0000",https://i.pinimg.com/originals/92/9d/af/929daf2ea50b3e4008a41fd11d2af748.jpg,clean_girl_
11892386513821760,ig: juliefelicc,"Vanilla Girl, it Girl, stockholm style, copenhagen style, scandinavian style, Stockholm stil, outfits, clean Girl, that Girl aesthetic, girls photography, Beauty, makeup inspo, woman hairstyles, Europe fashion, Old Money, european outfits, Europe style, blonde hair, pajamas,",instagram.com,clean look🤎,"Sat, 17 Jan 2026 12:01:19 +0000",https://i.pinimg.com/originals/03/19/d0/0319d01278e53b7c108de1bc80751ba0.jpg,clean_girl_
56576539063702781,,Aesthetic clean girl 🎀🧖🏻‍♀️💆🏻‍♀️,Uploaded by user,Clean girl,"Sun, 15 Dec 2024 14:57:44 +0000",https://i.pinimg.com/originals/21/75/37/217537ce14f48bdfb72d2421b81e3c4f.jpg,clean_girl_
1618549864892060,Skincare Time 🧴,#cleangirl #skincare #morning,Uploaded by user,Self Care,"Sun, 11 Jan 2026 06:02:40 +0000",https://i.pinimg.com/originals/88/4c/8b/884c8bfa3a09cc4cb1bedae8330fd8b6.jpg,clean_girl_
31173422418728969,🫧,,Uploaded by user,2026,"Tue, 23 Dec 2025 02:12:23 +0000",https://i.pinimg.com/originals/1e/ec/29/1eec2939f6a04fdda2aba00a27d4b8f5.jpg,clean_girl_
13370130139392651,,,Uploaded by user,SELF CARE BABY,"Tue, 06 Jan 2026 05:49:07 +0000",https://i.pinimg.com/originals/df/9e/16/df9e16c748478eb3066e6685656e339c.jpg,clean_girl_
281543726139505,"Manifest Your Ideal Life: Embrace Lifestyle Inspiration, Clean Girl Aesthetic, and Vision Boards","Manifestation: turning dreams into reality. 🌟 Find lifestyle inspiration, embrace the clean girl aesthetic, and create a vision board that guides your journey - our Etsy store is your one-stop shop! #Ad #Manifestation #Travel #VisionBoard #RealTalkQuotes",etsy.com,inner peace,"Mon, 01 Sep 2025 10:52:00 +0000",https://i.pinimg.com/originals/27/01/04/2701048fa1d564dd45c88bf35cc7acb5.jpg,clean_girl_
20618110790099825,,,Uploaded by user,vision board,"Sun, 28 Dec 2025 03:32:31 +0000",https://i.pinimg.com/originals/8a/ea/18/8aea18f6f831b98eada117f365f3e5b4.jpg,clean_girl_
8373949303760565,,,Uploaded by user,New year motto 2026,"Tue, 30 Dec 2025 19:57:59 +0000",https://i.pinimg.com/originals/61/c9/26/61c9260c3ef1007ff6cd83aefa99db41.png,clean_girl_
4362930884474595,,,Uploaded by user,Self care,"Sat, 27 Dec 2025 03:37:10 +0000",https://i.pinimg.com/originals/1b/a2/30/1ba2304bc1bad94e68e313c86fb63be9.jpg,clean_girl_
337629303335567629,,,Uploaded by user,Glow up,"Mon, 29 Dec 2025 01:02:20 +0000",https://i.pinimg.com/originals/f0/97/83/f0978336aac70f55f5be337795076adb.jpg,clean_girl_
9499849210203766,,,Uploaded by user,Wedding,"Thu, 11 Sep 2025 03:45:02 +0000",https://i.pinimg.com/originals/d9/c6/68/d9c668c89d7162b98c13098b4941e4a4.jpg,clean_girl_
113715959337737469,,she’s a clean girl 🍦🥥🤍 #cleangirl #vanillagirl #f4f #ifollowback,Uploaded by user,Stuff to buy,"Sat, 17 Jan 2026 22:12:58 +0000",https://i.pinimg.com/originals/6a/63/f1/6a63f1f72a9e1d7a36d169c16b9df8ff.jpg,clean_girl_
5066618328375771,,,Uploaded by user,2024 mood board 🪩😌🫧✨,"Wed, 27 Dec 2023 21:16:05 +0000",https://i.pinimg.com/originals/72/14/a1/7214a1f805b63ec814b7eaedbd337af2.jpg,clean_girl_
18155204744092337,Self care ☺️🪽🫧🌸,Clean girl self care days really are the bestttt 🫧,Uploaded by user,🌲how far I’ve come,"Tue, 16 Dec 2025 16:00:11 +0000",https://i.pinimg.com/originals/a2/b3/be/a2b3be509a52f2b13490267f6989c46e.jpg,clean_girl_
281543726139985,Clean girl,#cleangirl  #thatgirl,Uploaded by user,vision board -study motivation,"Mon, 01 Sep 2025 13:36:54 +0000",https://i.pinimg.com/originals/b7/41/c8/b741c8c7714ac765ab2b4a17c76c10a5.jpg,clean_girl_
68749640794,,,Uploaded by user,Visionboard,"Sat, 27 Dec 2025 13:11:19 +0000",https://i.pinimg.com/originals/50/71/c2/5071c2ed85a4281322a6fb0bfdd033e0.jpg,clean_girl_
7459155630238273,,,Uploaded by user,New year new me x,"Fri, 02 Jan 2026 18:44:13 +0000",https://i.pinimg.com/originals/6a/a9/71/6aa9718a130c831a467f17680c24c00f.jpg,clean_girl_
AVostzxJ3gmTqaeHY8JtrZBJfQ8Vxjj0E04XVdP1JV1LMBfcQ63BtIsowcKp2i2qjO3OOcxx-6I19mY0Ta7buiQ,,,ad.doubleclick.net,Ad-only Pins,"Wed, 21 Jan 2026 09:10:23 +0000",https://i.pinimg.com/originals/38/da/ac/38daac910096b6da74873fa6aeaa9c9b.jpg,clean_girl_
135248795057594471,,,Uploaded by user,Wish lists,"Tue, 09 Dec 2025 23:41:41 +0000",https://i.pinimg.com/originals/88/96/59/8896597bee1fecb46c8a66033cf22762.jpg,clean_girl_
2674081024511506,,,Uploaded by user,0 THE,"Sat, 26 Oct 2024 15:34:12 +0000",https://i.pinimg.com/originals/b2/6c/59/b26c596b0cd6085a44f160461e95d290.jpg,clean_girl_
281543725077435,,,Uploaded by user,Diese Alina,"Tue, 21 Jan 2025 15:03:37 +0000",https://i.pinimg.com/originals/7a/27/a0/7a27a0ca596b340d5c842fb3c7226795.jpg,clean_girl_
346777240263326687,10 Secrets to Achieving the Clean Girl Aesthetic in 2025 17,"Discover the top 10 secrets to achieving a timeless clean girl aesthetic in 2025! Embrace the elegant clean girl aesthetic with simple silhouettes and minimalistic details inspired by Skandinavian fashion. From effortless skincare routines to must-have girl stuff aesthetic essentials, these tips are perfect for anyone exploring clean girls aesthetics that stand the test of time. Whether you’re new to the clean girl lifestyle or looking to refine your look, these secrets will help you curate a...",planetgains.com,a vibe,"Wed, 26 Feb 2025 19:55:45 +0000",https://i.pinimg.com/originals/e7/da/ff/e7daffbaaa49ea94c5adc9c3f94047e8.jpg,clean_girl_
AU8vsxAQeqESoTG4BIKlyd7CHBgVQFLurNiPNwwam03aMdiDpH3MdB3eCoDBTChJYsD7xQpvRUFc4GFzjcHdli4,The TEDDY sofa in Emerald,"A sofa you actually live on.
TEDDY in Emerald feels playful and relaxed.
Jenni Spassov at home.",omhucph.com,Ad-only Pins,"Mon, 15 Dec 2025 14:56:01 +0000",https://i.pinimg.com/originals/29/58/61/2958613a694421a020d1e476e8839ab7.png,clean_girl_
ASxEOc0nAlYIoRM1Mo7whtG6qc-XDrHLU-J4APO-ZjQFUwyJr2DLkpTJS-29XWIHLlQX_g597yPtzFxuI6lQ7lI,Dein neuer Long-Hair Fav! 🔥,"Langes starkes Haar, starke Formel: Niacinamid + Shea Butter.✨ Die neue NIVEA Length Wonder x Leni Klum Edition 💫",amazon.de,Nur als Anzeigen gedachte Pins,"Fri, 14 Nov 2025 11:02:37 +0000",https://i.pinimg.com/originals/e2/9e/c4/e29ec4df5fd539d1bfb86736efa37545.png,clean_girl_
174584923051007853,,,Uploaded by user,2026 vision board,"Fri, 19 Dec 2025 00:01:15 +0000",https://i.pinimg.com/originals/a4/e9/d2/a4e9d280f5034267a88eae38bc1a9977.jpg,clean_girl_
351912466992431,Работа с желаниями,"Найдите свои истинные желания, и научитесь исполнять даже самые дерзкие из них легко с помощью специальной техники. 5 коучинговых и психологических практик, которые помогут найти ваши желания.",vesnawoman.ru,2026 Vision board,"Sat, 27 Dec 2025 00:29:44 +0000",https://i.pinimg.com/originals/2c/07/6d/2c076da1abc6a677a93debb3bdf76d0a.jpg,clean_girl_
109704940921203840,,,Uploaded by user,fit,"Mon, 15 Dec 2025 12:02:35 +0000",https://i.pinimg.com/originals/aa/23/21/aa2321c584af77f36a54ef20b8131193.jpg,clean_girl_
4925880839048375,,,Uploaded by user,RE Spa Room,"Sun, 04 Jan 2026 17:47:04 +0000",https://i.pinimg.com/originals/00/40/56/0040564c87551429dddc613d5a3a9f96.jpg,clean_girl_
5840674511668589,Clean Girl Morning,"clean girl morning routine, clean girl morning, clean girl morning routine school, clean girl morning aesthetic, clean girl morning routine weekend, clean girl morning routine 5 am, clean girl morning routine for school, clean girl morning routine aesthetic,morning routine, morning routine aesthetic, morning routine youtube, morning routine school, morning routine productive, morning routine teenage girl,clean girl aesthetic,soft girl aesthetic,girly aesthetic,coquette,pink pilates princess,gossip girl aesthetic,girly things,sunday vlog,aesthetics,morning rituals,lucky girl syndrome,diary,morning diaries,evening routine,after school routine,that girl morning routine,productive routine,glow,spring morning routine,fit inspo,girly girl",Uploaded by user,✨️Eu✨️,"Sun, 12 Oct 2025 02:12:13 +0000",https://i.pinimg.com/originals/92/a7/1c/92a71cf093901de9df1a4066a3b3a6b8.jpg,clean_girl_
1759287348577575,,,Uploaded by user,Matcha,"Mon, 21 Jul 2025 04:12:17 +0000",https://i.pinimg.com/originals/41/28/7d/41287d58944c49edb0666c5354ef5213.jpg,clean_girl_
4362930884284867,,girly finds linked from amazon,amazon.com,2025,"Mon, 27 Oct 2025 00:11:04 +0000",https://i.pinimg.com/originals/c2/b7/df/c2b7dff3f99b31512b4beb1cdb746362.jpg,clean_girl_
985231161497247,Hot Girl Walk,,Uploaded by user,2023 vision board🪩💗✨,"Wed, 28 Dec 2022 01:21:28 +0000",https://i.pinimg.com/originals/3a/d9/21/3ad921f2de922f77ae5608fff2dd139e.jpg,clean_girl_
5770305769517945,19 Secrets to Smelling Expensive (Even When You’re Just in a Hoodie),19 Secrets to Smelling Expensive (Even When You’re Just in a Hoodie),yourgirlknows.com,2026,"Thu, 04 Dec 2025 21:53:50 +0000",https://i.pinimg.com/originals/92/98/e2/9298e27e71d6e2436385061fcee8dc58.png,clean_girl_
44050902600106679,,,Uploaded by user,2026,"Wed, 24 Dec 2025 03:32:43 +0000",https://i.pinimg.com/originals/9e/5c/f7/9e5cf79e78818fb982163baa51f5208c.jpg,clean_girl_
10133167906743059,,,Uploaded by user,Lifestyle,"Thu, 15 Jan 2026 23:39:11 +0000",https://i.pinimg.com/originals/a2/79/cf/a279cf78fe2e7a2d692617b1fdaa403a.jpg,clean_girl_
1900024839620912,"That girl energy all summer long ☕✨ Early mornings, pilates, study sessions & skincare. 🌿","#thatgirlenergy #thatgirlvibes #cleangirlaesthetic #selfcareideas #healthyhabits #productivity #studyinspo #studyroutine #studyideas #pilatesgirl #glowupjourney #disciplinequotes #wellnessvibes #morningroutine #healthyliving #softlife #slowliving #leveluplife #studyaesthetic #productivitytips #typeagirl #motivationalquotes #selfgrowth #softgirlvibes #girlbossvibes #visionboardideas #workoutideas #fitnessroutine #mentalhealthtips #routineinspo 📌 Follow for more self-love & aesthetic lifestyle inspiration   Youtube: @MindsetMuse222   Instagram: @mindsetmuse222   Tiktok: @mindsetmuse222  Pinterest: @MindsetMuse222   Mine, please don't repost without credit! Thank you🤍",Uploaded by user,That Girl,"Tue, 16 Dec 2025 22:55:17 +0000",https://i.pinimg.com/originals/f6/90/8c/f6908cf4785298382ea77f705190e111.jpg,clean_girl_
9640586697949366,,,Uploaded by user,Theresa Sport,"Fri, 29 Aug 2025 13:34:20 +0000",https://i.pinimg.com/originals/ee/ac/98/eeac98d7b6f25d6080852724674443a5.jpg,clean_girl_
774124930762805,,8 Easy Body Care Hacks,Uploaded by user,☆ beauty secrets,"Sat, 17 May 2025 19:13:10 +0000",https://i.pinimg.com/originals/43/3f/40/433f407604999ff23374544b5be534a1.jpg,clean_girl_
AZrPE9_z9gXZKsu7QZ0xWfCZgpFiJ8nWZYPjTtJFyBx3K-Er5w800fvCOoTbRxNgAufjy4Dnbby97f5NUXG9Np8,Neu von Balea: Professionelle Tiefenpflege für gestärktes Haar,Teste den Haarpflege-Trend 2026 „Deep Repair“ mit der neuen Balea Molecular Care Serie und pflege Deine Haare tiefenwirksam 💜✨,dm.de,Nur als Anzeigen gedachte Pins,"Fri, 19 Dec 2025 21:59:42 +0000",https://i.pinimg.com/originals/c5/4a/63/c54a638c79fcbfbdda6f8ffea08dba85.jpg,clean_girl_
AZ1RTGpiH0F_wUQbdskBzVO9jFcYAWLQnqz2z_8Cz6PWQz-x6X6cjDGv-6kLH9fQDjndrRZRbbw87rX2OGfHQpM,So viel Qualität mit so vielen °Punkten.,"Sichere dir jetzt 10fach PAYBACK °Punkte ab 30 € Einkaufswert – mit der Netto plus App! Für dein Geld gibt’s richtig viele °Punkte.
Dann geh doch zu Netto!

#nettomarkendiscount #danngehdochzunetto #payback",netto-online.de,Ad-only Pins,"Mon, 22 Dec 2025 10:57:13 +0000",https://i.pinimg.com/originals/77/d4/28/77d428fbd5ad9803612ae9f8ed512f46.jpg,clean_girl_
Afz3m0fxZMSldZex2BmSg7Mch6gY1baDSWIdqZAhQjgd2dkxpzlDdeG_kmstR4fQvrnMIu5K_xkZGIUC7KPYiG4,"Cropped Wolljacke mit Knopfleiste – Zeitlos, Parisian & Herbstready - S","Diese cropped Jacke mit klassischer Knopfleiste und breiter Kragenform ist ein Statement in zurückhaltender Eleganz. Sie lässt sich hervorragend mit Jeans, High-Waist-Hosen oder Strickteilen kombinieren – ob für einen City-Walk, Office Day oder Café-Besuch. Das strukturierte Material sorgt für einen hochwertigen Look und verleiht jedem Outfit direkt eine moderne Silhouette. Merkmale: Cropped Fit mit gerader Linie Strukturierter Wollmix-Look Breiter Hemdkragen & sichtbare Knopfleiste Dekorative Ärmelabschlüsse mit Knopfdetails Ideal für Übergangszeit, Büro oder City-Looks Spezifikationen: Passform: Locker, leicht oversized croppedDesign: Langarm, Frontknöpfe, große Knöpfe an ÄrmelnGeeignet für: Herbst, City Style, Business CasualLieferumfang: 1x kurze Wolljacke mit Knöpfen",habermannmode.de,Products,"Sat, 27 Sep 2025 13:32:11 +0000",https://i.pinimg.com/originals/c1/eb/fe/c1ebfef09065818eb502b86706e63caf.png,clean_girl_
4714774602839266,🎀♡,,Uploaded by user,It girl,"Thu, 28 Dec 2023 16:31:38 +0000",https://i.pinimg.com/originals/0b/b3/ac/0bb3ac450f9404896abee36adbdad999.jpg,clean_girl_
24488391719014797,,,Uploaded by user,That girl 🌸✨🧠,"Thu, 07 Nov 2024 01:28:05 +0000",https://i.pinimg.com/originals/c9/fe/30/c9fe3089d2e08f8ad9aa42393355a50d.jpg,clean_girl_
15692298698010884,,,Uploaded by user,makeup,"Tue, 28 Oct 2025 18:24:51 +0000",https://i.pinimg.com/originals/4c/81/a0/4c81a0c37cde5f4af1d202a6dd53b2b7.jpg,clean_girl_
1407443629229158,,,Uploaded by user,Health & Fitness,"Fri, 17 Jan 2025 13:55:11 +0000",https://i.pinimg.com/originals/35/e5/71/35e57111fd9276fb638d9c75f088d3a7.jpg,clean_girl_
11188699074838047,,,Uploaded by user,Holiday gifts for Jordyn,"Wed, 15 Oct 2025 23:59:30 +0000",https://i.pinimg.com/originals/df/b3/b1/dfb3b15e987673aa5710eccb3051401f.jpg,clean_girl_
1548181186358304,The It Girl Mindset: Cultivate Confidence and Charm in Your Daily Life⋆ ˚｡⋆୨୧˚,THE IT GIRL MINDSET: CULTIVATE CONFIDENCE AND CHARM IN YOUR DAILY LIFE⋆ ˚｡⋆୨୧˚,everlastingfabric.com,Rebrand ‘26 💐,"Sat, 13 Dec 2025 20:00:44 +0000",https://i.pinimg.com/originals/c3/57/06/c35706882a3ee6b12b55737844e5d573.jpg,clean_girl_
196891814956058426,,,Uploaded by user,2026 vision board,"Wed, 31 Dec 2025 22:54:10 +0000",https://i.pinimg.com/originals/cf/03/0a/cf030a15e173ab898749f1c9e905d004.jpg,clean_girl_
369084131983831124,,fond d'ecran clean girl,Uploaded by user,👑E’marie4.0👑,"Sat, 01 Nov 2025 12:56:29 +0000",https://i.pinimg.com/originals/d0/32/8b/d0328b3a209f0cbcfddb6f38e2b659b1.jpg,clean_girl_
5488830790306117,,,Uploaded by user,It girl ⭐️,"Mon, 08 Jan 2024 12:44:22 +0000",https://i.pinimg.com/originals/23/70/2a/23702a1427d545c486805fcb648835bd.jpg,clean_girl_
351912463747466,healthy lifestyle fitness girl,,shopltk.com,2023 vision board,"Mon, 23 Jan 2023 23:56:36 +0000",https://i.pinimg.com/originals/22/5d/89/225d89cbd92b4de37d72ab7189d89129.jpg,clean_girl_
70437490936772,,,Uploaded by user,journal,"Thu, 01 Jan 2026 17:44:12 +0000",https://i.pinimg.com/originals/5f/35/fd/5f35fd016a8de064a28ebce0494f8df8.jpg,clean_girl_
5066618330951335,,,Uploaded by user,2026 mood,"Thu, 04 Dec 2025 03:47:40 +0000",https://i.pinimg.com/originals/7f/3f/7d/7f3f7d88d7ab6ffa551047786b4223fe.jpg,clean_girl_
10977592837270426,,,Uploaded by user,Visionboard 2026,"Thu, 01 Jan 2026 12:29:02 +0000",https://i.pinimg.com/originals/41/f5/e9/41f5e9db0af8c972205644a041863eb4.jpg,clean_girl_
115052965475943777,Water,,Uploaded by user,Visión board 2025,"Mon, 13 Jan 2025 22:46:02 +0000",https://i.pinimg.com/originals/0e/36/0e/0e360e7b502ee8461aa6b041de495955.jpg,clean_girl_
53691420554299028,,Aesthetic selfcare clean girl,Uploaded by user,Cleangirl,"Thu, 25 Dec 2025 09:13:49 +0000",https://i.pinimg.com/originals/94/7c/aa/947caab015af838529bcafa712010051.jpg,clean_girl_
3377768468639549,,,Uploaded by user,2026,"Mon, 15 Dec 2025 06:03:43 +0000",https://i.pinimg.com/originals/a8/38/28/a83828532ba6f6b88322ef97e7c24871.jpg,clean_girl_
19984792092589528,,Clean tips,Uploaded by user,Want,"Thu, 26 Jun 2025 02:50:49 +0000",https://i.pinimg.com/originals/25/42/a4/2542a402db789e9521bc9a193573c765.jpg,clean_girl_
16466354885102927,,,Uploaded by user,2026 vision board,"Wed, 14 Jan 2026 13:07:32 +0000",https://i.pinimg.com/originals/dc/5b/3c/dc5b3c97b60f7d1f0360ec37b386859a.jpg,clean_girl_
211174978933643,Girl Doing Makeup in Yellow Pajamas with Hair in Towel,"cozy morning routine, feminine aesthetic, pajama beauty look, soft girl vibe",amazon.com,NY No Stress,"Wed, 17 Dec 2025 04:50:30 +0000",https://i.pinimg.com/originals/cc/ee/43/ccee43d1943cd09fe3910385e78c72fd.jpg,clean_girl_
1900024839687603,,You taught us how to care for others.  You taught us how to care for skin.  Happy Mother’s Day to the quiet givers.  You are everything.  #VowelSkin #CareGivers #MothersDay,instagram.com,Vision board 2026,"Sun, 11 Jan 2026 16:22:08 +0000",https://i.pinimg.com/originals/c3/2d/13/c32d134341491c434bad1e987146c11e.jpg,clean_girl_
152418768634137925,Start today,#cleangirl#beauty#aesthetics,Uploaded by user,Clean girl aesthetic,"Sun, 07 Dec 2025 22:38:12 +0000",https://i.pinimg.com/originals/99/86/1a/99861a6c2d593532bc6015a073c1b12a.jpg,clean_girl_
AQInsy3kgXw2g_M-FxoTQpWNoDopfCPES_cU50iY4l6N4nz6P1lZB8cHJktuA2acRrnd_GZZk0iW4ji6AHQRPrU,Overnight Oats mit Extra Zero Topping,Du suchst ein leckeres Frühstück mit viel Protein und ohne zugesetzten Zucker? Dann teste mal unsere Overnight Oats mit Extra Zero Topping. Viel Spaß und noch mehr Genuss beim Nachmachen.,amazon.de,Nur als Anzeigen gedachte Pins,"Wed, 14 Jan 2026 14:16:11 +0000",https://i.pinimg.com/originals/e9/50/1f/e9501fe385a861d171a0074d430cf3df.png,clean_girl_
13510867627993971,,,Uploaded by user,2026 vision board,"Sun, 28 Dec 2025 20:20:32 +0000",https://i.pinimg.com/originals/42/e0/30/42e0309d6e09fbf65805b11c16733045.jpg,clean_girl_
294352525665975074,,,Uploaded by user,2025 🌟,"Thu, 02 Jan 2025 15:14:44 +0000",https://i.pinimg.com/originals/af/00/4b/af004b382a5e1a1a556fe8e6dd6ed84e.jpg,clean_girl_
AVQjhvgR-GQXp7wt9MoZDgzUKnIo9rAr4gm3LQo0LuuPFC36a-dzOaVnt795NhykYRZDG1HxswWi1i6PRZOzLVo,Tauche ein in die Welle von Fa.,Nimm dir Zeit für dich – mit den langanhaltenden und beruhigenden Düften von Fa.,de.fa.com,Ad-only Pins,"Fri, 19 Dec 2025 10:14:32 +0000",https://i.pinimg.com/originals/7e/30/57/7e3057f5cf82569425d113faeea49cc8.png,clean_girl_
AcRTC4SbL-vTIthtS0IZ1mew7DRMhqzKEiH0CwoF1E8xb_H4QUyfnaw0luM-jVKbyxlceF816S9G50I_W5D3tyA,"Leckere vegane Rezepte, die du lieben wirst! 🍴","Von herzhaft bis süß – 10 vegane Rezepte, die deinen Veganuary rocken!",pinterest.com,Veganuary Ads,"Tue, 23 Dec 2025 16:25:51 +0000",https://i.pinimg.com/originals/50/0e/9e/500e9eb8ad55ab85281d2b664ea2dc1e.png,clean_girl_
25895766604725200,,,Uploaded by user,2026 vision board,"Wed, 14 Jan 2026 06:40:24 +0000",https://i.pinimg.com/originals/30/94/04/309404351978e367c8bc5c2969ec5cbd.jpg,clean_girl_
31736372372313988,,,Uploaded by user,Ästhetik,"Tue, 30 Dec 2025 20:30:23 +0000",https://i.pinimg.com/originals/d5/1f/a4/d51fa40a593f24befa6445b27559aa7a.jpg,clean_girl_
5981412002065292,,#cleangirl,Uploaded by user,things i want,"Wed, 10 Dec 2025 02:11:00 +0000",https://i.pinimg.com/originals/bc/bc/e2/bcbce2bc31e44d2ebe892070c626ab79.png,clean_girl_
8444318046391748,,"I became more at peace within once I realized people are actually at war with themselves, not with me.",instagram.com,liebe am leben!🩷,"Sun, 02 Feb 2025 12:00:00 +0000",https://i.pinimg.com/originals/b2/cd/87/b2cd8750f9436602dc025ea3064410de.jpg,clean_girl_
78039006039964249,,,Uploaded by user,Carla Julie 💓💋✨,"Sat, 13 Sep 2025 18:34:39 +0000",https://i.pinimg.com/originals/eb/38/38/eb383800a71c3d05d6abbde18f9c32d1.jpg,clean_girl_
19632948394690381,"✨ Clean Girl Aesthetic Essentials | Wellness, Beauty & Lifestyle Inspiration","Embrace the clean girl aesthetic — minimalist, fresh, and effortlessly chic. From skincare must-haves and Olaplex hair care to green smoothies, yoga routines, and cozy self-care moments. Discover how to glow from the inside out with these clean lifestyle picks 🌿🧖‍♀️ Amazon Finds    #cleangirl #aesthetic #selfcare #minimalstyle #wellnessroutine #beautypicks #morningroutine #lifestyleinspo",Uploaded by user,2026 Inspo,"Wed, 03 Dec 2025 12:35:44 +0000",https://i.pinimg.com/originals/59/96/88/599688b174d82e71b3d815f090672a6d.jpg,clean_girl_
774124928709854,,,Uploaded by user,2023,"Fri, 02 Jun 2023 06:08:35 +0000",https://i.pinimg.com/originals/ed/32/e5/ed32e53b3fc635cf66116f70c1204025.jpg,clean_girl_
1196337405197339,,,Uploaded by user,vision board 2026,"Wed, 31 Dec 2025 07:08:01 +0000",https://i.pinimg.com/originals/33/e1/7c/33e17c66efd6f1c9c3a8dbdafadfa657.jpg,clean_girl_
3448137209431409,clean girl aesthétique ✌️,,Uploaded by user,2025 🎀✨,"Sat, 28 Dec 2024 02:35:30 +0000",https://i.pinimg.com/originals/0d/2e/ce/0d2ece4b3840df61177e4ff874f4deab.jpg,clean_girl_
633387442780535,,,Uploaded by user,2024 Vision,"Fri, 06 Sep 2024 02:20:39 +0000",https://i.pinimg.com/originals/8c/2f/9b/8c2f9bc8a130e39e9b5599380731eb6f.jpg,clean_girl_
31595634885494523,Body care routine with glowy skin (clean girl aesthetic),"Body care routine with glowy, hydrated skin and soft clean girl vibes. Simple self-care moment with coconut lotion and fresh, cozy bathroom details — perfect inspiration for everyday bodycare, after-shower routines and aesthetic wellness content.",instagram.com,Visionboard 2026,"Tue, 30 Dec 2025 14:24:40 +0000",https://i.pinimg.com/originals/e3/9d/e7/e39de7268f9e79d4ad7b84b618d05161.jpg,clean_girl_
2744449768165740,The Ultimate Glow Up Guide for 2024,"Transform into that girl with our ultimate glow up guide. Discover glow up tips, such as self care, journaling, and fitness to start the year on the right foot. Upgrade your routine with our glow up checklist and create a 2024 vision board to visually affirm your 2024 goals. Find inspiration for a dream lifestyle with aesthetic journal ideas. Plus: glow up 2024, it girl, clean girl, journal prompts, journaling ideas, journal aesthetic, glow up aesthetic, journaling inspo, productivity aesthetic",bycorineolivier.com,Aesthetic🤍🌷,"Thu, 08 Aug 2024 10:45:48 +0000",https://i.pinimg.com/originals/25/b6/cb/25b6cb3729a825c73b78399528c7c38d.png,clean_girl_
10062799164133730,,,Uploaded by user,Skin care|work outs,"Tue, 13 Jan 2026 21:54:52 +0000",https://i.pinimg.com/originals/5b/2b/49/5b2b49de850f67aeaf68c87c1290c6b9.jpg,clean_girl_
10062799161590129,,,Uploaded by user,2024,"Mon, 18 Dec 2023 22:30:38 +0000",https://i.pinimg.com/originals/26/7f/59/267f59f03936196165dcf848e1e9e204.jpg,clean_girl_
19140367162722585,,,Uploaded by user,Gods Plan,"Thu, 14 Aug 2025 18:34:22 +0000",https://i.pinimg.com/originals/05/f1/6c/05f16c82d851452a5efeacb2f2504dd7.jpg,clean_girl_
AbxznQ0j8qD3wsK39dKlNNIPUmza0SAHXay4urR9n0L0Q0wAweyQxLW3NpIsLo_6LBod6qdDZWfebHiEfRZ8VB4,Verkaufe smart und ohne Gebühren bei eBay.,"Lust, deine Artikel bei eBay zu verkaufen? Jetzt mit smarter KI-Unterstützung und ohne Gebühren loslegen!",ebay.de,Ad-only Pins,"Tue, 16 Dec 2025 16:12:44 +0000",https://i.pinimg.com/originals/83/4f/ab/834fab667f9e13007f6d988d645a2cc4.jpg,clean_girl_
2603712278432584,🤍,,tiktok.com,Clean girl,"Fri, 16 Dec 2022 22:44:55 +0000",https://i.pinimg.com/originals/0d/8d/fe/0d8dfe6d924fa3f676792ae0dfce480b.jpg,clean_girl_
10203536651195277,The Ultimate Self-Gift Guide: Pamper Yourself with the Coziest Bedroom Essentials,Season Restart: Easy Spring Dorm Ideas for a Fresh Look,everlastingfabric.com,that girl,"Tue, 29 Apr 2025 13:44:48 +0000",https://i.pinimg.com/originals/1f/b9/44/1fb944c3c5137adbb1d5e5580152cf57.jpg,clean_girl_
1125968723766441,,random dump 🎀🪞🩰🦢🕯️ follow me @isabellathatgirll for more Pinterest inspired girly content pics are from Pinterest,instagram.com,Quick saves,"Sat, 21 Jun 2025 07:32:14 +0000",https://i.pinimg.com/originals/58/20/29/5820293aab056a62dc7d62593ffb0918.jpg,clean_girl_
65091157110064928,,,Uploaded by user,2026,"Mon, 05 Jan 2026 10:50:52 +0000",https://i.pinimg.com/originals/40/2f/5e/402f5e72708745970613ba2546b20cef.jpg,clean_girl_
7459155630198182,,a clean fyp for the girlies 🫧🤍   #cleangirlaesthetic #cleangirl #fyp,instagram.com,NEW ME 🫧🥗🫐,"Mon, 22 Dec 2025 12:20:32 +0000",https://i.pinimg.com/originals/47/ae/de/47aedeb15f905dda0eb925d171a59b9a.jpg,clean_girl_
46443439902713431,,clean girl edition💞 #cleangirlaesthetic #clean #cleangirl,Uploaded by user,Dahlia’s,"Sun, 07 Dec 2025 02:39:13 +0000",https://i.pinimg.com/originals/17/25/81/17258134f7c8c9654639a9d775511254.jpg,clean_girl_
3096293489796607,fitness goals aesthetic,,shopltk.com,Mind+ Body,"Tue, 19 Nov 2024 20:38:05 +0000",https://i.pinimg.com/originals/fb/ad/0b/fbad0be1ae646da6f718e8a0dcf9b000.jpg,clean_girl_
13933080092136485,How to be a clean girl in 2025?🪽,,Uploaded by user,life,"Mon, 21 Apr 2025 20:37:39 +0000",https://i.pinimg.com/originals/f8/46/d8/f846d8bd48ee6ef3932f132fb052830a.jpg,clean_girl_
3870349675429927,How to Keep Your Bedroom Allergy-Free,13 Ways To Keep Your Bedroom Clean and Allergy-Free,everlastingfabric.com,2026 Life💐✨🍀,"Wed, 14 Jan 2026 17:14:45 +0000",https://i.pinimg.com/originals/2e/d0/8c/2ed08c6d5a52fc1ae64b59097f3aadab.jpg,clean_girl_
9148005521971450,⋆·˚ ༘ * 愛 ੈ✩‧₊,,Uploaded by user,My Dream Home 🤍,"Sun, 18 Jan 2026 16:12:52 +0000",https://i.pinimg.com/originals/06/ec/78/06ec782f80178486aba723ee396e43b7.jpg,clean_girl_
69594756738022200,,𝓒lean 𝓖irl ⋆˚𝜗𝜚˚⋆,Uploaded by user,clean girl,"Sun, 13 Apr 2025 21:09:59 +0000",https://i.pinimg.com/originals/18/31/1c/18311c1611051325ba7902b9d74b9926.jpg,clean_girl_
31173422418728971,The Best 10 Clean Girl Aesthetic Products 2024,The Best 10 Clean Girl Aesthetic Products 2024 | by Alice | Medium,medium.com,2026,"Tue, 23 Dec 2025 02:12:36 +0000",https://i.pinimg.com/originals/d1/9c/b3/d19cb3f06506569065e08e592df414ba.webp,clean_girl_
53902526786813672,,,Uploaded by user,2026,"Sun, 28 Dec 2025 10:07:52 +0000",https://i.pinimg.com/originals/dc/0d/40/dc0d407a49cf8f06cdc22949eab29c6e.jpg,clean_girl_
281543724987218,THE HEALTH BENEFITS OF MATCHA | CLEAN GIRL AESTHETIC,,classicallycait.com,2025,"Thu, 02 Jan 2025 01:24:40 +0000",https://i.pinimg.com/originals/f2/dc/21/f2dc2160807ad68e8b58a9061d18777e.jpg,clean_girl_
AUOX7zeWIufhjaCumpp0eL9gA_uNksOD8Z1Cp7kfcADHnu3Ly2d_vce14WpUqy5iud44UyWc2YvQ-ZRs1dZQAVk,"""Wuthering Heights"" – Sturmhöhe – ab 12. Februar nur im Kino.","Inspiriert von der größten Liebesgeschichte aller Zeiten. ""Wuthering Heights"" – Sturmhöhe – ab 12. Februar nur im Kino. #WutheringHeightsMovie",warnerbros.de,Nur als Anzeigen gedachte Pins,"Thu, 22 Jan 2026 17:39:37 +0000",https://i.pinimg.com/originals/06/59/4e/06594e9081c5e85c2d1a9359934b9807.jpg,clean_girl_
152418768634137948,,Clean girl aestheticִֶָ. ..𓂃 ࣪ ִֶָ🪽་༘࿐,Uploaded by user,Clean girl aesthetic,"Sun, 07 Dec 2025 22:40:38 +0000",https://i.pinimg.com/originals/6e/f5/ea/6ef5ea07ca8d1a06592a0e174c5523f1.png,clean_girl_
16466354883766186,,Clean gurl 2024 #pinterest #fyp #thatgirl #cleangirlaesthetic,instagram.com,Delise room ideas,"Mon, 25 Nov 2024 17:09:58 +0000",https://i.pinimg.com/originals/18/5c/40/185c404c094d0cf6edca8521f3139dc4.jpg,clean_girl_
45106433762683840,,,Uploaded by user,cele,"Wed, 07 Jan 2026 03:44:59 +0000",https://i.pinimg.com/originals/c9/29/d7/c929d731819781883f399babda8d56e8.jpg,clean_girl_
68749657468,a dream.,,Uploaded by user,2026 Vision board,"Thu, 01 Jan 2026 22:40:50 +0000",https://i.pinimg.com/originals/3e/1f/74/3e1f7476d0d0f4258e4dd882365f0f2f.jpg,clean_girl_
14847873767351986,day in my life 🧘🏼‍♀️,@selfcarewluc on tiktok  #fyp #foryou #foryoupage #viral #blowup #selfcarewluc #Vlog #Lifestyle #dayinmylife #spendthedaywithme #timestamps #summer #grwm #getreadywithme #productivity #cleangirl #thatgirl #routine #aesthetic #hairtok,Uploaded by user,💛cute stuff💛,"Mon, 03 Nov 2025 00:46:00 +0000",https://i.pinimg.com/originals/08/bb/97/08bb972a7b9b4ca399a46be8aed53a47.jpg,clean_girl_
1688918606515553,,,Uploaded by user,Spare room office,"Tue, 26 Aug 2025 16:58:47 +0000",https://i.pinimg.com/originals/69/9a/90/699a90f61f5f79242a8a0b9a9797e128.jpg,clean_girl_
5629568280033195,12 Glowy Makeup Looks That Ooze Health and Wealth—You're Welcome,12 Glowy Makeup Looks That Ooze Health and Wealth—You're Welcome,whowhatwear.co.uk,2026,"Tue, 30 Dec 2025 13:05:51 +0000",https://i.pinimg.com/originals/29/01/7f/29017f4822e314e57cf7d1548f2124c8.jpg,clean_girl_
6473993209824009,,,Uploaded by user,vision board,"Thu, 01 Feb 2024 13:54:18 +0000",https://i.pinimg.com/originals/26/56/38/265638f9200a196cca58790368786e9e.jpg,clean_girl_
15903404929416000,,,Uploaded by user,2025,"Sun, 05 Jan 2025 04:41:12 +0000",https://i.pinimg.com/originals/77/60/e6/7760e6dfa60addac453f39642516ec87.jpg,clean_girl_
122230577383566861,clean girl 🌊🥥🏖,#cleangirl  #kiaraishere,Uploaded by user,Salvataggi rapidi,"Tue, 25 Nov 2025 16:23:18 +0000",https://i.pinimg.com/originals/5a/2e/7b/5a2e7ba641d7ab64a4fbecf95c95cba8.jpg,clean_girl_
82050024457718366,,,Uploaded by user,That girl aesthetic,"Sat, 03 Jan 2026 01:29:45 +0000",https://i.pinimg.com/originals/a8/a4/ce/a8a4cef59cd613e68b5732c86138522f.jpg,clean_girl_
16466354884619317,,,Uploaded by user,Nails,"Sun, 10 Aug 2025 19:19:37 +0000",https://i.pinimg.com/originals/92/b9/c7/92b9c7b53441d46995e66c8ce3f13b34.jpg,clean_girl_
ASAqh70ANy1Mh8gA6bvLyUXFoQFavVAqgZa6x5trFe9P2RKX8Mx_e47VlDXPIwlnyL1ujpMoYOd0S3_dHtlJ1wc,,"Sichere dir jetzt 10fach PAYBACK °Punkte ab 30 € Einkaufswert – mit der Netto plus App! Für dein Geld gibt’s richtig viele °Punkte.
Dann geh doch zu Netto!

#nettomarkendiscount #danngehdochzunetto #payback",netto-online.de,Ad-only Pins,"Mon, 22 Dec 2025 11:39:58 +0000",https://i.pinimg.com/originals/55/6f/7b/556f7b1a33a0bb622fa0d6d33321f0fe.png,clean_girl_
AQdVxwpRClSwBg15sXjzgJRkqGa3PvfrfbzIdOh5pjkbRccJ9hLAXByYg9CIVWSitc2Y5l0tZhiZeZhOAd0koMs,Mit glanzvollem Haar durch das Jahr,Mach mit Balea 2026 zu Deinem Haarpflege-Jahr & bring mit der neuen Molecular Care Serie Dein Haar zum Glänzen 💜✨,dm.de,Nur als Anzeigen gedachte Pins,"Fri, 19 Dec 2025 22:00:54 +0000",https://i.pinimg.com/originals/0f/13/83/0f13831fbd4dec4543aee4cf0de2025e.jpg,clean_girl_
AS1_Gtmti3yNDDOs_Bhckp3-Cu9q5mXWhaZnk8Z5L7wz6ziJQRgNnyqy7ITwjaR6jIVGBa2krJoTLnfkwVvOdsw,GLISS Total Repair,Trockenes & strapaziertes Haar? Die GLISS Total Repair Sprühspülung reduziert Haar- und Hitzeschäden nach nur einer Anwendung,schwarzkopf.de,Ad-only Pins,"Mon, 01 Dec 2025 14:22:11 +0000",https://i.pinimg.com/originals/c1/61/40/c16140b668eefe919e296e4dc3d04aef.jpg,clean_girl_
21392166974340971,,,Uploaded by user,2026 vision board,"Tue, 06 Jan 2026 18:20:05 +0000",https://i.pinimg.com/originals/61/52/0b/61520ba71a9a6f391846ab5aaf0a9b9b.jpg,clean_girl_
1829656095340352,.𖥔 ݁ ˖,,Uploaded by user,2026 Mood Board,"Sat, 03 Jan 2026 23:07:13 +0000",https://i.pinimg.com/originals/0f/53/a3/0f53a3a4cfb477dd7130186d929d0fd3.jpg,clean_girl_
4433299627903154,,,Uploaded by user,2024 MOOD BOARD PRAYING,"Sun, 24 Dec 2023 17:26:58 +0000",https://i.pinimg.com/originals/4c/d6/62/4cd662c31c350878d58508cb19633834.jpg,clean_girl_
34551122139448567,clean girl aesthetic board,clean girl board,Uploaded by user,2025 Vision Board ✨,"Tue, 17 Dec 2024 19:40:29 +0000",https://i.pinimg.com/originals/d8/15/9d/d8159df2cffbe1ff36df634507efca3f.jpg,clean_girl_
914862420623486,❦︎. j͟u͟s͟t͟ l͟i͟k͟e͟ a͟n͟d͟ s͟u͟s͟c͟r͟i͟b͟e͟ ♡︎,,Uploaded by user,2025,"Tue, 31 Dec 2024 17:19:28 +0000",https://i.pinimg.com/originals/bb/b5/d2/bbb5d2e09d7efedab1107f26abb33a38.jpg,clean_girl_
99290366782101209,,𝓤𝓼𝓮 𝓪𝓼 𝔂𝓸𝓾 𝓹𝓵𝓮𝓪𝓼𝓮 𝓫𝓾𝓽 𝓹𝓵𝓮𝓪𝓼𝓮 𝓭𝓸 𝓷𝓸𝓽 𝓻𝓮𝓹𝓸𝓼𝓽 𝔀𝓲𝓽𝓱𝓸𝓾𝓽 𝓶𝓮 𝓹𝓮𝓻𝓶𝓲𝓼𝓼𝓲𝓸𝓷!!,Uploaded by user,2026 ♥️🌺🌸🌷🥥,"Sat, 17 Jan 2026 02:18:30 +0000",https://i.pinimg.com/originals/d2/f6/0e/d2f60e22c2641b3f1b3a0c9927c4ebd6.jpg,clean_girl_
511158626480266324,,,Uploaded by user,Estasbarbara.ok,"Wed, 26 Nov 2025 15:15:10 +0000",https://i.pinimg.com/originals/85/c2/6b/85c26bc7ed4a88d3a2e3ee43ff3ac9de.jpg,clean_girl_
657736720621549881,,"it girl, vanilla, goop, that girl aesthetic, lifestyle, clean girl, fashion, fancy, luxury, chanel, selfcare, body care, inspiration, summer, girly, white linen, coastal, chic, classy, aesthetic, clean girl, clean girl aesthetic, matcha, new year new me, cute, clean, pink, outfits, style, clean #aesthetic #board #clean",Uploaded by user,it girl,"Sat, 10 Jan 2026 02:49:15 +0000",https://i.pinimg.com/originals/73/9b/34/739b3499baaf19d2dfb9420a18927e51.jpg,clean_girl_
547680004705536251,,,Uploaded by user,stranger things,"Sun, 04 Jan 2026 01:55:00 +0000",https://i.pinimg.com/originals/f2/d8/31/f2d8310a8acb4740b11504052168f0c1.jpg,clean_girl_
563018698998474,,Clean girl must haves <3 #cleangirl #fitcheck #lovekrys #thatgirl #vanillagirl #gracieabrams #outfitinspo #cleangirlaesthetic,Uploaded by user,Gabriella,"Tue, 19 Aug 2025 22:19:28 +0000",https://i.pinimg.com/originals/ae/44/cb/ae44cbcf6ffc95c52e6e410827e7cd48.jpg,clean_girl_
1337074889943760,Hair Mask Night,How is it only $7?!?! #koreanhaircare #hairmask #hairwashday #washdayroutine #bondingtreatment #haircare,amazon.com,Vision Board 2026,"Sun, 07 Dec 2025 22:03:42 +0000",https://i.pinimg.com/originals/45/96/6c/45966cca96c9dbe76783a05a0c7c7768.jpg,clean_girl_
140806234138867,French Morning: Linen Shorts & Soft Towel for a Slow Start,"French bathroom aesthetic, white linen shorts soft girl outfit, towel hair cozy moment, Nancy Meyers European home style, barefoot luxury slow living look, dreamy heirloom-inspired summer morning vibe.",amazon.com,Rest > Hustle,"Sat, 21 Jun 2025 03:52:21 +0000",https://i.pinimg.com/originals/14/0d/59/140d59c8845aab80e4ae196cd513d12f.jpg,clean_girl_
2392606048698741,my mantra,follow @cleancozycc,Uploaded by user,2 6,"Sat, 27 Dec 2025 14:02:25 +0000",https://i.pinimg.com/originals/56/1e/05/561e05af6a922046a52505cdfc170e30.jpg,clean_girl_
3729612269261013,,"Hello Monday, it’s time to wake up 🧊  Goodmorning! Sometimes we wake up with puffiness around the eyes and sometimes even the entire face (rough nights and lack of sleep are a favorite). For an instant fix and to flush your lymphatic system try: The Ice Plunge.  1. Fill a bowl with cold water and 10 ice cubes. Add sliced cucumbers if you like to be fancy. 🥒  2. Plunge your face with 3 scoops at a time or stay and hold your breath, rest, and repeat 4 times.  3. Dry your face with a towel, appl...",instagram.com,2026,"Sun, 04 Jan 2026 04:49:21 +0000",https://i.pinimg.com/originals/ef/cb/2e/efcb2e77844e88f7d86a259acec79520.jpg,clean_girl_
281543725364715,,,Uploaded by user,april vision board,"Tue, 08 Apr 2025 07:45:06 +0000",https://i.pinimg.com/originals/6d/a6/3a/6da63a5df03a983ea9537697f300af3a.jpg,clean_girl_
41165784088684528,🌙,"Clean girl aesthetic, no makeupmakup",Uploaded by user,Pins von dir,"Wed, 03 Apr 2024 13:22:16 +0000",https://i.pinimg.com/originals/f7/db/37/f7db37c9014b65dfba03cdb8b533db18.jpg,clean_girl_
940267228471108315,outfit clean girl,she's a CLEAN GIRL 🥰,Uploaded by user,Épingles créées par vous,"Sat, 24 May 2025 17:57:25 +0000",https://i.pinimg.com/originals/e1/a3/26/e1a326e651c2110af999ea91bcec080c.jpg,clean_girl_
AftBDpfsUDGMxD06g1Ju71xlYYILIiSc9FDWYJk40ZaFCFO4r8U1yw_evkHqLh7sDRWy5KrLeAnoRPrLUS-M5eQ,syoss Intense Keratin,Entdecke jetzt die syoss Intense Keratin Pflege für dein stärkstes Haar,syoss.de,Ad-only Pins,"Thu, 08 Jan 2026 12:57:55 +0000",https://i.pinimg.com/originals/64/a2/b7/64a2b7462f3b6d6c3a0ba2e543ea6873.jpg,clean_girl_
AS3SyBLi9VWS3ModiDrrIhf5WRSCp2vNJ7xGy0g9XtsfDdn-EYZ9HvgyjShGEFU2Ok_vjkJPINnQIftHTvwlAnY,Sport Essentials von UNIQLO,"Sport Essentials, die dir beim Training und im Alltag besten Komfort bieten.",uniqlo.com,ads2,"Thu, 07 Aug 2025 12:22:07 +0000",https://i.pinimg.com/originals/b2/a3/76/b2a3762199efa4d0bb5fda882f66e281.png,clean_girl_
19984792092947665,,clean girl,Uploaded by user,Want,"Thu, 16 Oct 2025 18:57:04 +0000",https://i.pinimg.com/originals/34/0d/54/340d544c9ac90d3fee0bba53fb8c1016.jpg,clean_girl_
9007268002272800,Self care 🤍,,Uploaded by user,Self care • day routine,"Wed, 24 Sep 2025 00:11:11 +0000",https://i.pinimg.com/originals/37/61/a6/3761a648d17ace5c1e569e6c3f723260.jpg,clean_girl_
68328119342131510,,#cleangirlaesthetic,Uploaded by user,2026 vision board,"Sat, 20 Dec 2025 20:20:04 +0000",https://i.pinimg.com/originals/60/b6/dd/60b6dd6ffdb5742705d67aa73288d4ff.jpg,clean_girl_
245516617181892857,Упражнения фитнес,five day,youtube.com,Year 2026 <3,"Tue, 20 Jan 2026 19:32:32 +0000",https://i.pinimg.com/originals/22/4a/80/224a80e49ed935abdadd43264d1d1a83.jpg,clean_girl_
3025924745149919,How to be productive in 2024 ULTIMATE GUIDE | FREE GUIDE,"this guide will change your life, made by a girlie for the girlies <333 The guide will give you all of the tips you need to be more productive, successful and that girl. #productive #thatgirl #aesthetic #visionboard #haileybieber #itgirl #aestheticgirl #girlsgirl #quotes",medium.com,vision board 2025,"Wed, 08 Jan 2025 15:01:58 +0000",https://i.pinimg.com/originals/03/66/46/0366461a9ad75565e4fc91b855225a31.jpg,clean_girl_
105342078781319092,,Clean Girl🫶🏻😍,Uploaded by user,Clean girl,"Wed, 23 Apr 2025 07:07:57 +0000",https://i.pinimg.com/originals/54/de/cd/54decd1927b0d73f1d64a97f337945dd.jpg,clean_girl_
152981718588377587,,,Uploaded by user,Dream life core/life goals ✨💖,"Tue, 02 Dec 2025 18:57:33 +0000",https://i.pinimg.com/originals/65/3b/d4/653bd4d0eb20cde9283f13eae3fbd6b1.jpg,clean_girl_
844493674428600,,,Uploaded by user,BUFFERS,"Tue, 13 Aug 2024 19:42:16 +0000",https://i.pinimg.com/originals/d4/6e/c7/d46ec718159caae57c87bb9282fe6655.jpg,clean_girl_
1266706141294715,Amazon gym finds!,"Top amazon gym finds!  Amazon, matching gym sets, workout sets, affordable fashion, clean girl aesthetic",amazon.com,Picture ideas,"Sun, 17 Aug 2025 01:16:54 +0000",https://i.pinimg.com/originals/6e/54/b2/6e54b27bc799bd0bce8983f9cde9e4ae.jpg,clean_girl_
2251868559030702,,,Uploaded by user,2026,"Mon, 29 Dec 2025 01:54:12 +0000",https://i.pinimg.com/originals/0c/56/c3/0c56c38e9e52f1b15aaea60134f3c429.jpg,clean_girl_
115967759149158740,,,Uploaded by user,Quick Saves,"Sat, 26 Jul 2025 03:33:27 +0000",https://i.pinimg.com/originals/89/59/f2/8959f294638d1928a6a86d02ffb43ef1.jpg,clean_girl_
222435669092349099,Clean girl,#girlythings #pinterest #girlygirl #aesthetic #coffeetiktok #coffeetok #pinterestaesthetic #girlygirlaesthetic #girlythings #pinterest #aesthetic #softgirlaesthetic #morningvlog #morningaesthetic #coffeetok #vanity #makeup #resets #CleanTok #soft # pink #softgirlaesthetic,Uploaded by user,Annie,"Tue, 23 Dec 2025 02:21:01 +0000",https://i.pinimg.com/originals/e0/75/0d/e0750ddfda4a10a317dd5d1c6d05aa0b.jpg,clean_girl_
6896205673780894,"Your Skin, But Better 💧","Perfect for sensitive or acne-prone skin. No harsh ingredients, just results. #Celimax #KBeautyRoutine #GlassSkinGoals #SkincareLovers #CleanBeauty#water#cucumberwater",amazon.com,Vision board,"Fri, 26 Dec 2025 19:15:36 +0000",https://i.pinimg.com/originals/76/03/45/760345af9e7a478b2114b27a742fc724.jpg,clean_girl_
AXZhZImxyefb4isYlHvD_ShARYJOUyj8MBLw4YOc--Ikw2FVqhS5DNF27j4spDoH7JkSYE8yObuqHvd4CJ7TC-0,Syoss Permanente Coloration,Syoss Permanente Coloration für bis zu 100 Tage Farbintensität.,syoss.de,Ad-only Pins,"Tue, 16 Dec 2025 11:10:02 +0000",https://i.pinimg.com/originals/94/45/a8/9445a8b12a8c576b65175c5850c5be65.jpg,clean_girl_
85498092922549206,Your skincare bestie 🥛🤍🫐,All of my favorites linked below !! #SkincareRoutine #GlowingSkin #SelfCareDaily #SkincareGoals #SkinCareTips #HealthySkin #GlowUp #SkincareAesthetic #MorningRoutine #NightRoutine #SkincareAddict #RadiantSkin #SelfCareRituals #SkincareCommunity #SkincareObsessed,amazon.com,2026 Vision Board,"Sat, 03 Jan 2026 01:50:02 +0000",https://i.pinimg.com/originals/d0/6b/2a/d06b2a66d0828bed6f609df2824b7a78.jpg,clean_girl_
600526931592866377,,,Uploaded by user,porcelain,"Thu, 11 Jul 2024 05:28:55 +0000",https://i.pinimg.com/originals/cb/f5/90/cbf5900f7f330b9393e0695c7ce15123.jpg,clean_girl_
23432860625557567,,,Uploaded by user,2026 vision board,"Sun, 14 Dec 2025 22:32:35 +0000",https://i.pinimg.com/originals/cd/c8/dc/cdc8dca57f94ccf8edb6436cf8d8a0d9.jpg,clean_girl_
4151824652812669,,"monday i guess?   mondays used to be my least favorite days of the week. now it’s my favorite. no actually I’m lying, I didn’t even know its monday   do something today that will make you love mondays, the everyday life, routines. over the past few years I’ve been building my life in a way that I can feel like this. just happy, fulfilled, excited   just a lil reminder for today in case you needed it <3  and hiiii from bali, this house is so cute @houseofcbali   #pinteretinspired #pinterestgir...",instagram.com,Aesthetic,"Thu, 27 Nov 2025 01:21:27 +0000",https://i.pinimg.com/originals/dd/91/7a/dd917a8ed7df01466d1ccd21f2686f66.jpg,clean_girl_
32862272279475115,,Soft life aesthetic #cleangirl #cleangirlaesthetic,Uploaded by user,my mindset 🧘‍♀️🕊️,"Thu, 25 Sep 2025 15:45:09 +0000",https://i.pinimg.com/originals/96/08/7a/96087ad505fab0fd8ea4aa876d52f878.png,clean_girl_
2814818512754916,,,Uploaded by user,2026 visionary board,"Thu, 01 Jan 2026 03:36:27 +0000",https://i.pinimg.com/originals/63/57/1d/63571d8ec79a08ad875ed5d243cc8546.jpg,clean_girl_
1829656093609359,Selfcare Aesthetic,,Uploaded by user,"NEW ME, NEW LIFESTYLE - MINDSET","Mon, 19 Aug 2024 14:19:57 +0000",https://i.pinimg.com/originals/fb/2a/2a/fb2a2aa78cbe8d12a2069e86c2bbc262.jpg,clean_girl_
1125968743114040,,,Uploaded by user,Clean Girl,"Wed, 22 Oct 2025 10:48:09 +0000",https://i.pinimg.com/originals/5e/17/24/5e17240b1f270c8f4348073120c396dd.jpg,clean_girl_
4151824652692983,,,Uploaded by user,Feels good to be me,"Sat, 18 Oct 2025 16:50:01 +0000",https://i.pinimg.com/originals/76/8e/3f/768e3f1a45146532e9cf49390a87fe2f.jpg,clean_girl_
51298883251041261,,#Cleangirl #Clean girl #girl #doitforyou,Uploaded by user,melody,"Sun, 19 Jan 2025 22:28:03 +0000",https://i.pinimg.com/originals/fe/d0/cf/fed0cfed46fff99ad7bf984a7c64c391.jpg,clean_girl_
1125968650723104,Ponytail Goals,,luxyhair.com,HAIR,"Wed, 13 Sep 2023 04:58:44 +0000",https://i.pinimg.com/originals/77/e4/58/77e458f3137118ab315bb4b86ba78383.jpg,clean_girl_
633387442336616,,,Uploaded by user,Self Care,"Sat, 06 Apr 2024 10:44:37 +0000",https://i.pinimg.com/originals/66/55/4e/66554e94c20774d623b4bef5685c0401.jpg,clean_girl_
449937819043080839,Clean girl 🤍,,Uploaded by user,Clean girl pics,"Wed, 19 Mar 2025 20:29:48 +0000",https://i.pinimg.com/originals/7e/d5/cb/7ed5cb741f21594b9e2cbb051ab85d76.jpg,clean_girl_
9570217952745829,clean girl aesthetic,,amazon.com,25 glow up and vision board⭐️,"Sun, 30 Mar 2025 04:09:40 +0000",https://i.pinimg.com/originals/d6/e1/d6/d6e1d69e6f780e51a0b827d9312ef75e.jpg,clean_girl_
AaD1MJH_jw7Qu9M2PpvV7CbSGMUaZ_YlklmOYcjDj3CnLLRGjYlqKFrhZk4vDNmiknvo_9f4dBNqSU-5MpdVH6M,Verbesserter Auslaufschutz für die ganze Nacht.,Von Babys empfohlen!,pampers.de,Ad-only Pins,"Mon, 07 Oct 2024 15:03:29 +0000",https://i.pinimg.com/originals/75/f5/4f/75f54f6e6e296c489aba865079c7fa4c.jpg,clean_girl_
115967759149158791,,clean girlsss♥︎♥︎♥︎♡,Uploaded by user,Quick Saves,"Sat, 26 Jul 2025 03:35:25 +0000",https://i.pinimg.com/originals/d8/84/86/d88486f075c04793339f5266e5829959.jpg,clean_girl_
12525705209152394,,🤍🎀🫧✨  follow @poppylaydenfritz for more ☁️  #cleangirlaesthetic #grwm #grwmaesthetic #makeup #girlythings,instagram.com,2026 vision board,"Wed, 31 Dec 2025 15:21:43 +0000",https://i.pinimg.com/originals/f7/73/4c/f7734c22b2d46df1660abd78a3bc7a33.jpg,clean_girl_
11259067812618504,,"clean girl aesthetic, clean girl, healthy, healthy tips, glow up, lifestyle",Uploaded by user,Style,"Fri, 11 Oct 2024 14:44:57 +0000",https://i.pinimg.com/originals/3c/f4/7e/3cf47e483bbb9f77d3411fe2f5597b94.jpg,clean_girl_
4362930883988158,,All posts • Instagram,instagram.com,2025 vision board,"Wed, 23 Jul 2025 11:31:46 +0000",https://i.pinimg.com/originals/48/df/6a/48df6a26bbbefe663da02ac1bdf49bea.jpg,messy_girl_
51087777020120409,messy girl,,Uploaded by user,messy girl,"Sat, 08 Nov 2025 09:03:42 +0000",https://i.pinimg.com/originals/ca/b0/64/cab0648276e617c574e0d41ae72a356a.jpg,messy_girl_
865817097129438495,brat core,#messygirl #aesthetic #inspiration #visionboard,Uploaded by user,the things that represent me the most,"Sun, 18 Jan 2026 16:11:02 +0000",https://i.pinimg.com/originals/1e/16/13/1e161373a854760906ef14e5cade405f.jpg,messy_girl_
2392606048282786,,,Uploaded by user,VISION BROAD  ig,"Fri, 22 Aug 2025 04:19:21 +0000",https://i.pinimg.com/originals/f0/50/79/f050792a243d1cea0ac864b24333576b.jpg,messy_girl_
36521446972877706,,chessa subbiondo,Uploaded by user,full body skinny,"Mon, 24 Nov 2025 17:05:04 +0000",https://i.pinimg.com/originals/b3/05/db/b305db9cce46c084051300e932c32bb8.png,messy_girl_
77546424828504793,,MESSY GIRL 💋 #vintage #messy #messygirl #messygirlaesthetic #music #wallpaper,Uploaded by user,Inspo,"Wed, 11 Dec 2024 12:45:00 +0000",https://i.pinimg.com/originals/03/7f/8e/037f8e4f824f61c639bcddb9692ea6ea.jpg,messy_girl_
67483694412509690,,,Uploaded by user,Beauty,"Tue, 20 Jan 2026 02:36:02 +0000",https://i.pinimg.com/originals/09/d4/2d/09d42db47f39f65a154961ceb28a8a6c.jpg,messy_girl_
63894888473949887,anksiyete,,Uploaded by user,2016 flashback,"Sat, 27 Dec 2025 22:23:01 +0000",https://i.pinimg.com/originals/8f/ff/c8/8fffc82ca9af4b35b0244edc20fed916.jpg,messy_girl_
11681280280275493,,,Uploaded by user,𝒂𝒆𝒔𝒕𝒉𝒆𝒕𝒊𝒄𝒔,"Thu, 18 Dec 2025 20:15:41 +0000",https://i.pinimg.com/originals/0b/68/bb/0b68bb571fbb9c057fb3d5bca7a2f6cd.jpg,messy_girl_
106608716174228103,it actually so helpful!,+ it gives u tips at the end on where to shop,astyleset.com,Stuff,"Sun, 18 Jan 2026 20:35:09 +0000",https://i.pinimg.com/originals/2d/dc/a7/2ddca77be6ee43d42cffb922074f3d03.png,messy_girl_
30821578697289475,,,Uploaded by user,Shes that girl,"Mon, 08 Dec 2025 16:19:27 +0000",https://i.pinimg.com/originals/f9/bb/c6/f9bbc6a02fc2d8fcf11142f0eca5302f.jpg,messy_girl_
73042825199559143,Kingsephi on instagram !!,,Uploaded by user,Messy cinematic girl,"Thu, 25 Dec 2025 23:50:02 +0000",https://i.pinimg.com/originals/3e/4c/c1/3e4cc1bfdb9061d486e071b9689f1759.jpg,messy_girl_
97038566967141468,,,Uploaded by user,2026,"Sun, 04 Jan 2026 02:35:21 +0000",https://i.pinimg.com/originals/e7/f3/a2/e7f3a2db2cd18420bf03f926e279f33d.jpg,messy_girl_
974747913110907367,,,Uploaded by user,Pins by you,"Tue, 16 Dec 2025 20:04:45 +0000",https://i.pinimg.com/originals/3b/8e/aa/3b8eaa03d4bef9c1e8d1abc92bfd219a.jpg,messy_girl_
45106433762506459,,,Uploaded by user,vibe,"Mon, 03 Nov 2025 05:53:04 +0000",https://i.pinimg.com/originals/34/97/f9/3497f9bc6219e501d5ab50005042d0d6.jpg,messy_girl_
16184879904481125,,,Uploaded by user,plastic princess slippers,"Wed, 10 May 2023 14:50:38 +0000",https://i.pinimg.com/originals/94/ab/a0/94aba0d351c24775186a393db2f1833b.jpg,messy_girl_
633387442750681,,,Uploaded by user,me,"Mon, 26 Aug 2024 22:37:53 +0000",https://i.pinimg.com/originals/fa/87/1c/fa871c38432213bcf97849426f642311.jpg,messy_girl_
9570217953126609,,,instagram.com,brb,"Mon, 04 Aug 2025 19:25:30 +0000",https://i.pinimg.com/originals/57/82/fe/5782fe6c83cb37239ec09b66bd70ba51.jpg,messy_girl_
2744449769641303,,trained professionals 🍷 @cloudynoir on #35mm,instagram.com,elegant mysterious femme fatale librarian core,"Wed, 03 Dec 2025 03:01:12 +0000",https://i.pinimg.com/originals/53/88/13/53881324372a2586c814c54a4ab5c85e.jpg,messy_girl_
48976714692261267,,,Uploaded by user,fit inspo,"Fri, 26 Dec 2025 08:55:17 +0000",https://i.pinimg.com/originals/34/2f/db/342fdba583f8b63e70412c7d83df3aed.jpg,messy_girl_
2111131073195587,,,Uploaded by user,stephani,"Tue, 28 Oct 2025 03:07:47 +0000",https://i.pinimg.com/originals/c3/3e/89/c33e896266cea32c219e5d27d3e7642c.jpg,messy_girl_
20055160840117158,🧠,,Uploaded by user,Cute,"Wed, 29 Oct 2025 21:31:40 +0000",https://i.pinimg.com/originals/ee/f9/31/eef9315282cbaac79e10aa9d35dc605e.jpg,messy_girl_
4011087181366587,lizzie young,,Uploaded by user,Hairstyle inspo,"Tue, 23 Dec 2025 01:19:24 +0000",https://i.pinimg.com/originals/2f/a3/9c/2fa39ce43f108c17efc5a682c5b0c59a.jpg,messy_girl_
140806234384323,,,Uploaded by user,random✨💗,"Mon, 08 Sep 2025 15:39:43 +0000",https://i.pinimg.com/originals/82/8c/e5/828ce5e4e907308da884533e05dca532.jpg,messy_girl_
118360296452074146,,,Uploaded by user,What a lie - powerpoint,"Wed, 29 Oct 2025 15:33:21 +0000",https://i.pinimg.com/originals/10/ef/5a/10ef5a1723c46677263318fcec10ac23.jpg,messy_girl_
1337074889759546,,,Uploaded by user,Faces,"Thu, 09 Oct 2025 19:54:56 +0000",https://i.pinimg.com/originals/ef/45/07/ef4507c44ca976dba0cc8ac64e819b2a.jpg,messy_girl_
16255248651185560,party disco girl fun,,Uploaded by user,2010’s,"Sun, 28 Dec 2025 18:29:57 +0000",https://i.pinimg.com/originals/c1/bd/e1/c1bde111205e8fe31c383900bf394600.jpg,messy_girl_
5348093303795645,,maysilee donner,Uploaded by user,Beauty,"Fri, 18 Jul 2025 23:27:59 +0000",https://i.pinimg.com/originals/2d/c7/45/2dc7454455e01600924a49b2e063083e.jpg,messy_girl_
436075176443890690,,carrie bradshaw • sex and the city,Uploaded by user,Photography,"Sat, 06 Dec 2025 01:19:57 +0000",https://i.pinimg.com/originals/07/d6/35/07d63581fb1b234f09231e70493d3ab8.jpg,messy_girl_
3729612267677686,,,Uploaded by user,…Outfit…,"Sat, 10 May 2025 13:11:35 +0000",https://i.pinimg.com/originals/c9/80/84/c980849030882b68b04c8420f79bc081.jpg,messy_girl_
14918242511938663,,,Uploaded by user,"Hair, Makeup & Nails","Fri, 19 Dec 2025 01:36:34 +0000",https://i.pinimg.com/originals/55/dd/69/55dd695009d8c6b3a26cbf7d9f3456ba.jpg,messy_girl_
43699058881981481,party aesthetic,,Uploaded by user,visionboard 2026,"Thu, 23 Oct 2025 05:30:37 +0000",https://i.pinimg.com/originals/c3/15/6c/c3156c9a32622e541b04430438b3dd7f.heic,messy_girl_
19984792093149610,,,Uploaded by user,vision board,"Mon, 22 Dec 2025 04:59:07 +0000",https://i.pinimg.com/originals/06/83/e3/0683e3bb3a30c8234a15cb53adcc5436.jpg,messy_girl_
37084396931282597,,,Uploaded by user,Girly🎀,"Thu, 08 Jan 2026 19:46:15 +0000",https://i.pinimg.com/originals/30/98/a3/3098a3d4b9c9a175ab5e6f5013b6da09.jpg,messy_girl_
33495590972406013,,,Uploaded by user,Life I suppose,"Tue, 02 Apr 2024 23:30:32 +0000",https://i.pinimg.com/originals/05/29/62/05296271135e30348fb3d38e275e97cf.jpg,messy_girl_
9148005521635260,,,instagram.com,Foto ideen,"Wed, 01 Oct 2025 20:18:40 +0000",https://i.pinimg.com/originals/1d/05/0c/1d050c4f5b1e1fe71f6e0326da24fedd.jpg,messy_girl_
15129348744723225,Flossie Clegg,,Uploaded by user,PHTS,"Thu, 28 Aug 2025 21:33:30 +0000",https://i.pinimg.com/originals/63/b8/4e/63b84e67433b32ce73c8d38f03253b69.jpg,messy_girl_
93801604734955453,,,Uploaded by user,nice 😎💿,"Sun, 14 Dec 2025 19:56:07 +0000",https://i.pinimg.com/originals/21/88/99/21889919e415e47b39d54e876b56370d.jpg,messy_girl_
89227636382828223,"even if you get pass or hard pass, you're still pretty / handsome 😻 enjoy my quiz! <3",,uquiz.com,Google docs,"Thu, 25 Dec 2025 16:17:41 +0000",https://i.pinimg.com/originals/4b/c1/c5/4bc1c5709206b75b807081670c387434.jpg,messy_girl_
120471358777117143,,,Uploaded by user,Messy Girl°,"Tue, 16 Dec 2025 02:54:17 +0000",https://i.pinimg.com/originals/c6/91/60/c6916094cc11e82313dbbd4a9016adc6.jpg,messy_girl_
2814818512754937,,,Uploaded by user,2026 visionary board,"Thu, 01 Jan 2026 03:37:40 +0000",https://i.pinimg.com/originals/02/b1/5a/02b15a53b43861804575fd9afdf8a381.jpg,messy_girl_
227783693649458963,🪶🍂🍁,messy frazzled english woman hair inspo <3,Uploaded by user,hair,"Tue, 20 Jan 2026 00:32:25 +0000",https://i.pinimg.com/originals/71/3e/bc/713ebc5de0533685042a503c25722786.jpg,messy_girl_
6825836929623501,Downtown Girl 🌆🌟,"The ""Downtown Girl"" aesthetic is all about capturing the essence of urban chic and modern sophistication. 🌆🌟",everlastingfabric.com,ours!,"Sat, 12 Jul 2025 20:29:59 +0000",https://i.pinimg.com/originals/01/09/9a/01099ab0313509437c663277fa801342.jpg,messy_girl_
3237030978340020,,,Uploaded by user,ella!,"Mon, 22 Sep 2025 10:11:09 +0000",https://i.pinimg.com/originals/53/30/f3/5330f3a732beefd2364df6a051b5efce.jpg,messy_girl_
4222193395662629,,,Uploaded by user,Preppy slay,"Mon, 17 Nov 2025 00:19:46 +0000",https://i.pinimg.com/originals/53/56/f8/5356f85366329de8716a429ad1163103.jpg,messy_girl_
163255555237838968,,#vintage #messy,Uploaded by user,Poetry,"Tue, 20 May 2025 09:37:39 +0000",https://i.pinimg.com/originals/e5/c9/a4/e5c9a4d621d951944b90df6941affe19.jpg,messy_girl_
10203536651922302,,,Uploaded by user,abby,"Sat, 13 Dec 2025 04:32:36 +0000",https://i.pinimg.com/originals/e8/a1/1a/e8a11aa4d5c0239754a2d178357e7896.jpg,messy_girl_
147352219053379937,,,Uploaded by user,Pretty Things,"Wed, 24 Dec 2025 12:08:52 +0000",https://i.pinimg.com/originals/7d/70/b2/7d70b2868c51e92169fd46a5e5ff746a.jpg,messy_girl_
9781324186551967,,,Uploaded by user,living life ☀️,"Mon, 14 Jul 2025 23:08:13 +0000",https://i.pinimg.com/originals/3b/30/91/3b30918256090b25a4aa95c6c2fe65d0.jpg,messy_girl_
7670261862315280,,,Uploaded by user,Hairstyles 💇🏼‍♀️,"Thu, 11 Dec 2025 13:06:03 +0000",https://i.pinimg.com/originals/4f/76/7a/4f767ad78391285b1182e7c328921aab.jpg,messy_girl_
43417583905432169,Messy girl,Messy girl | #messy #girl #messygirl #bossy #bossygirl #blonde #coffee #trend #smart #fyp #idea #inspo #motivation,Uploaded by user,me core!!!,"Wed, 07 Jan 2026 18:16:47 +0000",https://i.pinimg.com/originals/5f/e0/88/5fe088f8352aa14cc9d268c16c846c65.jpg,messy_girl_
46795283622513860,,,Uploaded by user,fashion,"Wed, 05 Feb 2025 16:49:54 +0000",https://i.pinimg.com/originals/34/36/06/34360673d31e425e9a48e824a170f8fc.jpg,messy_girl_
5840674507985594,,,Uploaded by user,Pics pa' mi feed en insta,"Sat, 16 Jul 2022 06:01:00 +0000",https://i.pinimg.com/originals/45/f0/a7/45f0a7400e9347673f04b3cff294a5ee.jpg,messy_girl_
9359111722221297,,,Uploaded by user,"Hair, Makeup inspo✨️","Tue, 06 Jan 2026 05:41:44 +0000",https://i.pinimg.com/originals/b7/56/77/b756774b79054de49c956fa2c2607b6a.jpg,messy_girl_
15551561209969020,,,Uploaded by user,Meus Pins salvos,"Wed, 12 Nov 2025 23:50:04 +0000",https://i.pinimg.com/originals/dc/b2/ea/dcb2eaa5afbf42ed14fb519cc2e592ce.jpg,messy_girl_
8866530511786426,,,Uploaded by user,Sof<3,"Thu, 30 Oct 2025 17:28:20 +0000",https://i.pinimg.com/originals/f9/4f/41/f94f41f2e3335b4123ff5d8ba2ceb8f7.jpg,messy_girl_
20195898327256125,,desiree,Uploaded by user,this is so girl aesthetic,"Mon, 05 Jan 2026 00:31:31 +0000",https://i.pinimg.com/originals/e4/f9/fc/e4f9fc392fa8191cd2e418ce8c1bc936.jpg,messy_girl_
14918242511227699,,,Uploaded by user,Spring is springing,"Wed, 30 Apr 2025 20:33:47 +0000",https://i.pinimg.com/originals/dd/c5/a4/ddc5a45932497a829422eaae1e28d681.jpg,messy_girl_
299419075249801095,,,Uploaded by user,Me😝,"Sun, 07 Dec 2025 02:45:54 +0000",https://i.pinimg.com/originals/a6/58/ba/a658ba551d62d35ef9c0dc80a419b879.jpg,messy_girl_
84512930503343936,messy bag,messy girl,Uploaded by user,Messy GIRL,"Tue, 13 May 2025 22:58:59 +0000",https://i.pinimg.com/originals/6a/a8/67/6aa867abae28146b54cde79da15b6cbc.jpg,messy_girl_
10696117858212315,messy curly ponytail,,fixmycurls.com,s t y l e,"Fri, 20 Oct 2023 15:17:24 +0000",https://i.pinimg.com/originals/6a/21/47/6a2147d8550c44b1dc2af59bd84101db.jpg,messy_girl_
774124931434584,,,Uploaded by user,Hair styles,"Tue, 20 Jan 2026 17:57:56 +0000",https://i.pinimg.com/originals/fa/f2/13/faf213b0eb8c98cc9e0fcf8cc749e72b.jpg,messy_girl_
19421842139932043,,,Uploaded by user,2026,"Sat, 03 Jan 2026 15:57:09 +0000",https://i.pinimg.com/originals/84/a3/43/84a3432aa020680d11809d6d830d4122.jpg,messy_girl_
113715959336793672,,Messy sexy,modelinia.com,Your Pinterest Likes,"Mon, 21 Apr 2025 02:35:36 +0000",https://i.pinimg.com/originals/ad/ad/b2/adadb2a0ce6c5935526e7e8bf2975407.jpg,messy_girl_
67202219435873491,,,pbs.twimg.com,Frozen Charlotte,"Sat, 20 Sep 2025 04:15:25 +0000",https://i.pinimg.com/originals/49/5c/85/495c85c59e1904d6efc9eef25bd64d6e.jpg,messy_girl_
15058980000393146,"Braid, Gold Hoops, White Tank on a Deck","laid back summer, coastal beauty, simple outfit inspo, porch aesthetic",amazon.com,Reagan- hair styles,"Wed, 24 Dec 2025 02:21:49 +0000",https://i.pinimg.com/originals/ff/7d/f2/ff7df2bcc771881bdf701baa915c7f5c.jpg,messy_girl_
3729612269012350,,,Uploaded by user,hair.,"Wed, 08 Oct 2025 05:20:10 +0000",https://i.pinimg.com/originals/55/88/5f/55885fb04cb05339d62d924d0c7579f5.jpg,messy_girl_
122863896087886877,,,Uploaded by user,My aesthetic,"Sun, 09 Feb 2025 07:31:44 +0000",https://i.pinimg.com/originals/c4/02/cd/c402cdf34461608e6af72711d9df3bcf.jpg,messy_girl_
104990235057641643,,,Uploaded by user,2026 VISION BOARD,"Mon, 05 Jan 2026 19:31:55 +0000",https://i.pinimg.com/originals/f0/fa/db/f0fadbe289b2d34ceda5903f12d6594e.jpg,messy_girl_
4996249583577475,Messy girl aesthetic,Be yourself <333    #messy #aesthetic #girl,Uploaded by user,party,"Mon, 29 Dec 2025 08:20:53 +0000",https://i.pinimg.com/originals/73/5a/4f/735a4ff698416fe53ae673b5d0b6a790.jpg,messy_girl_
9851692931545728,,,Uploaded by user,Snel bewaren,"Sun, 08 Dec 2024 20:23:24 +0000",https://i.pinimg.com/originals/91/9e/26/919e265dcaca010a668e9262a38b885e.jpg,messy_girl_
15621929952356367,,,Uploaded by user,me,"Wed, 24 Dec 2025 19:49:22 +0000",https://i.pinimg.com/originals/0e/78/e0/0e78e018c997b5e2abab17e4b1dfa1aa.jpg,messy_girl_
33143747255770805,,,Uploaded by user,Two Thousand and Twenty Six 🥂,"Thu, 01 Jan 2026 05:42:01 +0000",https://i.pinimg.com/originals/5e/96/8d/5e968d86367a9345849fbac2393171d1.jpg,messy_girl_
5770305769097025,tired girl makeup,,instagram.com,Makeup,"Fri, 18 Jul 2025 00:28:49 +0000",https://i.pinimg.com/originals/78/e3/21/78e3212313f4bd0e01e706a1258d8161.jpg,messy_girl_
26810560281794148,,,Uploaded by user,inspo,"Mon, 13 Oct 2025 11:18:26 +0000",https://i.pinimg.com/originals/1e/de/12/1ede121427e15ec22b6bed312149a8f0.jpg,messy_girl_
18436679719692423,,,Uploaded by user,Projet 🩷,"Tue, 01 Jul 2025 00:09:04 +0000",https://i.pinimg.com/originals/58/b9/03/58b90390c02ae74d39678775a7fa3d04.jpg,messy_girl_
104708760082325197,Messy,#messy #messygirl,Uploaded by user,amani,"Tue, 11 Feb 2025 19:52:42 +0000",https://i.pinimg.com/originals/5d/25/22/5d2522d246dfb4f7f03f30f2ca2105ba.jpg,messy_girl_
9218374233071260,,,Uploaded by user,hair,"Sun, 11 Jan 2026 06:16:33 +0000",https://i.pinimg.com/originals/9a/21/81/9a21810aacdc9e6147f838dccbc51069.jpg,messy_girl_
114208540546302007,Messy black hair puffy under eyes natural morning face sad girl aesthetic,Sad girl aesthetic messy hair swollen eyes,Uploaded by user,ininissttaaa,"Mon, 21 Apr 2025 04:43:47 +0000",https://i.pinimg.com/originals/2b/14/65/2b14652479c09e1c41a158e12954229d.jpg,messy_girl_
10344274146528479,,,Uploaded by user,outfit ideas,"Mon, 21 Apr 2025 00:38:23 +0000",https://i.pinimg.com/originals/7d/58/45/7d584576f4c0aab642e1721c4f866f1c.jpg,messy_girl_
2392606048647648,,poppy o’hair • ever after high • aesthetic,Uploaded by user,VISION BROAD  ig,"Thu, 11 Dec 2025 03:11:01 +0000",https://i.pinimg.com/originals/2a/1a/9a/2a1a9a1b3e54244acf3f5650ce1e578f.jpg,messy_girl_
211174978514600,,,Uploaded by user,Julyy,"Sun, 27 Jul 2025 09:14:16 +0000",https://i.pinimg.com/originals/76/60/6a/76606a2ccfcde20aa35ba9b20fd6888f.jpg,messy_girl_
10062799164053512,,,Uploaded by user,hairstyles,"Sat, 20 Dec 2025 21:46:06 +0000",https://i.pinimg.com/originals/cd/56/f3/cd56f3008e1275d315d64f60a59e2f24.jpg,messy_girl_
226094843789098954,,#messy #aesthetic #fyp,Uploaded by user,☆ Fits and makeup°・,"Sun, 19 Oct 2025 04:28:58 +0000",https://i.pinimg.com/originals/17/e9/ed/17e9ed0c2b83e70e6dc6d6e98441cc64.jpg,messy_girl_
35536284555150517,Clean girl 🥰,#cleangirl #messy #trendy,Uploaded by user,stick together,"Mon, 17 Feb 2025 20:16:43 +0000",https://i.pinimg.com/originals/86/38/23/863823e9dd4fc62e577d30ca7a98a908.jpg,messy_girl_
46021227436817703,🎀,,Uploaded by user,the art of girl mess,"Thu, 07 Mar 2024 02:25:14 +0000",https://i.pinimg.com/originals/75/3d/7f/753d7f5e15e2fe475806f479231dc63c.jpg,messy_girl_
328410997841773915,,,Uploaded by user,Manifesting my life,"Mon, 04 Sep 2023 22:33:19 +0000",https://i.pinimg.com/originals/43/76/79/4376798f923017e25b64b71e3b5193b2.jpg,messy_girl_
4785143349090154,,,Uploaded by user,RED.,"Sat, 16 Sep 2023 14:22:13 +0000",https://i.pinimg.com/originals/82/c7/6a/82c76a7722e150a5438afa34ff1bc16c.jpg,messy_girl_
4925880837096128,,,Uploaded by user,девушки,"Tue, 07 Jan 2025 00:41:56 +0000",https://i.pinimg.com/originals/0c/3c/2c/0c3c2c217868ba5a25639df68f3ad996.jpg,messy_girl_
4362930881617412,🚬,,instagram.com,,"Mon, 12 Jun 2023 16:19:10 +0000",https://i.pinimg.com/originals/6a/9a/6c/6a9a6c25432fc6ba9785ee9b072ca64e.jpg,messy_girl_
44824958788200869,,#messygirl,Uploaded by user,I hate clean girl,"Fri, 12 Dec 2025 16:04:44 +0000",https://i.pinimg.com/originals/33/a9/21/33a9215b702a80e40aa24d319a52bf11.jpg,messy_girl_
65794844551697643,,messy,Uploaded by user,aesthetic girlssss ✨✨✨🎀🎀🎀,"Fri, 09 May 2025 22:35:48 +0000",https://i.pinimg.com/originals/8b/84/c1/8b84c1333d04baa588d70289f953f5bb.jpg,messy_girl_
7177680650777239,,,Uploaded by user,second 1/2 '24,"Fri, 19 Jul 2024 12:44:58 +0000",https://i.pinimg.com/originals/c0/16/42/c01642e5bf81cb49a6bc6aea59efc406.jpg,messy_girl_
29906785020013256,vision board,messy girl,Uploaded by user,me me mee,"Tue, 17 Sep 2024 03:06:20 +0000",https://i.pinimg.com/originals/fc/31/e6/fc31e6136ea0b2520887e373ff99040f.jpg,messy_girl_
63894888472975626,,,Uploaded by user,vision board (22),"Sat, 17 May 2025 02:10:44 +0000",https://i.pinimg.com/originals/55/cb/49/55cb49ff43208b32a6ea3964d1d68858.jpg,messy_girl_
1618549859703751,,,Uploaded by user,Groomed,"Thu, 04 Aug 2022 20:48:02 +0000",https://i.pinimg.com/originals/8a/af/6c/8aaf6c89b1ee10f646b06b9074c962dd.jpg,messy_girl_
3518505955304922,,,Uploaded by user,2026 aesthetic,"Sat, 03 Jan 2026 17:38:25 +0000",https://i.pinimg.com/originals/ff/6e/17/ff6e17d5e135d047c7acf2311b6af3ff.jpg,messy_girl_
41799102783073376,,,Uploaded by user,Inspiration illustration,"Fri, 10 Feb 2023 13:28:20 +0000",https://i.pinimg.com/originals/78/f2/f6/78f2f67d0b9f02423807b2bb7b22b04f.jpg,messy_girl_
4081455905131069,"living in LA: vlog 1. apartment hunting,shopping & shopping haul,PR haul😋 - YouTube",,youtu.be,Covers + Thumbnails,"Fri, 22 Sep 2023 00:22:10 +0000",https://i.pinimg.com/originals/f8/b3/a9/f8b3a988bf2245213a688d6681c47238.jpg,messy_girl_
326370304266674261,浮世 - Ukiyo,,Uploaded by user,Keeping up with Josh.p: in Uni! 📚,"Wed, 27 Aug 2025 12:35:30 +0000",https://i.pinimg.com/originals/59/14/7b/59147b00189f4ec07d06facdd2f9bbe0.jpg,messy_girl_
43136108927731879,,,amazon.com,2026 tyshi,"Wed, 14 Jan 2026 04:50:20 +0000",https://i.pinimg.com/originals/08/12/45/0812458f57cf0387f713d18db3b990a6.jpg,messy_girl_
18507048539046973,,,Uploaded by user,vision board,"Fri, 17 Oct 2025 05:13:16 +0000",https://i.pinimg.com/originals/a1/05/8a/a1058ac8632865c502580811b36ad2f8.jpg,messy_girl_
8092474326527694,,,Uploaded by user,pictures i just like,"Thu, 29 May 2025 07:11:02 +0000",https://i.pinimg.com/originals/65/25/64/652564a363abbdd94c59f69d524b75a5.jpg,messy_girl_
8092474326908674,,,Uploaded by user,the life i felt promised is the life i will live,"Fri, 26 Sep 2025 18:02:49 +0000",https://i.pinimg.com/originals/eb/ec/e6/ebece628bf3855a92dd57e9bfbbf1842.jpg,messy_girl_
14003448836748628,,,Uploaded by user,Look,"Wed, 25 Dec 2024 00:11:57 +0000",https://i.pinimg.com/originals/04/b7/71/04b771001a5eeeafb51a76129d589f8e.jpg,messy_girl_
8936899258007298,♡,,Uploaded by user,Lara,"Sat, 06 Dec 2025 21:34:56 +0000",https://i.pinimg.com/originals/4b/70/a0/4b70a019927e298350c803f408ad3c74.jpg,messy_girl_
281543726561167,,vogue magazine,Uploaded by user,2026,"Tue, 13 Jan 2026 11:52:04 +0000",https://i.pinimg.com/originals/34/91/75/349175d5527d9b5aa26e2ab5ad3fd360.jpg,messy_girl_
25543922881085561,,,Uploaded by user,Daisy Jones & The Six,"Tue, 14 Mar 2023 22:49:47 +0000",https://i.pinimg.com/originals/1f/83/06/1f83061682987cbd7069d9c9b5e28412.jpg,messy_girl_
230668812560864419,,,Uploaded by user,Hairstyles,"Wed, 14 Jan 2026 05:58:57 +0000",https://i.pinimg.com/originals/ea/be/eb/eabeeb8d1e3e5060291f99d2ab1da5ac.jpg,messy_girl_
39969515437806741,,,Uploaded by user,Me core !!!,"Thu, 06 Mar 2025 19:21:57 +0000",https://i.pinimg.com/originals/b1/f7/1d/b1f71d731da32e104e972b8a4511de4a.jpg,messy_girl_
57983913947696681,,ִ ࣪⭑,Uploaded by user,🥥🌷🐚☆1,"Sun, 16 Mar 2025 07:29:26 +0000",https://i.pinimg.com/originals/b7/32/9b/b7329b4d37d9f494b36f3676d7a5c3e9.jpg,messy_girl_
151715081192794582,girl's gossip session,A little bit messy aesthetic,Uploaded by user,Pins by you,"Thu, 30 Jan 2025 17:38:31 +0000",https://i.pinimg.com/originals/63/85/19/6385199a5f41ee900b7ac5680a5cb502.jpg,messy_girl_
84935142969161821,,"Vol 27. On Substack - “Cue the Messy Girl Aesthetic” ✨ Sooo many different thoughts on this cause this could just make you look lazy and look like you got out of bed… i think it’s finding the balance in effortless taste that really was someone NOT trying that hard…is that even possible? I see some people that want elements of this vibe and then none at all. TBD

#messygirlaesthetic #messygirl #personalstylist",instagram.com,Social,"Tue, 24 Jun 2025 17:28:18 +0000",https://i.pinimg.com/originals/72/59/e1/7259e1b891182192588bf872debede7a.jpg,messy_girl_
11047961582445727,Hair styles,"Hair style, messy bun",Uploaded by user,autumn 🍂,"Tue, 11 Nov 2025 19:32:25 +0000",https://i.pinimg.com/originals/5e/b0/3c/5eb03c4ddbc222cfce0ed9e287f4aadf.heic,messy_girl_
6333255724675987,,..,Uploaded by user,2026 trend forecast,"Mon, 29 Dec 2025 19:18:35 +0000",https://i.pinimg.com/originals/a4/64/74/a46474c90347ec15ae13f09b43e85e59.jpg,messy_girl_
429812358208622952,,messy hair no makeup its 80°,Uploaded by user,Messy girl,"Tue, 17 Dec 2024 03:27:30 +0000",https://i.pinimg.com/originals/75/01/cc/7501cc30cccfa8c99ef06d2359d8d350.jpg,messy_girl_
222294931602068792,,guys be honest Am I chopped ??,instagram.com,Wingerz energy,"Sun, 28 Dec 2025 17:07:06 +0000",https://i.pinimg.com/originals/1b/25/8f/1b258ff182b50ffa365f3ad2098191b8.jpg,messy_girl_
775463629624272426,,lizzie young,Uploaded by user,boys of tommen | chloe walsh,"Tue, 15 Apr 2025 20:02:32 +0000",https://i.pinimg.com/originals/48/21/3f/48213f7aa288f1ac5a790d7d464cd764.jpg,messy_girl_
534943262009154729,,#messygirl,Uploaded by user,Dine pins,"Sat, 09 Aug 2025 14:38:07 +0000",https://i.pinimg.com/originals/cc/42/df/cc42dffc042f6307872a17d25602bf4f.heic,messy_girl_
626985579415458183,,,Uploaded by user,Pins by you,"Wed, 22 Oct 2025 01:37:16 +0000",https://i.pinimg.com/originals/8c/f8/ca/8cf8ca2f28d6d07e708aa9425a2872e5.jpg,messy_girl_
15973773674697633,blur aesthetic,,Uploaded by user,wed,"Wed, 03 Sep 2025 01:43:43 +0000",https://i.pinimg.com/originals/6e/62/35/6e623504606a4f1c8e68530e7e6428b9.jpg,messy_girl_
26740191531615990,,,Uploaded by user,li shen | au,"Sat, 05 Apr 2025 10:32:58 +0000",https://i.pinimg.com/originals/96/fc/1a/96fc1aec028b858d3f93dce55c82aa00.jpg,messy_girl_
1477812374774872,messy charcoal,,Uploaded by user,Every Breath You Take,"Wed, 12 Nov 2025 14:07:53 +0000",https://i.pinimg.com/originals/8a/c6/62/8ac662560aa3bb62c346aaf39154a4e4.jpg,messy_girl_
174092341841165836,,#mini anden#ana claudia michels#2000,Uploaded by user,3,"Sat, 10 Jan 2026 10:07:39 +0000",https://i.pinimg.com/originals/c1/d6/f6/c1d6f624da0511ac59fd0a3b5f970fa4.jpg,messy_girl_
380624606034809604,Messy girl aesthetic,Messy girl aesthetic #makeup,Uploaded by user,messy aesthetic,"Mon, 15 Dec 2025 19:15:31 +0000",https://i.pinimg.com/originals/a2/f0/1a/a2f01a1d30eb0bfd6ebb2e63d038f4a8.jpg,messy_girl_
2955556000699981,,,instagram.com,makeup/nails/hair,"Sun, 17 Mar 2024 00:02:06 +0000",https://i.pinimg.com/originals/e4/5a/70/e45a704b6cf9c2cb828c71f8fb7ef51b.jpg,messy_girl_
4433299626424640,🕊,,Uploaded by user,beauty,"Thu, 20 Oct 2022 19:57:48 +0000",https://i.pinimg.com/originals/fa/49/78/fa497870c91e91361e36e0b5288a8d87.jpg,messy_girl_
37084396931163350,,,Uploaded by user,Hair,"Mon, 01 Dec 2025 14:30:01 +0000",https://i.pinimg.com/originals/f9/26/1a/f9261a95ee2f74b6577363325e75b927.jpg,messy_girl_
2392606048559793,🫧,,Uploaded by user,my future ranch,"Thu, 13 Nov 2025 02:44:24 +0000",https://i.pinimg.com/originals/86/04/74/86047481082d6b72f8342e89a5828e7a.png,messy_girl_
414683078208526098,,,Uploaded by user,bread,"Sun, 05 Jan 2025 22:39:18 +0000",https://i.pinimg.com/originals/50/f7/66/50f7665724239c1a62213a2d8e42abdf.jpg,messy_girl_
6825836930019742,,,Uploaded by user,O,"Tue, 25 Nov 2025 19:12:22 +0000",https://i.pinimg.com/originals/fa/a6/a5/faa6a58555d6e37d0c1296e186888e5a.jpg,messy_girl_
38773246788047793,,#makeup #messy #aesthetic #tumblr,Uploaded by user,Spotify playlists,"Sat, 17 May 2025 02:51:38 +0000",https://i.pinimg.com/originals/64/2d/ec/642dec4e49e57e2088e3d04efd921d55.jpg,messy_girl_
138696863520948832,,Juan Carlos Obando Fall 2012.,Uploaded by user,Волосы,"Thu, 04 Dec 2025 08:23:25 +0000",https://i.pinimg.com/originals/8a/2f/ba/8a2fbafafdfe573c10e6d234c706a9f3.jpg,messy_girl_
314126142783755914,Messy bun,,Uploaded by user,Laufey,"Thu, 23 Oct 2025 02:14:05 +0000",https://i.pinimg.com/originals/5c/d0/98/5cd0984056d9be504811e0c2216fd393.png,messy_girl_
68747140903,,,Uploaded by user,summer,"Thu, 08 Feb 2024 00:58:54 +0000",https://i.pinimg.com/originals/ee/f2/4a/eef24a49ca59b3b96fe921a2cb53522f.jpg,messy_girl_
1618549863707541,,,Uploaded by user,cherish,"Fri, 10 Jan 2025 14:28:44 +0000",https://i.pinimg.com/originals/f2/1d/b6/f21db6fa3e01b8e9622a6559dabd6e65.jpg,messy_girl_
2392606048670533,,,Uploaded by user,1 - Visión Board,"Thu, 18 Dec 2025 22:51:25 +0000",https://i.pinimg.com/originals/8a/da/c2/8adac2f0e474d8229551e7498c3918ea.jpg,messy_girl_
1477812369112940,,,Uploaded by user,uff,"Tue, 15 Jun 2021 06:56:10 +0000",https://i.pinimg.com/originals/37/5e/4b/375e4bce33c34a75e47bfbd8bc77325f.jpg,messy_girl_
46021227438514847,,MESSY HAIR!!,Uploaded by user,tangles,"Fri, 12 Sep 2025 03:10:12 +0000",https://i.pinimg.com/originals/4d/d5/e5/4dd5e5f96af9a67d7ee56027d306516f.jpg,messy_girl_
774124930916295,,,Uploaded by user,A e s t h e t i c,"Thu, 10 Jul 2025 22:30:57 +0000",https://i.pinimg.com/originals/c2/2f/cd/c22fcd3f6ca67a56cc344d3d502235b2.jpg,messy_girl_
37717715604467281,,,Uploaded by user,- People,"Mon, 04 Aug 2014 18:58:36 +0000",https://i.pinimg.com/originals/ee/dd/34/eedd34501a5a41bc4565f3d721eeaa3f.jpg,messy_girl_
22799541858559531,nullity,,Uploaded by user,Cursed Images,"Thu, 15 Aug 2024 10:33:09 +0000",https://i.pinimg.com/originals/b4/0e/f4/b40ef4f2d62de5d33f850696b01a86c4.jpg,messy_girl_
668925350941504012,,#isabelmarant #offduty #fashiongirl #inspo,instagram.com,prettyswag22,"Tue, 08 Jul 2025 11:57:47 +0000",https://i.pinimg.com/originals/7b/14/54/7b145491ea3613537ad4dd94542a3737.jpg,messy_girl_
2392606048748750,,,Uploaded by user,VISION BROAD  ig,"Sat, 10 Jan 2026 02:51:04 +0000",https://i.pinimg.com/originals/9e/31/eb/9e31eb36f29fcad7898d5329b6d0beb6.jpg,messy_girl_
16747829861292434,,,Uploaded by user,Diary Girl,"Sun, 13 Apr 2025 20:42:41 +0000",https://i.pinimg.com/originals/86/81/f8/8681f864567efac541eaa889c50221ed.jpg,messy_girl_
326722147990856921,Messy girl,"Aesthetic, Messy, cool girl",Uploaded by user,messy girl aesthétic,"Tue, 30 Dec 2025 05:41:11 +0000",https://i.pinimg.com/originals/e4/d3/e3/e4d3e38a0d927e9d354ed3260ae3c73b.jpg,messy_girl_
27443878976542706,,,Uploaded by user,vision board,"Wed, 31 Dec 2025 17:53:39 +0000",https://i.pinimg.com/originals/98/66/f5/9866f52800d0efef158807fb58a4c88c.jpg,messy_girl_
1196337393082750,90s vibes,,dannijo.com,Hairspiration,"Tue, 18 May 2021 03:59:15 +0000",https://i.pinimg.com/originals/7b/33/b3/7b33b3afb8f93dde0855fef25f54fc4d.jpg,messy_girl_
715227984593451875,,,Uploaded by user,Summer Time,"Wed, 10 May 2023 19:11:29 +0000",https://i.pinimg.com/originals/51/ec/8f/51ec8fe64773434a94ec09853fbbd8b5.jpg,messy_girl_
118571402685626268,,,Uploaded by user,you know you like it,"Mon, 30 Jun 2025 20:16:16 +0000",https://i.pinimg.com/originals/05/d1/9c/05d19cc3482eeba38662a2bcf7427c58.jpg,messy_girl_
844493675863689,I’m just a teenage girl,#room #messy #imjustagirl,Uploaded by user,random pics i like,"Wed, 13 Aug 2025 17:21:58 +0000",https://i.pinimg.com/originals/6f/0d/71/6f0d71a164b7aa005860a09590e62504.jpg,messy_girl_
38491771808657728,We Heart It,,weheartit.com,we never go out of style,"Mon, 02 Jan 2023 05:33:00 +0000",https://i.pinimg.com/originals/a9/31/63/a9316368dd001695f494c825adf568d2.png,messy_girl_
44824958788200881,Messy hair,#hair #messy #aesthetic #messygirl #hairinspo #effortless,Uploaded by user,I hate clean girl,"Fri, 12 Dec 2025 16:06:18 +0000",https://i.pinimg.com/originals/38/0c/2e/380c2ea0e8e1f57ee8369a19ad6b8f6f.heic,messy_girl_
12947917673699873,,,Uploaded by user,pics,"Mon, 11 Mar 2024 17:46:21 +0000",https://i.pinimg.com/originals/66/60/6c/66606cd1e9f58b2c6cbb179862c71fae.jpg,messy_girl_
19281104652396272,,messy girl room aesthetic dirty 2000s,Uploaded by user,PEEZ🫛,"Mon, 01 Sep 2025 22:24:23 +0000",https://i.pinimg.com/originals/df/16/c9/df16c9f9c003b763cb7357046db777b2.jpg,messy_girl_
792985446931506655,-𝐏𝐢𝐧𝐧𝐞𝐝 𝐛𝐲 𝐙𝐚𝐟𝐢𝐢♡⤸•🦋🚩,,Uploaded by user,-𝐆𝐢𝐫𝐥𝐬 𝐃𝐩𝐳 ♡⤸•,"Thu, 08 Jan 2026 17:37:38 +0000",https://i.pinimg.com/originals/0b/e0/63/0be0638bb10ede58142202322f43ec98.jpg,messy_girl_
10907224091858322,,,Uploaded by user,A m,"Tue, 30 Jul 2024 02:48:38 +0000",https://i.pinimg.com/originals/8f/c2/30/8fc23037d900f202e6707d87c5f9969e.jpg,messy_girl_
680043612525782709,🪽,Messy clean girl aesthetic💋,Uploaded by user,Slay🎀,"Sat, 03 Jan 2026 02:16:06 +0000",https://i.pinimg.com/originals/89/a9/df/89a9df4a7d2dd4081b5a716f84a529c4.jpg,messy_girl_
67976275792745598,,,Uploaded by user,Twenty Twenty Six,"Sat, 10 Jan 2026 23:40:57 +0000",https://i.pinimg.com/originals/b2/cd/0e/b2cd0ed837f0098e1fb6db3358cc2445.jpg,messy_girl_
16325617396946089,,,Uploaded by user,dreaming,"Tue, 16 Dec 2025 04:45:00 +0000",https://i.pinimg.com/originals/a3/0a/e8/a30ae8104fa966f56405e28148f3046d.jpg,messy_girl_
1125968650968621,nikkilovesher27,,Uploaded by user,hair,"Wed, 29 Nov 2023 04:06:41 +0000",https://i.pinimg.com/originals/d2/50/21/d25021c6c9885f5b1bb7c8766dad9957.jpg,messy_girl_
17029304837060034,,how to be a messy girl ?**@*47+^@]*#?×(×]>÷>@??';,Uploaded by user,"izzy, rabbit hole","Sat, 23 Nov 2024 06:40:02 +0000",https://i.pinimg.com/originals/b1/d1/8b/b1d18b05a2b316dc4ee63553b10313fd.jpg,messy_girl_
25825397860138219,diet pepsi,"red grunge, vintage americana, diet pepsi, addison rae, dark red, digicam, digital camera, brown and red",instagram.com,Drawing references,"Mon, 17 Nov 2025 21:20:13 +0000",https://i.pinimg.com/originals/1b/88/49/1b8849c2c5b5e035f8929a0bc8bcfde1.jpg,messy_girl_
140806234733450,@ELLE,,Uploaded by user,style,"Wed, 31 Dec 2025 20:39:37 +0000",https://i.pinimg.com/originals/f9/ca/ae/f9caae002a67a7f475a4e630be511162.jpg,messy_girl_
8514686788550684,Hairstyle,,tiktok.com,peluquera,"Fri, 18 Aug 2023 19:38:39 +0000",https://i.pinimg.com/originals/74/24/3b/74243b9a08f4916cff6721c080adfcf1.jpg,messy_girl_
446841594301565770,,,Uploaded by user,Shoot mood board 1,"Mon, 29 Dec 2025 08:26:31 +0000",https://i.pinimg.com/originals/22/04/67/2204678df1a9060eb1ebb0965403e7b4.jpg,messy_girl_
158751955610231626,💃🏻,,Uploaded by user,nora,"Sun, 16 Feb 2025 19:55:25 +0000",https://i.pinimg.com/originals/ed/94/60/ed946064629ecf442eafb798236f4edd.jpg,messy_girl_
1900024839394513,,,Uploaded by user,✬ hairstyle ✬,"Sat, 20 Sep 2025 05:16:39 +0000",https://i.pinimg.com/originals/43/98/5c/43985c83e92c73b73a5eb40d3cb50567.jpg,messy_girl_
19351473395005491,getting ready,messy girl getting ready,Uploaded by user,Vision board 26,"Sun, 04 Jan 2026 23:04:03 +0000",https://i.pinimg.com/originals/55/6c/be/556cbe05915360b84f4583810c43fc1c.jpg,messy_girl_
104216178873243890,chic mess,chic mess bathroom get ready with me heels versace aesthetic vogue messy hot mess !not my photo!,Uploaded by user,products,"Sun, 04 Jan 2026 19:27:36 +0000",https://i.pinimg.com/originals/10/51/bc/1051bc417895a460c92830c077136331.jpg,messy_girl_
655625658271389322,,,Uploaded by user,alloy,"Sat, 17 Dec 2022 13:02:28 +0000",https://i.pinimg.com/originals/db/81/97/db81973c10ee6c83c148624e5cc5bcee.jpg,messy_girl_
1055599908432371,,,Uploaded by user,motivation,"Fri, 20 Jun 2025 04:54:08 +0000",https://i.pinimg.com/originals/5b/08/6c/5b086cbc7489f09ab3e385347f098a68.jpg,messy_girl_
528539706287344962,,messy girl pfp vibe,Uploaded by user,messy,"Thu, 30 Jan 2025 21:41:33 +0000",https://i.pinimg.com/originals/53/a7/33/53a733e480375e09b990d30a4ddac1ec.jpg,messy_girl_
1337074890024753,lazy bun and claw clip day,"messy bun, mini claw clips &  thrifted cardigan energy 🐌",Uploaded by user,Hair,"Sat, 03 Jan 2026 17:02:19 +0000",https://i.pinimg.com/originals/58/4c/02/584c02e514d210eead4372b304c39031.heic,messy_girl_
18718154694410336,,,Uploaded by user,s. juliannon,"Fri, 08 Nov 2024 15:13:30 +0000",https://i.pinimg.com/originals/07/eb/8f/07eb8fadde559b71cbeec2df5943991f.jpg,messy_girl_
1900024838215850,,,Uploaded by user,године,"Thu, 01 Aug 2024 03:09:47 +0000",https://i.pinimg.com/originals/d0/14/3b/d0143b07a41401056af2ec8af05940a4.jpg,messy_girl_
174373816811810784,,,assets.vice.com,Printed,"Wed, 02 Dec 2020 05:27:19 +0000",https://i.pinimg.com/originals/e1/a5/64/e1a5643449cc11145195a6bdf8e0fb31.jpg,messy_girl_
2533343538745705,,,Uploaded by user,life’s so fun life’s so fun,"Sun, 28 Dec 2025 21:04:50 +0000",https://i.pinimg.com/originals/50/20/b8/5020b81cae24a9df770029d0dc216af9.heic,messy_girl_
52213676924913859,Getting ready 💄 #girlhood,Aesthetic going out | Girl hood,Uploaded by user,tandi ayele.,"Tue, 14 Oct 2025 16:21:28 +0000",https://i.pinimg.com/originals/d5/e3/40/d5e340c46ace2310ab366a2d67a59dcf.jpg,messy_girl_
83879611806203684,,,instagram.com,GROWING UP GLAM,"Sun, 05 Oct 2025 00:57:31 +0000",https://i.pinimg.com/originals/b3/75/fe/b375fe451043a0891ca75bf5c73b28f3.jpg,messy_girl_
80079699616966285,Messy,,Uploaded by user,Hannah🥰,"Fri, 16 Jun 2023 03:31:50 +0000",https://i.pinimg.com/originals/ae/ed/3c/aeed3c2df7875134b39567970630207d.jpg,messy_girl_
3518505954347258,messy hair🦇,,Uploaded by user,beauty,"Wed, 19 Feb 2025 18:28:54 +0000",https://i.pinimg.com/originals/0b/4c/86/0b4c86e51566d2a348b6724894fc8d3a.jpg,messy_girl_
37436240649217882,🌸ꨄSave/follow✰🎋,,Uploaded by user,Vibes FR,"Sun, 06 Apr 2025 22:24:24 +0000",https://i.pinimg.com/originals/88/8b/c0/888bc002447ac08e71451e56e85cbe3a.jpg,messy_girl_
1900024839507881,,,Uploaded by user,ෆ summer fits ෆ,"Sun, 02 Nov 2025 07:09:30 +0000",https://i.pinimg.com/originals/d2/48/0b/d2480b2b2f862db7b8f0da9b7dc91fe3.jpg,messy_girl_
5629568277806619,Over head bed pic,,instagram.com,Photoshoot ideas,"Wed, 13 Mar 2024 02:11:11 +0000",https://i.pinimg.com/originals/40/c1/47/40c1470e4746e367980b6994e762d3ae.jpg,messy_girl_
8796161768316123,,,Uploaded by user,things I would post,"Thu, 06 Mar 2025 22:32:39 +0000",https://i.pinimg.com/originals/e6/27/e1/e627e1411e80686e0ed6d36b56756dbd.jpg,messy_girl_
588001295140329117,vouge magazine,messy girl aesthetic,Uploaded by user,äh outfit ideas,"Mon, 27 Oct 2025 19:36:25 +0000",https://i.pinimg.com/originals/32/98/1b/32981b09becc56bb85afdfdf7288aa4e.heic,messy_girl_
606719381089274596,♡,,Uploaded by user,gemma,"Mon, 03 Nov 2025 04:30:00 +0000",https://i.pinimg.com/originals/9b/12/6d/9b126da13eaba7e5d9df87ca4f2bee58.jpg,messy_girl_
3237030976788919,🕸,,Uploaded by user,vibes,"Tue, 07 May 2024 03:56:45 +0000",https://i.pinimg.com/originals/5a/0f/27/5a0f27ce5cd8be7405ad48d60872469b.jpg,messy_girl_
5770305769252347,,,Uploaded by user,Mood,"Sun, 07 Sep 2025 13:41:22 +0000",https://i.pinimg.com/originals/8b/d2/8f/8bd28fa2f0f28eb5e303a0e219a77f43.jpg,messy_girl_
11751649023365100,,(6) Instagram • Messages,instagram.com,FW,"Tue, 23 Dec 2025 11:23:32 +0000",https://i.pinimg.com/originals/0e/cd/29/0ecd29a921a09ef09d992c1b6e0c2539.jpg,messy_girl_
4292562138752776,,,instagram.com,everything’s better in the springtime,"Mon, 25 Mar 2024 07:23:56 +0000",https://i.pinimg.com/originals/bc/45/6e/bc456edba302816f0816e8bd9e1757fc.jpg,messy_girl_
27514247716171171,,,Uploaded by user,haircut inspo,"Wed, 20 Sep 2023 18:35:30 +0000",https://i.pinimg.com/originals/08/42/c2/0842c2d43134bf11109e886503441bbb.jpg,messy_girl_
5559199537941963,X,,x.com,twenty six ☆,"Sun, 07 Dec 2025 15:14:22 +0000",https://i.pinimg.com/originals/f3/9c/42/f39c42dabc0c5d42d8fea9d451597986.png,messy_girl_
4996249579292666,pic inspo - red light,,Uploaded by user,vibes,"Thu, 17 Mar 2022 07:13:51 +0000",https://i.pinimg.com/originals/52/c0/c9/52c0c95f4bc288fbb1cc50b49128d90e.jpg,messy_girl_
26740191531272503,,,Uploaded by user,Vision board 2025,"Sun, 29 Dec 2024 15:07:55 +0000",https://i.pinimg.com/originals/e5/4e/d0/e54ed0b1320c4293c1da1dccf5ab8bca.jpg,messy_girl_
8444318047407516,,,Uploaded by user,club classics'🪩🫧,"Sun, 07 Dec 2025 18:10:41 +0000",https://i.pinimg.com/originals/c3/dd/a3/c3dda35b778f95fdb72695d853896f96.jpg,messy_girl_
106890191152451673,kiss kiss,messy clean girl,Uploaded by user,Aesthetic,"Fri, 04 Apr 2025 00:21:53 +0000",https://i.pinimg.com/originals/f0/f6/5d/f0f65de902417a65690cf6ae669e9acf.jpg,messy_girl_
24206916744993201,,,Uploaded by user,me,"Tue, 04 Mar 2025 20:15:28 +0000",https://i.pinimg.com/originals/8d/94/e6/8d94e63bfad4f3ed23d0e1566c10d2ca.jpg,messy_girl_
113504853101226829,grunge,messy girl aesthetic #grunge #messyroom #nightpictures,Uploaded by user,ray/raven-story,"Tue, 02 May 2023 06:27:15 +0000",https://i.pinimg.com/originals/30/cd/79/30cd795ce77c561c82c1ca9563f30ef3.jpg,messy_girl_
140385713380013183,,,Uploaded by user,gal,"Fri, 08 Aug 2025 11:30:01 +0000",https://i.pinimg.com/originals/44/24/c7/4424c7daeb322a5f895fc2b442c0a164.jpg,messy_girl_
617696905182624769,,miri zabini,Uploaded by user,getting colderr,"Sun, 28 Sep 2025 12:01:51 +0000",https://i.pinimg.com/originals/80/9b/ea/809bea824af57e42b375cefac40d5131.jpg,messy_girl_
65794844552288115,,"she is me, i am her #chaotic #organised #aesthetic #coffee #partygirl #messygirl #fashion #fashiontok #jewelry #fakebody #pinterest #fy #foryou #viral",instagram.com,✨ ☕️becoming that french girl,"Tue, 11 Nov 2025 19:25:22 +0000",https://i.pinimg.com/originals/c9/7a/a8/c97aa84f2d38bab1a6ffc95ebe5eac65.jpg,messy_girl_
70437489424084,disposable camera photo,disposable camera photo bestie inspo getting ready friend,instagram.com,Getting Ready Photoshoot Inspo,"Fri, 08 Nov 2024 04:24:39 +0000",https://i.pinimg.com/originals/51/c6/dc/51c6dc2d57d2c977054fa3e388702856.jpg,messy_girl_
211174973356350,,,Uploaded by user,summerrrr,"Sat, 05 Jun 2021 16:30:37 +0000",https://i.pinimg.com/originals/28/75/99/2875992cd6efa33b7caab987113ba783.jpg,messy_girl_
15903404929651855,,,Uploaded by user,photography,"Wed, 12 Mar 2025 17:23:46 +0000",https://i.pinimg.com/originals/0d/76/ae/0d76aec51fbd65186d4e28acaf7dc50e.jpg,messy_girl_
17310779798144643,,TRESSES #jaime #wittybyprisca,Uploaded by user,Coiffure,"Sun, 16 Oct 2016 23:49:30 +0000",https://i.pinimg.com/originals/b9/7b/17/b97b17aa6277c1c8371376f43d5df93b.jpg,messy_girl_
388576274118134767,💥💄🍷,potential messy girl album cover 😻,Uploaded by user,•aesthetic•,"Thu, 02 Jan 2025 01:27:09 +0000",https://i.pinimg.com/originals/ad/db/16/addb1680325dfefa89e3b75ec1d69e58.jpg,messy_girl_
5348093303716306,,,Uploaded by user,Vale Urzúa,"Sat, 21 Jun 2025 20:01:33 +0000",https://i.pinimg.com/originals/ee/a4/5b/eea45bc57b0c9493d889050bf16848f7.jpg,messy_girl_
290200769758828034,,Messy french girl aesthetic,Uploaded by user,Vision Board | My Inspiration,"Tue, 24 Dec 2024 03:22:48 +0000",https://i.pinimg.com/originals/3c/c7/1c/3cc71c66fd03861cfabc5b63aec0b901.jpg,messy_girl_
25473554137312403,,,Uploaded by user,Hairdo,"Fri, 02 May 2025 04:36:35 +0000",https://i.pinimg.com/originals/06/f6/03/06f603009a2f643f3c7365763c82db6d.jpg,messy_girl_
8796161769721889,,,Uploaded by user,things I would post,"Mon, 04 Aug 2025 15:49:46 +0000",https://i.pinimg.com/originals/e3/80/0b/e3800b08193d98ffb8586d2cb1e0eef7.jpg,messy_girl_
636203884951276383,Spiritual baddie,#baddie#diva#foodie,Uploaded by user,Pins von dir,"Wed, 07 Jan 2026 18:22:56 +0000",https://i.pinimg.com/originals/18/00/c5/1800c50f2f4b7b147190f12f550bcc56.jpg,messy_girl_
326722147990856933,,,Uploaded by user,messy girl aesthétic,"Tue, 30 Dec 2025 05:42:04 +0000",https://i.pinimg.com/originals/3f/66/2d/3f662d614b3e3e61c0f8efe9617cb6c2.jpg,messy_girl_
5629568279418854,🌸🍒,#beauty #fyp#girl,Uploaded by user,Meraal <3,"Wed, 02 Jul 2025 10:41:27 +0000",https://i.pinimg.com/originals/ec/4f/06/ec4f0643f6c3ee8de71041f56b543b66.jpg,messy_girl_
7107311908455958,,Maya Alatorre - Throttled,Uploaded by user,2026,"Tue, 30 Dec 2025 16:14:50 +0000",https://i.pinimg.com/originals/79/2e/5e/792e5e32df0acd14827db596146dac14.jpg,messy_girl_
76983474877783922,,,Uploaded by user,Instaration,"Sat, 22 Nov 2025 20:39:00 +0000",https://i.pinimg.com/originals/56/db/76/56db764eae96c695b76335110e5f1f5b.jpg,messy_girl_
122863896084178063,putting on makeup in a messy room,,Uploaded by user,references,"Mon, 02 Oct 2023 15:21:17 +0000",https://i.pinimg.com/originals/7a/56/88/7a568823e8e00c6ca9f53a2ccff33afa.jpg,messy_girl_
2111131071028486,,,Uploaded by user,swift family tree,"Thu, 04 Jan 2024 21:35:35 +0000",https://i.pinimg.com/originals/8d/82/fa/8d82fab1dc85d8b247b4a5dab90dd6e8.jpg,messy_girl_
986358755864738853,,,Uploaded by user,random’s,"Wed, 17 Aug 2022 05:02:37 +0000",https://i.pinimg.com/originals/2a/f4/a0/2af4a0f3f63b265bee3659dfd17da53c.jpg,messy_girl_
117375134032402757,,girl mess,instagram.com,Mood board 2025/2026,"Thu, 18 Sep 2025 06:44:00 +0000",https://i.pinimg.com/originals/1a/fa/b9/1afab940a5ed8865668a84fcd58d53bb.jpg,messy_girl_
37436240649479088,,,Uploaded by user,Vibes FR,"Mon, 09 Jun 2025 03:45:56 +0000",https://i.pinimg.com/originals/1e/c4/5a/1ec45acc3e036b9073d854eba7212a18.jpg,messy_girl_
4151824651880834,,she's a messy girl,Uploaded by user,art direction,"Wed, 12 Feb 2025 22:14:50 +0000",https://i.pinimg.com/originals/6c/7a/cf/6c7acf0393bddd8f3f9ff5dbed0f119a.jpg,messy_girl_
6051780737548206,,,Uploaded by user,Times w. friends,"Sun, 19 Apr 2020 07:42:25 +0000",https://i.pinimg.com/originals/1f/ad/75/1fad756be524325c8d39fcc72789b81c.jpg,messy_girl_
703756182556503,,,Uploaded by user,riri dream ♡,"Sun, 06 Dec 2020 16:42:34 +0000",https://i.pinimg.com/originals/58/fb/24/58fb24417ad740702bd75d9ec07e92c2.jpg,messy_girl_
580260733225685063,,,Uploaded by user,c’mon summer,"Mon, 30 Dec 2019 03:22:20 +0000",https://i.pinimg.com/originals/51/6e/74/516e741d0d129269563d82c321abef34.jpg,messy_girl_
16184879907411846,,,Uploaded by user,aesthetic,"Fri, 20 Jun 2025 15:28:00 +0000",https://i.pinimg.com/originals/67/04/e5/6704e53eaf2251d1f066c4673bf6d2f5.jpg,messy_girl_
8585055536235325,lyra abbott,,Uploaded by user,101,"Sat, 15 Nov 2025 02:25:50 +0000",https://i.pinimg.com/originals/43/47/58/434758a019e1bb05540148187f7238d3.jpg,messy_girl_
68820700548758889,,,Uploaded by user,hair,"Tue, 08 Nov 2022 02:25:26 +0000",https://i.pinimg.com/originals/72/a9/78/72a978a86279987fdccc1951d9471ec2.jpg,messy_girl_
670966044515351176,𓆏,,valenksa.tumblr.com,Refashion clothes,"Sat, 05 Oct 2024 19:22:06 +0000",https://i.pinimg.com/originals/98/8c/e0/988ce01268de185f51e879aed7366ec2.jpg,messy_girl_
7529524373180111,,"clean girl aesthetic , it girl , skincare , hair care , everything shower , body care , vanilla girl aesthetic , clear skin , korean skincare products",amazon.com,This is me Maelie,"Sat, 29 Nov 2025 01:42:10 +0000",https://i.pinimg.com/originals/9d/06/de/9d06de3b57d216bb9c098436e9e34857.jpg,messy_girl_
2955556001535890,,,Uploaded by user,ss,"Wed, 16 Oct 2024 18:53:36 +0000",https://i.pinimg.com/originals/cf/35/ab/cf35ab58d1a71c67823ded9701083f51.jpg,messy_girl_
764767580517480810,"climb tree in 2025 | Nature aesthetic, Scenery, Aesthetic pictures",climb tree,sites.google.com,She likes earth Pokémon 🪵,"Mon, 12 Jan 2026 14:24:02 +0000",https://i.pinimg.com/originals/da/21/7e/da217ea8ee9fbbc7dac7b708120403a0.jpg,messy_girl_
68749209362,,,Uploaded by user,I WANTTTT🙏✨,"Sat, 09 Aug 2025 16:39:42 +0000",https://i.pinimg.com/originals/3f/45/4b/3f454b2cd53605beeef8a4822234d833.jpg,messy_girl_
341569953009837919,messy,messy hair,Uploaded by user,Hair styles,"Mon, 06 Oct 2025 22:56:31 +0000",https://i.pinimg.com/originals/4d/c0/e4/4dc0e42fde50fd336aadabf7a8919789.heic,messy_girl_
1407443629842516,hair inspo,,Uploaded by user,inspo 💋☕️,"Wed, 02 Jul 2025 21:44:06 +0000",https://i.pinimg.com/originals/1a/de/48/1ade48a838c2affcfe45b770437720ff.jpg,messy_girl_
253820128991704787,💖 @maddietuthill,,Uploaded by user,a story I may write one day,"Sat, 29 Oct 2022 09:50:13 +0000",https://i.pinimg.com/originals/97/5d/a0/975da0d7ab17a20ca03629668a12e8c1.jpg,messy_girl_
10977592833423189,,,Uploaded by user,Рисунки,"Fri, 16 Dec 2022 16:26:07 +0000",https://i.pinimg.com/originals/54/40/f7/5440f77e0db45e468b827a310494829f.jpg,messy_girl_
14214555064951459,Ciao Bella,,genterie.tumblr.com,Svetlana Ledyanoy,"Thu, 16 Dec 2021 23:43:13 +0000",https://i.pinimg.com/originals/44/9b/41/449b41c707ea810922bcd75bb67a8bf1.jpg,messy_girl_
16958936097165164,,,Uploaded by user,2026 IS MY YEAR,"Thu, 01 Jan 2026 20:49:56 +0000",https://i.pinimg.com/originals/f0/87/a9/f087a91e2501f198bad55f7add9e9260.jpg,messy_girl_
81979655712132662,,,Uploaded by user,🎀💘~_~💘🎀,"Sun, 16 Nov 2025 06:44:26 +0000",https://i.pinimg.com/originals/6c/b0/0b/6cb00b6560b96116f9c1011ca5944fb7.jpg,messy_girl_
211174977789026,🎧,,Uploaded by user,H:A:I:R,"Thu, 12 Dec 2024 11:13:41 +0000",https://i.pinimg.com/originals/8b/fc/af/8bfcaf50e1f7ff3dadbad833f0c66550.jpg,messy_girl_
2462974788177271,≈ 🦋,,Uploaded by user,taylor swift's it girls,"Wed, 23 Mar 2022 21:47:55 +0000",https://i.pinimg.com/originals/4a/91/24/4a91240db3ba5d9d1db0272e6d432e7e.jpg,messy_girl_
653514595925864279,•Marauders Instagram•,,wattpad.com,My favorite,"Sun, 03 Jan 2021 00:36:27 +0000",https://i.pinimg.com/originals/b3/96/68/b396687e63e0881bbbc74c077c2a7fc3.jpg,messy_girl_
10273905395429701,,,instagram.com,2026 vision board,"Sat, 27 Dec 2025 18:23:18 +0000",https://i.pinimg.com/originals/d8/6d/b5/d86db50d85a26b57f8b24e2642bba591.jpg,messy_girl_
288300813667578692,,,Uploaded by user,MARCA GLOBAL,"Wed, 04 Jun 2025 22:50:40 +0000",https://i.pinimg.com/originals/d1/8b/9a/d18b9a916f3582db1c09a32dcb7397b1.jpg,messy_girl_
65020788365134033,,,Uploaded by user,Work ⌨️👠👓💗,"Mon, 17 Nov 2025 12:43:06 +0000",https://i.pinimg.com/originals/3c/ed/33/3ced33f98cdee48b112f91bc6608f00a.jpg,messy_girl_
254805291412309790,,,Uploaded by user,messy,"Sun, 02 Feb 2025 20:46:28 +0000",https://i.pinimg.com/originals/a7/96/bc/a796bc0a2e1fa9265fa012e7657347e1.jpg,messy_girl_
176695985377140575,,,Uploaded by user,life,"Thu, 04 Sep 2025 22:37:55 +0000",https://i.pinimg.com/originals/79/e5/e2/79e5e2f84486817bd9107502c731d797.jpg,messy_girl_
1266706140991980,,,Uploaded by user,photo ideas 📸,"Sun, 01 Jun 2025 05:09:16 +0000",https://i.pinimg.com/originals/70/ce/bd/70cebdc77e57a7f55ae524232de5438d.jpg,messy_girl_
46513808651209118,,,Uploaded by user,<3,"Thu, 02 Oct 2025 16:34:25 +0000",https://i.pinimg.com/originals/cd/30/93/cd3093adb8f2145320016470879455a2.jpg,messy_girl_
82120393199755065,poses ideas for instagram photos,,instagram.com,I like,"Mon, 13 Nov 2023 07:36:29 +0000",https://i.pinimg.com/originals/3b/1b/33/3b1b33c490278ae6c5d1a444fe3fb613.jpg,messy_girl_
39828777963429310,willow hale aesthetic,,Uploaded by user,❀◕ ‿ ◕❀ ~,"Sun, 11 Jan 2026 16:57:11 +0000",https://i.pinimg.com/originals/b8/01/cf/b801cfa4ce094b325b0c8b09d9433cbc.jpg,messy_girl_
4362930884091271,,,Uploaded by user,palette,"Tue, 26 Aug 2025 00:18:01 +0000",https://i.pinimg.com/originals/23/ae/5d/23ae5d2961584ee6d00098521dc3e1dc.jpg,messy_girl_
6614730694442355,,,Uploaded by user,inspo,"Wed, 01 Dec 2021 15:17:06 +0000",https://i.pinimg.com/originals/36/06/49/3606494c0c966f7a0bdf175f09ce992b.jpg,messy_girl_
1104156033663403171,,"Te ajudo a alcançar a sua melhor versão!
Quer ficar desse lado? 
Segue:@adivafocada💗

#glowup #aesthetic #viral #aquelagarota #dailyglowup",instagram.com,Social,"Mon, 12 Jan 2026 15:38:54 +0000",https://i.pinimg.com/originals/2b/3b/be/2b3bbe865ef121beaf47fd2750d85d1a.jpg,messy_girl_
76420524923791262,,#girlhood #relatable,Uploaded by user,ૐ ꩜,"Fri, 24 Oct 2025 19:42:10 +0000",https://i.pinimg.com/originals/34/e5/48/34e5481610cfcbe72b554d5a710ab43b.jpg,messy_girl_
7670261862391529,,,Uploaded by user,2026 🥰,"Thu, 08 Jan 2026 04:19:20 +0000",https://i.pinimg.com/originals/ab/6a/45/ab6a4591a7cece70067ef5695d3a7816.jpg,messy_girl_
1055599907066519,,,Uploaded by user,Quick Saves,"Mon, 17 Jun 2024 22:53:38 +0000",https://i.pinimg.com/originals/21/dc/ef/21dcef0620c148047f9cf10968b793e9.jpg,messy_girl_
844493676057798,,,Uploaded by user,me core,"Tue, 14 Oct 2025 10:45:11 +0000",https://i.pinimg.com/originals/3a/c9/ba/3ac9ba3b2c6896e7bb0a4012565ea786.jpg,messy_girl_
99642210502218215,,yes,Uploaded by user,Locks,"Fri, 26 Dec 2025 13:29:58 +0000",https://i.pinimg.com/originals/2f/da/24/2fda245a5dfd6b2c998be08b3b71bfff.jpg,messy_girl_
9570217953531720,,,instagram.com,tumblr girls,"Sat, 03 Jan 2026 04:23:12 +0000",https://i.pinimg.com/originals/3b/79/e7/3b79e7e1c0f88060c974b726171292a1.jpg,messy_girl_
76068681202343153,getting ready ft.bday girl,,Uploaded by user,Ky's haircut,"Mon, 19 Jan 2026 03:41:00 +0000",https://i.pinimg.com/originals/9b/fa/7d/9bfa7d2643faf6f9dd63976044fa8b1b.jpg,messy_girl_
199988039696341902,,,Uploaded by user,Asthetic,"Thu, 20 Oct 2022 00:51:24 +0000",https://i.pinimg.com/originals/fa/a1/c9/faa1c95c4a06d41263d86f1caee2e755.jpg,messy_girl_
306033737200645069,messy girl,messy girl aesthetic mess coffee coffe makeup cosmetics expensive cool icon hot girl,Uploaded by user,cosmetics+beauty supplies,"Tue, 17 Jun 2025 23:49:21 +0000",https://i.pinimg.com/originals/e0/25/28/e02528fb967df1ecd3f7970e51aee453.jpg,messy_girl_
2392606048667944,,,Uploaded by user,VISION BROAD  ig,"Thu, 18 Dec 2025 01:03:35 +0000",https://i.pinimg.com/originals/68/cb/51/68cb51f5bc5a4a1af61129ace067650b.jpg,messy_girl_
271201208805545936,💄,#messy #clean #cleangirl #makeup,Uploaded by user,self-care🪞,"Sun, 16 Feb 2025 17:04:51 +0000",https://i.pinimg.com/originals/34/c8/ff/34c8ffd2bb721e6a791a04ffff03c64f.jpg,messy_girl_
4011087181386023,widget,,Uploaded by user,Visionboard,"Mon, 29 Dec 2025 10:17:54 +0000",https://i.pinimg.com/originals/ec/84/cf/ec84cf8aadfdee6b479f4fe5efc69a29.jpg,messy_girl_
361695413843569082,,,Uploaded by user,Hair,"Tue, 18 Nov 2025 13:51:23 +0000",https://i.pinimg.com/originals/93/85/80/938580abd8e87c9d070a466c0069017f.jpg,messy_girl_
211598882486840032,,,Uploaded by user,vibes 💌🔮✨,"Fri, 09 May 2025 03:56:29 +0000",https://i.pinimg.com/originals/d3/ff/46/d3ff4678c1be5c94d17d38f3dfc69ad8.jpg,messy_girl_
4644405860194494,,,Uploaded by user,Fashion,"Wed, 12 Mar 2025 22:58:11 +0000",https://i.pinimg.com/originals/32/12/3d/32123de50077d35a74960145fbb0f954.jpg,messy_girl_
48061921671244214,,,Uploaded by user,DONT DELETE THE KISSES,"Thu, 15 May 2025 03:54:23 +0000",https://i.pinimg.com/originals/66/b4/29/66b429864919b6e8aae45f1c135b0386.jpg,messy_girl_
241716704995131074,,,Uploaded by user,accessories,"Tue, 13 Jan 2026 09:03:06 +0000",https://i.pinimg.com/originals/61/17/6d/61176dea0b66046b61c147ab47795145.jpg,messy_girl_
9288742973320629,grape,,Uploaded by user,mys,"Thu, 14 Apr 2022 20:12:36 +0000",https://i.pinimg.com/originals/aa/4c/5e/aa4c5e0b6945b4d27464e288e0828671.jpg,messy_girl_
2744449768701686,,,Uploaded by user,bone apple teeth,"Sun, 26 Jan 2025 01:15:46 +0000",https://i.pinimg.com/originals/45/a1/aa/45a1aa4fcba843350008536ddb49640a.jpg,messy_girl_
85709199153279582,,,Uploaded by user,pictures!,"Sat, 11 May 2024 03:45:20 +0000",https://i.pinimg.com/originals/e6/32/ce/e632ce50e789165a2e422ce4c0153200.jpg,messy_girl_
2392606048617634,,,Uploaded by user,VISION BROAD  ig,"Mon, 01 Dec 2025 02:23:54 +0000",https://i.pinimg.com/originals/59/20/9e/59209e931b795933e362a1d77cf58721.jpg,messy_girl_
7177680650647843,,"Mirror, messy room, dirty girl aesthetic, digital camera",Uploaded by user,Kiss u - Lonnie Gunn,"Sun, 09 Jun 2024 22:46:07 +0000",https://i.pinimg.com/originals/0b/2c/f0/0b2cf0148bc28f2c7c0bab80a8fb9173.jpg,messy_girl_
310818811800307320,Post by @bellafleurz · 1 image,,tumblr.com,clothesssss,"Fri, 24 Nov 2023 11:57:35 +0000",https://i.pinimg.com/originals/8c/08/06/8c0806cc5e1869f31efd9751ad59dc0d.jpg,messy_girl_
985021749866927837,Uniform Tight Skirts 42: Fresh British College Girls (college and sixth form girls on campus),,thetightskirtspage.blogspot.com,study girl,"Tue, 20 Jan 2026 20:34:33 +0000",https://i.pinimg.com/originals/18/51/29/18512916e10e3fbb5d2d54c8dc553f8e.jpg,messy_girl_
8796161769538847,,#glasses #reading #book #books #literature #rubylyn,instagram.com,things I would post,"Thu, 12 Jun 2025 21:53:34 +0000",https://i.pinimg.com/originals/fc/19/bf/fc19bf3d8c6445007f7639e614625f80.jpg,messy_girl_
4925880836086980,,,Uploaded by user,remembrance of 2010s,"Wed, 20 Mar 2024 09:09:00 +0000",https://i.pinimg.com/originals/44/16/13/44161315fd533b1b9649c14bdd858728.jpg,messy_girl_
5911043261890821,,@lea_jul on instagram,instagram.com,2025.08.28,"Thu, 28 Aug 2025 16:58:07 +0000",https://i.pinimg.com/originals/be/b8/17/beb8177d9fd603148e896517b6f67cf8.jpg,messy_girl_
178666310214157409,night clubbbb,#fit #outfitstyle #messy #fashion #style,Uploaded by user,Aesthetics,"Thu, 17 Jul 2025 23:17:23 +0000",https://i.pinimg.com/originals/53/06/2e/53062e296918c1547fb2f0a9b71dc858.jpg,messy_girl_
29554941299421452,,,Uploaded by user,yasmincore,"Wed, 07 Feb 2024 13:53:17 +0000",https://i.pinimg.com/originals/e3/9c/20/e39c20717c5843b9aee9dd3c1fa680c7.jpg,messy_girl_
785737466267288583,,"Mêlant délicatesse et désinvolture, ce look a tout bon ! | Instagram",instagram.com,Arrangements,"Mon, 11 Mar 2024 21:06:28 +0000",https://i.pinimg.com/originals/bd/d7/93/bdd7935d9434e17cacfc185d8f87156a.jpg,messy_girl_
13721973861273845,coldpixie on IG,,instagram.com,style frame,"Sat, 30 Aug 2025 11:10:27 +0000",https://i.pinimg.com/originals/7d/78/c0/7d78c080d9488aa0de9ad0857a5e4ead.jpg,messy_girl_
3940718414900061,,,Uploaded by user,me me me,"Tue, 23 Mar 2021 18:00:42 +0000",https://i.pinimg.com/originals/f6/b4/68/f6b4681d8fb3c24042f91b4bfcf9b848.jpg,messy_girl_
537758011750043483,,,Uploaded by user,photography,"Sun, 18 Mar 2018 01:15:58 +0000",https://i.pinimg.com/originals/8d/92/ec/8d92ece08ce40e544cd82bdb6ccd5960.jpg,messy_girl_
232920611974595253,,,Uploaded by user,Viki,"Sun, 14 Dec 2025 17:15:14 +0000",https://i.pinimg.com/originals/92/f1/27/92f127946f515e19f297ead898f284c0.jpg,messy_girl_
71072500370977952,,,Uploaded by user,satc,"Sun, 07 Sep 2025 15:52:39 +0000",https://i.pinimg.com/originals/09/f2/4d/09f24d818acacbfb7d46ff8033ae2ca6.jpg,messy_girl_
17170042325575182,,,Uploaded by user,Berry shortcake,"Wed, 07 Jan 2026 00:25:48 +0000",https://i.pinimg.com/originals/8f/d1/3b/8fd13ba79c326fe594bcc4eee4c0f8c6.jpg,messy_girl_
28710516370092199,,,Uploaded by user,fitz ❕🧿🧣🪐,"Mon, 26 May 2025 12:39:00 +0000",https://i.pinimg.com/originals/63/be/7a/63be7ac88471ebab6edd9975978522e3.jpg,messy_girl_
393502086210597202,,,Uploaded by user,messy girl aesthetic,"Tue, 26 Nov 2024 01:01:07 +0000",https://i.pinimg.com/originals/ce/9a/0b/ce9a0babb6baaa73dc9b781984e5daa0.jpg,messy_girl_
301248662605894160,,Emili staying balanced in NYC with @odd.balance.,instagram.com,Straight hair styles,"Wed, 26 Nov 2025 17:23:11 +0000",https://i.pinimg.com/originals/8e/40/ec/8e40ec02334ec513f0111a940899b9f0.jpg,messy_girl_
774124931406454,get ready with us,,Uploaded by user,WOTD,"Sat, 10 Jan 2026 04:07:30 +0000",https://i.pinimg.com/originals/7e/29/7f/7e297f016c5cd718f818f96d13346762.jpg,messy_girl_
107523509848520061,,,Uploaded by user,Io core,"Wed, 07 Jan 2026 19:28:19 +0000",https://i.pinimg.com/originals/52/7f/e0/527fe044853669b82bf0a2f0c83e9b90.jpg,messy_girl_
591167888611647627,,coffee ☕️☕️☕️,Uploaded by user,me,"Tue, 18 Jul 2023 16:26:16 +0000",https://i.pinimg.com/originals/2b/35/1e/2b351e26758ec2f799dd45e0c939184b.jpg,messy_girl_
1618549863931401,Get ready photo ideas!!,Fun getting ready photoshoot #grwm #glam #gettingready #girls,Uploaded by user,b@ddie,"Mon, 17 Mar 2025 09:25:14 +0000",https://i.pinimg.com/originals/fd/a3/4d/fda34dcc16ba98ba314882896ddf1fe5.jpg,messy_girl_
10273905395488864,weekend moodboard,friday night vs saturday morning kate moss party girl new york model off duty heroin chic grunge tumblr girl,Uploaded by user,2026,"Thu, 15 Jan 2026 18:34:58 +0000",https://i.pinimg.com/originals/21/13/47/211347f4b69ffdb5e06a24c2342f2e98.jpg,messy_girl_
