pin_id,title,description,domain,board,created_at,image_url,category,full_path,L_0,L_1,L_2,L_3,L_4,a_0,a_1,a_2,a_3,a_4,b_0,b_1,b_2,b_3,b_4,proportion_0,proportion_1,proportion_2,proportion_3,proportion_4,hex_1,hex_2,hex_3,hex_4,hex_5
21251429487397507,,,Uploaded by user,Lifestyle,"Wed, 22 Oct 2025 07:20:25 +0000",https://i.pinimg.com/originals/09/e9/a3/09e9a3888714cf9396f0acad5db15a02.jpg,clean_girl_,https://i.pinimg.com/originals/09/e9/a3/09e9a3888714cf9396f0acad5db15a02.jpg,56.99558944122608,84.72281826906915,69.83840625099631,33.94424472584103,77.30839676506392,6.2189121218017736,-0.43803499174176164,-0.6030042774916904,7.156342163520188,9.12298380746475,5.544803239355376,3.026476452980968,4.164614995331347,5.491699447371544,5.994509022485959,0.2683653322440087,0.14398058038574907,0.3244450251505831,0.03534347766884532,0.2278655845508138,#97847f,#d5d3cd,#acaaa3,#5e4b47,#d4b8b4
281543725716857,,,Uploaded by user,aesthetic inspo,"Sun, 22 Jun 2025 21:00:24 +0000",https://i.pinimg.com/originals/e2/99/49/e29949fdf8a46de5c34ff702b5b2fbc8.jpg,clean_girl_,https://i.pinimg.com/originals/e2/99/49/e29949fdf8a46de5c34ff702b5b2fbc8.jpg,86.94232733377322,34.08924745819867,74.66131382758329,18.890252104624317,54.4609483593236,-3.381842854820555,10.369611893943063,-1.9193073555781468,4.413265497519351,4.271617568104045,-3.7931407320820196,15.466467294138374,-1.7891817366798528,9.143593644969885,10.634055321038135,0.29154381991192996,0.13361403553171028,0.26029381991192996,0.23439951662701827,0.08014880801741155,#cfdbe0,#674938,#b2b8ba,#382b20,#907f70
Ad4Jj0M0b2zAQG3867WSlOAYg40oMTT84o3eKc5sz0NwHbpJcT3ISYWBdV98aSjSyBzlmYPA4kJnnY92pmzfujk,syoss Intense Keratin,Entdecke jetzt die syoss Intense Keratin Pflege für dein stärkstes Haar,syoss.de,Ad-only Pins,"Thu, 08 Jan 2026 13:07:16 +0000",https://i.pinimg.com/originals/49/2c/90/492c901aa42dc4a4fd4e92fd7a380e80.jpg,clean_girl_,https://i.pinimg.com/originals/49/2c/90/492c901aa42dc4a4fd4e92fd7a380e80.jpg,10.347068577407093,53.960161891010436,41.290076707377324,65.68521114830706,23.274721134088523,2.952741657307119,17.934754211466384,2.888554050348687,11.26891799270761,3.6969316651729196,1.6608216974966323,21.45821715180549,7.384509516528527,21.38171078860328,4.531259327111207,0.32575439453125,0.09045979817708333,0.3078084309895833,0.06667100694444444,0.20930636935763888,#211a1a,#a9745c,#6b5f55,#c09779,#3f3530
AU2ScxmiEIV1SpLi8wNppJ4U0vFgnZM3dtKi96S7qDYJE4RRioNASxn1e00WfYPN-gkW4aXZ8wmJ6MnNKzFAGw4,Dein neuer Long-Hair Fav!✨,"Langes Haar? Hol dir die Pflege, die es verdient: NIVEA Length Wonder – für gesundes & starkes Haar - bis in die Spitzen 😘",dm.de,Nur als Anzeigen gedachte Pins,"Thu, 20 Nov 2025 17:54:23 +0000",https://i.pinimg.com/originals/30/43/82/3043825accd7ff0b9dfe64871886aedb.png,clean_girl_,https://i.pinimg.com/originals/30/43/82/3043825accd7ff0b9dfe64871886aedb.png,76.01601674757296,67.89602934936603,27.69714610552336,89.11352547947082,61.6035958914823,-1.398506195449625,33.071591330839084,20.442048681373716,0.657852608138095,-2.261572671296433,-5.28591738944199,14.90954567259661,-47.611865354865934,-4.969656903895582,-8.20212098371511,0.472758,0.05835066666666667,0.037964,0.17527066666666666,0.25565666666666664,#b3bcc4,#e58d8c,#213a8b,#dcdfe9,#8896a3
119556565105668720,,,Uploaded by user,2026 vision board,"Fri, 02 Jan 2026 05:46:44 +0000",https://i.pinimg.com/originals/e5/fb/d9/e5fbd91a607ef5d4d6773517c3841612.jpg,clean_girl_,https://i.pinimg.com/originals/e5/fb/d9/e5fbd91a607ef5d4d6773517c3841612.jpg,82.93092392951954,32.395540450085385,13.51488679213486,66.76563950904638,49.99666627451546,-0.3553020134783851,10.874922658564973,8.845297991799896,0.5645132865785709,7.3111125690679435,9.261258284404576,26.81060473958013,17.150046240453698,13.693079355353,19.616082193394462,0.30672501735832935,0.13147933023553918,0.054465096405490576,0.3439152379426374,0.16341531805800352,#d5cebd,#674421,#341d07,#ada189,#8e7156
10977592837270424,,,Uploaded by user,Visionboard 2026,"Thu, 01 Jan 2026 12:28:20 +0000",https://i.pinimg.com/originals/c7/1f/f0/c71ff0d2e4eecd21214704853849964e.jpg,clean_girl_,https://i.pinimg.com/originals/c7/1f/f0/c71ff0d2e4eecd21214704853849964e.jpg,63.46581625768226,20.44642998386876,45.43070527102759,51.09797437456614,76.58605407601075,-0.251812311603441,4.389759916368863,5.483980470296438,0.14117129663629502,-0.5167400100729995,5.715863964614596,13.316271042558967,18.35261899122085,8.106180113787623,3.7073188426261936,0.29269752421959094,0.1534194474345174,0.1525453893074991,0.17561105130965196,0.22572658772874057,#9d998f,#3d2e1d,#7f674d,#7f796b,#bfbcb6
Ae2C5MPBuju0NlKNWsrHzn1vv1zdFMreah_QyQNYog-piHyBQrKoU21I468_hDTkjKRMWWdn8qQuFYA488JFjDw,Timone von Jannie de Lang - Spezialanfertigung,"Timone von Jannie de Lange Sonderanfertigungen aus Timone.  Wird in 6-8 Wochen ankommen Größe: 66 cm Kopfumfang: 42 cm Arme: 3/4 - gebogen Beine: 3/4 - gerade Ösengröße: 22 - 24 mm Stoffkörper Echt aussehende Haut mit Genesis Heat Set Wunderschöne Hand gerootete Top & Bottom Wimpern Realistische Haselnuss Glasaugen Verwurzeltes lockiges Echthaar Perfekte Mischung aus Untertönen, Adern und Rouge. Details sind zart gemalt. Sie hat subtile Adern und bläuliche Untertöne, in denen die Haut dünner und transparenter ist Ihre Lippen sind einer sehr natürlichen Farbe getönt Finger und Zehen sind sorgfältig manikürt. Glieder sind mit ultra-feinen Glasperlen und weicher Füllwatte beschwert. Kein Sand bei der Wichtel von Babys verwendet. Ich beschwere meine Babys mit winzigen Glasperlen und einem hoch",etsy.com,Products,"Mon, 17 Nov 2025 17:44:46 +0000",https://i.pinimg.com/originals/82/b5/db/82b5db901c0d40a2fa709f47d2ee314c.jpg,clean_girl_,https://i.pinimg.com/originals/82/b5/db/82b5db901c0d40a2fa709f47d2ee314c.jpg,15.050323507405196,59.99569542903434,73.02606657677225,50.66096113002488,42.626056338132734,8.907720231518406,50.08004553181752,8.133978132332727,20.68159315081162,60.15907724324154,10.313322202948026,9.591433161179712,15.961022944565793,23.763083905932113,22.759988730351875,0.20592133333333335,0.0871994074074074,0.2488308148148148,0.32946874074074073,0.1285797037037037,#352017,#e36881,#cdad96,#a56a51,#bf2542
11892386511925137,Self care,Clean girl,Uploaded by user,Lifestyle,"Wed, 22 May 2024 22:13:46 +0000",https://i.pinimg.com/originals/41/ef/c6/41efc698e2b11947992321a6608d19c7.jpg,clean_girl_,https://i.pinimg.com/originals/41/ef/c6/41efc698e2b11947992321a6608d19c7.jpg,85.50014409444925,21.24120435681551,55.27524639714095,72.90236362047527,65.39207711903678,-0.009720496688852887,1.648816132340858,10.234021525632398,2.2579031745311933,-2.1865965435307966,10.046109280860254,4.85623631798437,21.01878378961613,12.91257869876867,-7.320219662232953,0.3206023524605921,0.12478073337178008,0.19624413286556452,0.27322123702422146,0.08515154427784186,#ddd4c2,#38312b,#a17d60,#c0b09b,#93a0ab
AZBeG9gR5ucluw6Bpg6VP9U4SlPXT7Zss4Y3LPp7AziMy11LBHlCk-SndCVoy3B-iqxIox4PXRt3BNbJfVuzAmA,Start Transformation Now!,"Reach Goals 💪 

✅ Boost muscle strength and endurance
✅ Increase flexibility
✅ Improve balance and posture

Take test and get workout plan NOW! 👇",betterme-workouts-plan.com,All,"Mon, 22 Dec 2025 23:22:32 +0000",https://i.pinimg.com/originals/a4/6b/de/a46bdea754133b5fdc6431ee04bb6a64.jpg,clean_girl_,https://i.pinimg.com/originals/a4/6b/de/a46bdea754133b5fdc6431ee04bb6a64.jpg,95.47075164286437,50.62539664423372,84.88819831499019,20.00757080744647,58.09557017776489,5.273258907326616,60.42534305977297,24.237273213502043,-1.0770587785233126,4.355867997429639,0.5588316150887913,23.19880409775149,-4.287579830566968,0.8547290863196998,-0.06795341629705531,0.5207200038580246,0.04281298225308642,0.38147038966049385,0.03666570216049383,0.018330922067901236,#fdeef1,#d83f54,#fdc4dc,#2f302f,#93898b
9429480465730699,,"Descubre Minimalist Preset, el filtro inspirado en el aesthetic minimalista. Brillante y natural, este filtro realza tus fotos con una claridad impecable, eliminando el ruido y destacando la belleza esencial de cada imagen. Perfecto para lograr un look limpio y sofisticado con un solo clic. Ideal para tus fotos más elegantes y despejadas. 🌿✨🌸📷 🏹 INCLUIDO EN TU COMPRA: ✔ 1 archivo .DNG ✔ Archivo PDF con guía de instalación sencilla paso a paso Funciona en la aplicación móvil Lightroom (iOS/An...",instagram.com,Visión board,"Tue, 17 Dec 2024 23:20:38 +0000",https://i.pinimg.com/originals/d2/0f/dd/d20fddde1a0fe047c17dbc1d93e8f7b7.jpg,clean_girl_,https://i.pinimg.com/originals/d2/0f/dd/d20fddde1a0fe047c17dbc1d93e8f7b7.jpg,81.56604689749693,24.161132012817404,47.2493299666122,54.87670400694146,67.68238049607768,2.4736259200778363,12.92249245588481,8.018906162922306,16.163975175902248,3.5166815899899198,2.3485294652725726,17.593307329524528,20.302921547281535,0.6328244346628704,11.300399527630342,0.2887973980071295,0.09334395703159688,0.18086699916955598,0.13681199274361724,0.30017965304810035,#d1c9c6,#52311f,#886a4e,#9f7982,#b3a290
AeA1RhqGcdTlCiay0kjHVzNPVz3RmoOUSJAuXgAgtnxsVko6FlEnPE1teu2goUT-kSAdzG1OAW4GhghrTN_NwMg,Individuell trainieren,"Egal ob Neustart oder Wiedereinstieg: AIMO erstellt per Bewegungsscan ein Trainingsprogramm, das genau zu dir passt. So kannst du trainieren, wann es dir passt – mit Übungen, die Schritt für Schritt deine Fitness und Beweglichkeit verbessern.",tk.de,Nur als Anzeigen gedachte Pins,"Wed, 26 Nov 2025 16:35:28 +0000",https://i.pinimg.com/originals/bd/e2/af/bde2af884c1d1a5160daaafa357d6d88.jpg,clean_girl_,https://i.pinimg.com/originals/bd/e2/af/bde2af884c1d1a5160daaafa357d6d88.jpg,88.91475019245247,14.562277588420681,61.3613378905126,84.4252047671933,51.599967834888545,1.1514327777330573,7.001203770141657,-9.524418324901923,-12.385462963340895,11.555465608108147,0.27306655238332067,-5.570463119925573,-43.060447996175824,79.55553578310314,17.716568816882326,0.18049666666666667,0.45199133333333336,0.09680066666666666,0.012609333333333334,0.258102,#e1dede,#2b212c,#179cdf,#e4d623,#98735d
6755468185941227,♡,clean girl,Uploaded by user,clean girl,"Fri, 05 Sep 2025 14:56:21 +0000",https://i.pinimg.com/originals/88/af/5d/88af5dc5237661d9566730a6a982bd07.jpg,clean_girl_,https://i.pinimg.com/originals/88/af/5d/88af5dc5237661d9566730a6a982bd07.jpg,86.00743135974511,59.06659203177806,36.694842953481,71.98759386632487,54.36813050853873,-1.363629780083556,8.758888574301448,12.367814483817847,0.6349781532896968,0.8620582598561684,1.5715709186128706,18.8370284049446,20.95063243843728,5.331783170404988,6.927782101908367,0.2843089574461721,0.16876835235754517,0.07815317988518891,0.3112998897049245,0.1574696206061694,#d5d7d4,#a8876d,#724e35,#b5afa6,#888176
6755468185941242,,,Uploaded by user,clean girl,"Fri, 05 Sep 2025 14:58:19 +0000",https://i.pinimg.com/originals/bf/d6/a3/bfd6a3d069433cc2097bdff276ab81e2.jpg,clean_girl_,https://i.pinimg.com/originals/bf/d6/a3/bfd6a3d069433cc2097bdff276ab81e2.jpg,58.59849035351863,31.195259422104428,60.531535705035814,40.02937067708206,11.597604193453932,2.162922984101668,5.674724615972131,12.212946168614902,2.3241626406937126,4.29311037851073,5.0867615401044946,14.314441002839278,27.297194703047083,7.583071860058395,5.671641908369117,0.38427567829457365,0.16931807170542634,0.07477107558139535,0.3002204457364341,0.07141472868217054,#948b84,#594533,#b58962,#675c52,#271c17
14355292557233428,,,Uploaded by user,2026 vision board,"Wed, 17 Dec 2025 04:10:07 +0000",https://i.pinimg.com/originals/f9/dc/79/f9dc79ee1a2fac5adda608307ea57dbd.jpg,clean_girl_,https://i.pinimg.com/originals/f9/dc/79/f9dc79ee1a2fac5adda608307ea57dbd.jpg,62.07060581986913,77.77119620185591,96.57573502807301,13.287852390241369,53.7709494469927,-12.597458585862508,-2.8726081285033156,-0.7776551691372295,0.05211436366360722,2.736287845848212,41.262388156941356,-17.843690666285553,-0.14017562581742915,-1.590897119831526,7.567723815796597,0.1971171820755221,0.10922061101319233,0.16212345777920206,0.16727754633338673,0.3642612027986968,#979a4a,#a7c3e0,#f3f5f5,#212224,#8a7e73
AWymap7UpvBCJAoIn9vHPNy9ibpnV5echSK_jJVl89X3nvx3HYLrzLNJ2nOhSGPhQnyjBg3SeZpNwod9fB94aHo,"ASOS DESIGN – Strickhose in Grau mit weitem Bein, Kombiteil",Hose von ASOS DESIGN Schlichtes Design Weit geschnitten Normale Passform,asos.com,Products,"Tue, 06 Jan 2026 12:12:31 +0000",https://i.pinimg.com/originals/13/b3/1c/13b31cad13fb731e43121247a56ef37a.jpg,clean_girl_,https://i.pinimg.com/originals/13/b3/1c/13b31cad13fb731e43121247a56ef37a.jpg,93.5551248807367,0.22641351033060175,49.881373264640104,79.66674736469302,99.08886378967654,0.02959904484758824,0.024069361305599862,13.55118360551191,0.5047054218227589,-0.0021613664148127376,-0.035733757006761485,0.016719593546629344,13.026202924630454,-0.10859553477557687,0.006162170470250319,0.33157750342935527,0.2795930498399634,0.00833561957018747,0.06814643347050754,0.31234739368998626,#ececec,#000000,#946d61,#c6c5c5,#fcfcfc
2251868559035429,,,Uploaded by user,Vision board 2026,"Tue, 30 Dec 2025 18:47:01 +0000",https://i.pinimg.com/originals/ae/ec/ea/aeecea198dbcf960adf5e73809da4d85.jpg,clean_girl_,https://i.pinimg.com/originals/ae/ec/ea/aeecea198dbcf960adf5e73809da4d85.jpg,50.287839089790474,7.793932083652518,79.75985973372897,70.87940055293399,29.970538498065793,-1.7973502222863602,-0.14639163383844367,-13.093116815387233,1.6683357617010122,2.1144810811613617,34.18615004708,2.677084562089412,47.20694339224262,3.668109554013368,13.193240359991561,0.1429605426935524,0.3144554393826238,0.12863268608414238,0.13516554642768236,0.278785785411999,#86763c,#181713,#caca6b,#b3aca6,#514432
AWiipKoivhil8ac1UcE2GEVlMirsoIBwH6CjDqIXsy2eHlgYe7OrN8qKvcqhLRD5aHWTdJ0kMfsjctvJWQSymEc,The Pre Spring Collection.,"Die neue Kollektion REFINED WITHIN kombiniert fließende Silhouetten, Utility-Details
und ein ausbalanciertes Farbspektrum. Cool Blue und Coal Dust bringen Tiefe in
helle Neutrals – perfekt für den Übergang in den Frühling. Highlight der Kollektion ist
die BERUA BAG – tagsüber als praktischer Begleiter für City & Office, abends als
elegante Afterwork-Clutch. Ein echtes Everyday Premium Essential.",de.someday-fashion.com,Nur als Anzeigen gedachte Pins,"Fri, 23 Jan 2026 14:26:48 +0000",https://i.pinimg.com/originals/d7/fc/3c/d7fc3ce38c01802cc1f10b784ca6ef02.jpg,clean_girl_,https://i.pinimg.com/originals/d7/fc/3c/d7fc3ce38c01802cc1f10b784ca6ef02.jpg,25.384077163449376,73.72399073421305,51.769935337343796,14.999908608902096,37.73654706231714,2.1585821918265777,0.42520998484038297,7.505143662421853,2.2404951983107626,1.7021886276788187,1.062000197598949,10.832412771322943,17.368058560714317,-0.028174582184530728,-0.31958812857319074,0.155366,0.5895993333333334,0.05109533333333333,0.12004866666666666,0.08389066666666667,#403b3a,#beb4a1,#92765e,#282425,#5b5759
27725353951304788,"🤍 SELF CARE, face mask, skin care routine, vanilla girl aesthetic.","🤍 SELF CARE, face mask, skin care routine, vanilla girl aesthetic. | #collagen #glowingskin #glowingskinaesthetic #glassskin #clearskin #collagenforskin",sites.google.com,aesthetic,"Mon, 06 Jan 2025 21:19:28 +0000",https://i.pinimg.com/originals/24/39/6a/24396aae908d28476962b735c34bbb4c.jpg,clean_girl_,https://i.pinimg.com/originals/24/39/6a/24396aae908d28476962b735c34bbb4c.jpg,85.60780495347075,14.267596914183969,71.69477686552604,50.42811849580401,31.353954977862287,-0.023682306707578427,7.536682932374171,0.9626593032444384,7.087058404497469,10.200145588013239,-3.4081107804784865,10.3070169012069,-1.5280737474943886,8.831734168891266,14.377846686790704,0.26158924684921797,0.14222490762767626,0.29753378549374904,0.11815590676722175,0.18049615326213495,#d2d6dc,#321f16,#b0afb2,#897369,#604333
ARPt01fr4kDnuU13ptbsrIh1Wb31n35KP6qLl1ge_KGJcajX6wXY-WoNzFGhR6Lc-jA7cOpG4gH__OaE4lF3Ne4,Tauche ein in die Welle von Fa.,Nimm dir Zeit für dich – mit den langanhaltenden und beruhigenden Düften von Fa.,de.fa.com,Ad-only Pins,"Fri, 19 Dec 2025 10:26:48 +0000",https://i.pinimg.com/originals/88/51/75/8851756c5f430e8b18e145cd852295f7.jpg,clean_girl_,https://i.pinimg.com/originals/88/51/75/8851756c5f430e8b18e145cd852295f7.jpg,59.05911894706692,7.596327075480126,73.18561341534033,30.6487297674619,40.21096062141794,0.4853495264153511,4.344693589575795,0.37863415335425543,39.709929023625925,5.051747916832623,1.9077356202777054,-0.43588891531364204,1.9632888631106031,31.66936729752678,4.507766532503934,0.34304090711805557,0.03576199001736111,0.464443359375,0.03482069227430556,0.12193305121527778,#908d8a,#1c1417,#b6b3b0,#852618,#6a5b57
Ae7ZvS2zRnmcruOQZdr0TCk8ORsP__dZtLyF0WwumImvM-_Oj4s5RoRC8J4jH5XQb6k0cgzYuDTrY04EkWksHG8,Verschenke gesünderes Haar an diesem Valentinstag mit dem Dyson Supersonic Nural™ in Samtrot & Gold.,Verschenke Dyson Beauty,dyson.de,Ad-only Pins,"Thu, 22 Jan 2026 14:33:27 +0000",https://i.pinimg.com/originals/8b/12/a4/8b12a4bc4c1b8020f1171280d885a141.png,clean_girl_,https://i.pinimg.com/originals/8b/12/a4/8b12a4bc4c1b8020f1171280d885a141.png,41.19706334493059,87.88542511656806,33.478433805752715,9.617892527486077,75.03519246103619,45.43315129104969,1.6806188121163186,4.632889955546844,5.803953853385899,8.069608064617636,30.210050809265276,2.238186355147686,7.5222587415352695,-1.4824235154626182,57.284513795348445,0.07038808870598993,0.689064357567444,0.15151863283036124,0.05784179240969364,0.0311871284865112,#ab3a32,#e1dbd8,#5a4b43,#21181c,#e3b04b
703756187915533,Skincare inspo,"Clean girl aesthetic, skincare ideas #commissionearned",amazon.co.uk,2025 Vision Board💫,"Mon, 13 Jan 2025 02:58:31 +0000",https://i.pinimg.com/originals/3e/d1/f1/3ed1f1af106b21cb9b2c1352392086c7.png,clean_girl_,https://i.pinimg.com/originals/3e/d1/f1/3ed1f1af106b21cb9b2c1352392086c7.png,72.47829045705272,35.20970588055727,60.118008129209656,47.22159469685626,22.097662191519724,7.147888480996343,7.5714908164765955,6.185188378697525,6.182852050152535,8.799684369959069,19.62268222023484,21.367227102495338,16.79228239853948,16.342634871912725,17.756365674165195,0.10496936535999513,0.17862014570505394,0.35753177772358713,0.26294351642992136,0.09593519478144241,#cbac8e,#684d30,#a68c73,#836b54,#482f1a
281543726299852,,,Uploaded by user,Stevie only,"Mon, 20 Oct 2025 05:02:01 +0000",https://i.pinimg.com/originals/09/19/3c/09193c8a82121320a706d89392e77c71.jpg,clean_girl_,https://i.pinimg.com/originals/09/19/3c/09193c8a82121320a706d89392e77c71.jpg,77.98123426332032,67.48252169751763,57.940773708391994,85.56941520209455,36.963317555988176,1.074285768870535,1.5051016819491863,2.9012110163040123,0.022758583816943956,4.217018986204331,10.667945971202872,8.342131380742465,16.08470897550602,2.032078450474259,9.824556357707488,0.2784665378407915,0.23892495530900115,0.24464250819636538,0.1717473275868308,0.06621867106701117,#cbbfad,#ada295,#9a886f,#d7d5d2,#635447
8796161770208025,,,Uploaded by user,26,"Sat, 27 Dec 2025 17:11:02 +0000",https://i.pinimg.com/originals/58/cd/a2/58cda254bc798673d843b480bacfd95a.jpg,clean_girl_,https://i.pinimg.com/originals/58/cd/a2/58cda254bc798673d843b480bacfd95a.jpg,71.39191040233948,14.238257111392635,31.70714262136232,50.922593134113434,84.80203020127988,0.9186911424091626,6.001948179259259,6.948140178429073,5.529220685623237,0.3207977390198229,-1.4805659526981625,9.19257518388564,11.703290653871074,7.588873616760306,-2.900177481919002,0.2908615515485492,0.14428442401967015,0.1830078982195539,0.1232823787180178,0.2585637474942089,#afaeb1,#302017,#5b4638,#87756c,#d1d3d9
8866530510298255,,,Uploaded by user,clean girl,"Mon, 05 Aug 2024 06:33:05 +0000",https://i.pinimg.com/originals/4c/c6/e8/4cc6e8c3621b83a96b7e516e2ed2f353.jpg,clean_girl_,https://i.pinimg.com/originals/4c/c6/e8/4cc6e8c3621b83a96b7e516e2ed2f353.jpg,54.53705878543215,85.34270644938232,9.805443473553666,71.10981839051753,31.639693019245776,2.4833878674107908,0.6746983449176276,6.409415226217515,1.4558174770123637,6.760402547006272,13.648215205632086,9.270548191856374,7.234061100893611,13.26255471222323,13.991869793709839,0.18164279835390945,0.19316104252400548,0.1910540466392318,0.3416406035665295,0.09250150891632374,#8f806b,#ded4c3,#261710,#baac96,#5c4634
AVqa_dY7djJKqFPldMOI_tiI9NPV55EvPJLglsg17CexMvF4RRmqpRZKqLFkDq2HkPW7neJpQwLvYSeNN24mytA,IKEA  –  STOREMOLLA   Kommode mit 8 Schubladen   171x50x91 cm,STOREMOLLA Kommode mit 8 Schubladen. graubraun lasiert. Tiefe: 50 cm,ikea.com,Products,"Mon, 05 Jan 2026 09:02:36 +0000",https://i.pinimg.com/originals/43/ae/c0/43aec09a518e96a7105ef12347e4cdda.jpg,clean_girl_,https://i.pinimg.com/originals/43/ae/c0/43aec09a518e96a7105ef12347e4cdda.jpg,89.25228576705942,23.00473099604966,86.45216481587173,51.79897448989048,69.41021896120654,-0.19655049935868707,4.366335178986199,-7.549412538091153,5.222262736386625,4.087156783614135,4.382603543406058,9.922066129197479,79.35886169580402,15.036636722327295,12.08445045470725,0.11807733333333334,0.16119,0.004800666666666667,0.22959,0.486342,#e3e0d7,#423428,#f2d92d,#8d7762,#b9a693
AdTkpt5Tlubk7IYNSESllCQsvE-fzkoobqbAxMyRH9mKPj9Qpv7AGhyMrUjsClKcd7KRT2S1rlI9mwhflG5b2tE,"Langärmliges, nahtloses Oberteil mit Schlitzausschnitt","Hübsches und bequemes Oberteil aus supersoftem Material mit nahtlosem Design und Tragegefühl. Schlitzausschnitt, langärmlig. Slim Fit. Importiert.",hollisterco.com,Products,"Thu, 02 Oct 2025 12:36:31 +0000",https://i.pinimg.com/originals/54/c6/2a/54c62a1d9c638f90637c4a7f590bd68a.jpg,clean_girl_,https://i.pinimg.com/originals/54/c6/2a/54c62a1d9c638f90637c4a7f590bd68a.jpg,91.26154914705778,16.18537470779858,72.35644236369409,54.10791961721581,88.45889404549175,6.2903298303159705,9.975783767982321,8.432038232415287,21.944458764837744,-0.16766540496380689,2.350985933412395,14.076017352826991,9.190149317316674,30.868243600007816,5.8188415312809685,0.27906375,0.093845,0.05947625,0.06369875,0.50391625,#f4e1e1,#3a2214,#c7aba1,#b2714d,#e2ddd2
AfYKupdkQVuk3pnz4h_DV2aqnqKIgQ7qrlY57tDvaasQJNDcHWEbJepNwzWYHfN7XVi7oVkQrHu3PDM3msxyNBA,Nike Initiator,"Mit dem bequemen Halt des Nike Initiator bist du auf allen Strecken gut aufgestellt. Er verfügt über ein atmungsaktives Obermaterial mit weichem, gepolstertem Design, das für ein sicheres Laufgefühl sorgt. Vorteile:Stützende Überzüge helfen bei der Zentrierung des Fußes im Schuh. Das weiche Futter sorgt für noch höheren Tragekomfort. Dank der Schaumstoff-Mittelsohle hast du ein weiches, gepolstertes Laufgefühl. Flexkerben in der Außensohle sorgen für uneingeschränkte Bewegungsfreiheit.",nike.com,Products,"Tue, 14 Oct 2025 17:32:48 +0000",https://i.pinimg.com/originals/6d/5d/57/6d5d57e93e4d01210c60e2c8a6078790.jpg,clean_girl_,https://i.pinimg.com/originals/6d/5d/57/6d5d57e93e4d01210c60e2c8a6078790.jpg,25.803397680857532,83.9061195522056,13.940764511587979,39.25122929571555,72.18412347393406,-1.0468045641945765,-0.6913712750468581,-0.16355752510069377,-1.498549536834795,0.8769379061872782,-5.027633773062003,-2.7701316083344154,-4.796827039883809,-5.725123400354081,-1.3956128106935966,0.16569101508916323,0.2946496342021033,0.32329903978052127,0.147524577046182,0.06883573388203018,#373d44,#cdd1d6,#1f232a,#545d65,#b1b0b3
ASUt1DwwWTj0TmDCOIwg4jJcqj7ThAVof7KMvb7KSbXkD1ZTGiQDjlzc0qYeiwYNRz3gyZWhbBRzMQuGiuJXoPI,Damen Pullover,"kostenloser Versand, schnellerer Kundendienst",temu.com,Products,"Sat, 17 Jan 2026 00:21:59 +0000",https://i.pinimg.com/originals/f3/21/5a/f3215a2bf9d36405cdc53309f7ed5f4e.jpg,clean_girl_,https://i.pinimg.com/originals/f3/21/5a/f3215a2bf9d36405cdc53309f7ed5f4e.jpg,64.17856068995525,39.03764366064298,88.1680574603335,59.45545306233935,13.32187808170709,2.526556350262374,8.876422330958013,-0.35010260708626273,17.19478587112352,2.8279371379501512,13.306290928309554,16.725966058553006,5.56633572891299,24.60321036332892,5.88996585501068,0.19063916666666667,0.16379233333333335,0.19899916666666667,0.12971483333333333,0.3168545,#a99984,#725641,#e1dcd2,#b98364,#29201a
13159023905177288,,,Uploaded by user,2025,"Wed, 01 Jan 2025 18:09:30 +0000",https://i.pinimg.com/originals/25/b1/d1/25b1d1be93bf4cfa1a93952e4290ec0c.jpg,clean_girl_,https://i.pinimg.com/originals/25/b1/d1/25b1d1be93bf4cfa1a93952e4290ec0c.jpg,52.95788521749789,4.658294431424139,66.1180164806815,32.91665621266077,74.00919652007592,1.812064314179633,1.6571691356932736,1.8995607240140406,5.424367018179588,1.50976187327625,12.940655035925062,3.594603927505224,12.367727132154718,13.704887019713901,7.857726531291906,0.2724816324797214,0.16432029557905467,0.30219879390155857,0.11705843631885166,0.1439408417208137,#8a7c68,#150e08,#ad9e8a,#5d4938,#beb4a7
1759287348659139,,,Uploaded by user,What i like,"Fri, 22 Aug 2025 13:52:34 +0000",https://i.pinimg.com/originals/dc/24/09/dc24095674b8cb350a43be3b1943006b.jpg,clean_girl_,https://i.pinimg.com/originals/dc/24/09/dc24095674b8cb350a43be3b1943006b.jpg,55.905581205428014,77.71771476707377,31.98546911943698,48.45281453029066,66.7576990492486,9.0706504131844,1.7234618889610793,2.388874606211589,-4.649373291903839,19.453251690784818,26.857896029437278,21.8257263134699,19.26042572922696,10.204005764556308,25.088622470246666,0.20306513409961685,0.29530702290698624,0.14565246188962255,0.2289832477378332,0.12699213336594115,#a47f57,#d2bd97,#58492c,#727461,#d19476
AcW2D7qpEJ-HTupVrSclq3HKNGaVSQtvMvcwEXyWDnsVGvclJbNSuobDrLCOT1djAWt2lfbzRf_l4-Iu1lzQkos,South Beach Langarmshirt - grey,South Beach Langarmshirt - grey,zalando.de,Products,"Thu, 22 May 2025 10:18:32 +0000",https://i.pinimg.com/originals/61/57/83/615783e39ec07974fecf2b3d13c986e3.jpg,clean_girl_,https://i.pinimg.com/originals/61/57/83/615783e39ec07974fecf2b3d13c986e3.jpg,88.96989516451671,7.441735425579978,85.0728832005034,47.51269902669812,75.50303471993546,0.40123921836029997,4.676875235875547,13.82195099381988,13.070545455863952,-0.7168991698824101,0.34499022196239704,6.315230164585802,18.168121369812134,22.314416503418556,2.0886817269534443,0.6512653333333334,0.030353333333333333,0.15373933333333334,0.02123,0.143412,#e0dfde,#1f130b,#facab2,#91674b,#babab6
AYYSFl83IqkQ15e2kVs7TworZVkMdl7Poqm3Nwszt-Y-V_FU6SclajM1EFQWf7woqQ_g7YOXpze7LR0s9-YjHEU,Strickcardigan mit Bindegürtel,Locker geschnittener Cardigan aus weichem Strick mit Wickelfront und einem breiten  abnehmbaren Bindegürtel in der Taille. Überschnittene Schultern und lange Ärmel mit breiten Rippbündchen.,www2.hm.com,Products,"Tue, 23 Sep 2025 09:36:49 +0000",https://i.pinimg.com/originals/29/ad/2e/29ad2e4107de4381788837a0af9daeee.jpg,clean_girl_,https://i.pinimg.com/originals/29/ad/2e/29ad2e4107de4381788837a0af9daeee.jpg,97.45945547974131,57.78678406244221,73.5884412577801,30.67294231785469,85.55573466704843,-0.01391391726835195,1.4076924662660344,0.25338577379265326,4.66879230486297,-0.14701895949700822,0.1080471779280141,9.106619407416051,6.814441609023323,11.982183232944475,5.206412653538885,0.4855843487845202,0.09371318351601249,0.14927561080154308,0.03910611720041639,0.2323207396975078,#f7f7f7,#93897b,#bab4a8,#554535,#d9d5cc
284993482665786704,,,Uploaded by user,Vision Board 2026,"Tue, 23 Dec 2025 11:58:51 +0000",https://i.pinimg.com/originals/88/cd/d6/88cdd62f88dddbfc375b0ddf0aeed3d8.jpg,clean_girl_,https://i.pinimg.com/originals/88/cd/d6/88cdd62f88dddbfc375b0ddf0aeed3d8.jpg,61.568006621545,42.76597181844804,84.69181487476173,7.585573528927583,70.87695365318253,9.12345886065221,8.56867247834236,-0.5924647631446076,0.7989788185818931,0.5787123873283098,22.9016787775952,20.00612438140222,8.169653750253648,4.056477732867707,7.768010906470603,0.19318148148148148,0.10975925925925926,0.2934888888888889,0.020690123456790124,0.38288024691358025,#b28d6c,#7d5f44,#d8d3c4,#1a1610,#b4ac9f
884183339818471605,my aesthetic ✨️,"#clean girl 
comment your aesthetic ✨️",Uploaded by user,Pins by you,"Thu, 01 Jan 2026 19:50:33 +0000",https://i.pinimg.com/originals/eb/cb/3c/ebcb3cb1a43e26abfc2a21864cd3029b.jpg,clean_girl_,https://i.pinimg.com/originals/eb/cb/3c/ebcb3cb1a43e26abfc2a21864cd3029b.jpg,93.52478658406474,40.64254623960679,66.08206491073523,81.85689135599064,91.34254389844253,-0.3326952736786851,8.12911793363066,1.851020714092291,0.26610835895447454,0.23990094459777406,4.75528941521605,18.498095994433324,6.886321177529934,1.4371864722576686,0.06391661839532325,0.12990742046148784,0.03157573194229052,0.06322430565346115,0.18921354386954276,0.5860789980732177,#efece3,#765a41,#a99f94,#cdcbc8,#e6e5e6
1266706139630917,,2024 | vision board | mood board | clean girl | health is wealth | aesthetic | march,Uploaded by user,IPAD WALLPAPER,"Tue, 30 Apr 2024 09:00:38 +0000",https://i.pinimg.com/originals/28/7a/94/287a9478ae0c80c66ba5b95b44731c51.jpg,clean_girl_,https://i.pinimg.com/originals/28/7a/94/287a9478ae0c80c66ba5b95b44731c51.jpg,94.14206978780724,69.16105143034991,34.76404532194771,52.61553689856921,80.07108596848364,-0.5548280979246853,0.5034956376478066,3.453615946774894,2.102428062328165,-0.3890901878248636,1.214300644352086,9.990733950444705,14.956307671875656,10.092816049892905,6.706078679530262,0.10617283950617284,0.28543740354938274,0.14114486882716049,0.1763310185185185,0.2909138695987654,#eeeeeb,#b1a796,#5f4f3a,#887b6c,#cbc6ba
17873729765829598,,,Uploaded by user,"Hair, make up","Fri, 18 Apr 2025 15:45:22 +0000",https://i.pinimg.com/originals/fd/9d/9e/fd9d9ee450d98bc07bec7ba5ef8881b7.jpg,clean_girl_,https://i.pinimg.com/originals/fd/9d/9e/fd9d9ee450d98bc07bec7ba5ef8881b7.jpg,73.77865153206443,18.157134264939742,39.21112371149577,90.83736743118122,55.62462499823411,3.0529745537796344,8.007992288051208,7.822527327302813,-0.642821082525503,7.348212293678371,17.750108042640708,13.863105593400196,18.709646106454464,1.783713887446023,20.029730294229907,0.12369716584015684,0.07484538980509745,0.1592611146349902,0.44217254353592433,0.20002378618383115,#c7b295,#3d2718,#72573e,#e4e4e1,#9d7f62
26177241580734679,,Clean girl,Uploaded by user,Cecelia wish list,"Sun, 14 Dec 2025 22:09:28 +0000",https://i.pinimg.com/originals/ed/41/c5/ed41c506620e743d37da97d69632d755.jpg,clean_girl_,https://i.pinimg.com/originals/ed/41/c5/ed41c506620e743d37da97d69632d755.jpg,98.87361703904173,71.2940441112155,87.83639229206119,31.49446237722905,73.14878295093868,-0.0050903178290815365,-6.132212476057629,3.448589459428341,2.853939514755562,5.667975488164045,0.4098366935630209,31.238044846906003,2.0886717034563795,6.062708025967188,2.9387197230366104,0.4875274884259259,0.02130304783950617,0.3676417824074074,0.013542148919753087,0.10998553240740741,#fcfbfa,#b7b075,#e4d9d8,#524840,#c0afae
7107311908481593,,,Uploaded by user,2026 vision board,"Tue, 06 Jan 2026 19:46:59 +0000",https://i.pinimg.com/originals/ed/c7/53/edc753d91e20efdcb13aaa09f0217ac6.jpg,clean_girl_,https://i.pinimg.com/originals/ed/c7/53/edc753d91e20efdcb13aaa09f0217ac6.jpg,80.7676032170942,30.714421148144652,49.55877684271413,72.11765125382567,7.244309265941361,-13.044524839483515,2.8444901314689934,-3.3083600553897647,1.8876703117397557,-0.2233702796047362,47.14129647695045,12.629259367427352,33.665729700966374,2.5710645005236614,3.4069809845416774,0.12278583880565713,0.2680180357306699,0.130890120980955,0.18857693366363887,0.28972907081907906,#cdcd6e,#534634,#82753b,#b6afac,#171510
19281104651664354,clean girl make-up 💄🎀,clean girl make-up,medium.com,Olivia,"Fri, 21 Mar 2025 20:53:16 +0000",https://i.pinimg.com/originals/0e/7a/d0/0e7ad0f8efa892463247915a6432efb3.jpg,clean_girl_,https://i.pinimg.com/originals/0e/7a/d0/0e7ad0f8efa892463247915a6432efb3.jpg,69.9253464572638,98.217190464896,21.2918736163072,52.82118137403681,64.98227646048765,1.290881994550293,0.2791770401134803,2.4343085567068816,14.29056349811541,43.73578748781997,-0.14689743263309452,0.3866044027102302,6.572342992172343,21.739824021308763,-39.43951354975904,0.09321469907407408,0.7737094907407407,0.06127363040123457,0.06360677083333334,0.008195408950617284,#adaaab,#faf9f9,#3a3129,#a17459,#c882e4
50524827070068847,serena van der woodsen aesthetic ★ gossip girl,,Uploaded by user,Snow,"Sun, 16 Nov 2025 22:21:48 +0000",https://i.pinimg.com/originals/94/32/48/943248280bc9c1a6cf308fcef9f528a7.jpg,clean_girl_,https://i.pinimg.com/originals/94/32/48/943248280bc9c1a6cf308fcef9f528a7.jpg,21.258090655398146,79.87296807558542,62.67345268555945,47.72978943932225,35.56674202277726,7.144626234531608,1.9805818053469255,4.396800233932409,6.243981541795833,7.275352815230475,13.434519193490704,10.288129959429615,14.054059535258785,14.636049984941538,15.25681479625638,0.11332417582417582,0.0938246536072623,0.2292015050167224,0.2758786729574773,0.2877709925943622,#432e1f,#d1c4b3,#a9947e,#846c58,#674e3b
68749640739,,,Uploaded by user,Visionboard,"Sat, 27 Dec 2025 12:49:41 +0000",https://i.pinimg.com/originals/95/9f/de/959fde3fb5221833dd54811ff69b80cf.jpg,clean_girl_,https://i.pinimg.com/originals/95/9f/de/959fde3fb5221833dd54811ff69b80cf.jpg,45.51396369199947,93.71709935200441,59.83226919330787,28.039286792665056,79.65829880725929,4.728240423138644,-0.26402451474912647,2.0240098805912083,7.105478886399911,0.5230747429925393,22.370142699405363,1.0120520335759426,21.92292068126095,14.459966558590914,6.86532037942138,0.31484453300243403,0.16750435498496635,0.3086864052880256,0.10411396935999619,0.10485073736457787,#7f6746,#edecea,#a18d69,#533d2c,#cbc4b8
163959242681185909,,,Uploaded by user,Becomingboard,"Sat, 03 Jan 2026 18:08:35 +0000",https://i.pinimg.com/originals/5e/a6/cb/5ea6cbb959ca59f8df2106a2d3fa0fce.jpg,clean_girl_,https://i.pinimg.com/originals/5e/a6/cb/5ea6cbb959ca59f8df2106a2d3fa0fce.jpg,15.584848568891175,80.98919783598905,40.83690406396384,58.28234981552263,60.92563477512347,0.06828734978540485,0.8301312131513519,2.1118215139487972,13.325578677304833,0.08253147250255433,9.77646562257294,-0.16358263303858855,16.536774401737556,23.36164030881084,8.79383358204561,0.07272871395465588,0.13337301889519748,0.4620596184901561,0.18111537152369245,0.15072327713629816,#2b2619,#cac8c9,#6d5e45,#af8263,#999283
4011087181386025,𐙚,,Uploaded by user,Visionboard,"Mon, 29 Dec 2025 10:18:29 +0000",https://i.pinimg.com/originals/a4/73/da/a473da0c15d3e4290a6a34163da46e67.jpg,clean_girl_,https://i.pinimg.com/originals/a4/73/da/a473da0c15d3e4290a6a34163da46e67.jpg,72.6699178568919,83.06326393364219,14.639373420787564,60.70214560929129,42.52995131733075,-0.5084748382965174,-0.1588176217975581,5.573385587486147,4.148299485089746,7.6935546026898205,13.480051825184585,2.5101113440111975,12.05993650019703,18.07723193120849,19.083010777881555,0.19449965267057734,0.5653042026860142,0.04470949753010188,0.13888883528866935,0.05659781182463723,#bbb199,#d0ceca,#312114,#a58e72,#7b5f45
15058980000421739,,Erte une clean girl c’est incroyable,Uploaded by user,2026 vision board,"Fri, 02 Jan 2026 00:10:11 +0000",https://i.pinimg.com/originals/10/c0/4f/10c04f53819186c3bbe900cae821971c.jpg,clean_girl_,https://i.pinimg.com/originals/10/c0/4f/10c04f53819186c3bbe900cae821971c.jpg,84.58610662185521,31.50465808522322,64.39954033670377,69.44703289513743,50.95118794542315,4.629185415731021,14.994314752633567,16.761902473825614,3.375821301186621,6.394142272570855,3.895935733470946,18.664294376213103,13.342278475695796,6.9059092009005845,10.528719375073702,0.3757185185185185,0.06247407407407407,0.12250740740740741,0.23225432098765433,0.2070456790123457,#dfcfcb,#68402d,#c19085,#b5a79d,#8b7567
17662623534009005,,,Uploaded by user,2026 vision board,"Tue, 06 Jan 2026 21:25:44 +0000",https://i.pinimg.com/originals/7d/56/c9/7d56c9fcea7cad09497577fc017604b5.jpg,clean_girl_,https://i.pinimg.com/originals/7d/56/c9/7d56c9fcea7cad09497577fc017604b5.jpg,44.207814170586786,6.971280089183022,79.45180353788574,54.850497894693106,26.333387782020537,-14.260276484445761,-0.9702640576834316,-8.090910412703805,2.2242421012638323,-1.1761667903912842,29.23929686225481,4.048998183961648,25.35300067300833,4.478785701343471,8.825516317822595,0.14607796130702658,0.24811569534677438,0.1353498909212955,0.23097235873708435,0.23948409368781914,#616e36,#16150e,#c7c795,#8a817b,#413e30
293930313202995033,,,Uploaded by user,-2026-,"Sat, 27 Dec 2025 03:14:20 +0000",https://i.pinimg.com/originals/10/41/37/104137bc92342c30fbc23997724c919a.jpg,clean_girl_,https://i.pinimg.com/originals/10/41/37/104137bc92342c30fbc23997724c919a.jpg,79.63171357739527,40.77341971248018,65.37030276481627,10.963144071117327,64.54548842155546,2.456360529135905,9.907870357547232,-10.582571157894314,4.800285192156775,4.243182975984582,20.989199235720697,17.85240124797144,-11.784253523217037,10.521786779391885,14.178441981366301,0.1467765257279617,0.2647863759251873,0.06255540043433941,0.10724554580507911,0.41863615210743255,#d8c29e,#795943,#7ba5b3,#281a0d,#ad9983
76631631198391364,,#cleangirl,Uploaded by user,2026,"Sat, 03 Jan 2026 05:12:24 +0000",https://i.pinimg.com/originals/69/a2/35/69a235d8eb0445d32e60bb0e695b0f6c.jpg,clean_girl_,https://i.pinimg.com/originals/69/a2/35/69a235d8eb0445d32e60bb0e695b0f6c.jpg,36.1611408336222,90.44763966581321,15.677828779209463,68.98687708816838,56.27286462393848,10.204893762987012,-0.1856343801070981,2.6095061959912123,3.0473734398420893,15.339243009922026,16.857487071136962,2.5862078044859214,1.621124665485807,8.915661885543742,17.922995552222353,0.20469008333333333,0.19603416666666668,0.08850116666666667,0.24889741666666668,0.26187716666666666,#6d4e3a,#e5e3de,#2b2524,#b4a598,#aa7c68
2462974790547666,👑 𝔉𝔬𝔩𝔩𝔬𝔴 ——> @𝔗𝔞𝔱𝔦𝔞𝔫𝔞_𝔐𝔞𝔢,,Uploaded by user,clean girl 🦋🐬,"Sun, 03 Mar 2024 21:35:01 +0000",https://i.pinimg.com/originals/65/bb/0d/65bb0d82fa5ea8e6b7745f3954fc5a07.jpg,clean_girl_,https://i.pinimg.com/originals/65/bb/0d/65bb0d82fa5ea8e6b7745f3954fc5a07.jpg,80.28816821211187,28.56081846413892,52.60979150567616,66.84705252961176,10.178758459517944,0.9262415242334008,16.055942805460464,4.690587512610627,3.216933528091776,15.021118389185004,9.754444550975418,24.26712679067157,10.646913031721823,10.13354163096793,13.311163181349606,0.3279563402243348,0.2046979528192747,0.1481691061817816,0.275182334892611,0.04399426588199789,#d0c5b5,#63381e,#8c7a6b,#afa090,#321205
AbYbZoDTUgkiIiiVzrASeAXS90fzCA9-9OtPbEXG_STWEQrX0o6FUkQRIMl3y2p12IHraRDOeF55o1n99FL3vq4,Hemd mit durchgehender Knopfleiste und Spitzeneinsatz,"Klassisches langärmliges Hemd aus Stretch-Popelin mit Biesen, Spitzeneinsätzen und Bindeschleife am Rücken. Durchgehender Knopfverschluss, Kragen. Perfekt für elegante und legere Looks! Slim Fit. Importiert.",hollisterco.com,Products,"Wed, 17 Dec 2025 12:20:41 +0000",https://i.pinimg.com/originals/c4/f2/1c/c4f21cfa798e66f13975670256834ad5.jpg,clean_girl_,https://i.pinimg.com/originals/c4/f2/1c/c4f21cfa798e66f13975670256834ad5.jpg,77.82147966193804,19.475859737902603,64.59314263074415,11.769934982988502,42.79702184237714,2.6517935917036537,17.54444110861678,13.761494944097889,2.028002253763118,16.716559901698563,0.3598148198612119,18.7364396566023,15.726119092685863,-3.33826051949353,20.625637977116277,0.44221875,0.0936625,0.198795,0.11904375,0.14628,#c5bebf,#4c2314,#be9381,#1f1e23,#885943
AeYq2-uFkPzpwV6zUJKkP1Le3vtZTnl5xLeH4NHuMks2ClMXPTjLiWuTHkZryOiWRvl331PJdN65I8ngWylU7eY,Herbst-Winter Elegantes Unifarbenes Rundhals-Pullover-Oberteil HW915,"kostenloser Versand, schnellerer Kundendienst",temu.com,Products,"Sun, 14 Dec 2025 16:53:53 +0000",https://i.pinimg.com/originals/43/84/7a/43847ad67c3223adebb01d58bee6ae33.jpg,clean_girl_,https://i.pinimg.com/originals/43/84/7a/43847ad67c3223adebb01d58bee6ae33.jpg,62.35965472457025,11.414268226285614,41.3161425779416,85.60575342512107,46.703134208870196,5.310648618341705,0.8957871130253325,4.894094510968892,1.4394183117172465,9.357900282350327,10.466611884289769,2.089932899280618,15.190791068183959,3.0362241892326605,2.5599538423523853,0.2533553333333333,0.2099595,0.20305733333333334,0.22237933333333335,0.1112485,#a79284,#201d1b,#725d48,#dbd4d0,#80696a
AeyR31DlysXsuB4RnP0uDWRSkNnQ_KVmIgnOvQKy74_usa09fqwHCoOkRufy6ZXuVxUIvjUd2sl-ECduvz0w1ag,Starlight Necklace - Gold Color,"Turn heads wherever you go with our Starlight Necklace. This sleek and dainty statement piece is not just eye-catching, but incredibly versatile. Whether you're catching rays at the beach or dressing up for a romantic date night, this necklace has got you covered! Zirconia stone Charm size : 12mm x 7mm Chain length : 45 + 5cm | 18"" + 2"" extender Premium Stainless Steel + 18k gold PVD coating Waterproof & Sweatproof : Shower, swim and exercise with it, the color remains perfect Hypoallergenic & L",atoleajewelry.com,Products,"Thu, 27 Mar 2025 15:00:09 +0000",https://i.pinimg.com/originals/06/be/81/06be81bbd0b587d6c1dbe1c01ff52103.jpg,clean_girl_,https://i.pinimg.com/originals/06/be/81/06be81bbd0b587d6c1dbe1c01ff52103.jpg,37.048414945980056,87.62885152645207,22.820841777500174,44.71338140669488,67.68276346709794,18.338860981393772,0.016550064335454806,16.30203945239483,20.08251493026198,5.7559158887999295,22.77931531509383,4.1172672767627745,18.890904114297328,24.306299257513018,15.188934165459509,0.31865596064814816,0.05708719135802469,0.056668113425925926,0.5117529899691358,0.05583574459876543,#7c4a33,#dfdbd3,#532c1a,#935b42,#b9a089
68749644641,@ELLE,,Uploaded by user,-☀️-,"Sun, 28 Dec 2025 20:11:07 +0000",https://i.pinimg.com/originals/db/53/94/db5394554c71b67d907933a483aa5c4c.jpg,clean_girl_,https://i.pinimg.com/originals/db/53/94/db5394554c71b67d907933a483aa5c4c.jpg,55.68481582050498,26.60978627859239,91.28236490808902,9.600464388422274,40.538715126848174,-0.8856328792362637,-1.544821952480387,-1.89798839840461,0.620501658042995,-2.845500317381661,-10.821419788345034,5.141346923522583,-5.895970686246377,-6.441090731985312,6.287430234177947,0.13002714455488332,0.2369346331337202,0.3573627917026793,0.11685229272132362,0.1588231378873935,#798697,#3f3f37,#dce7f1,#161a23,#5f6055
211174978950703,,,Uploaded by user,2026 Vision Board,"Tue, 23 Dec 2025 17:58:08 +0000",https://i.pinimg.com/originals/84/f2/97/84f2977b92e27d8ce41f633d890ac618.jpg,clean_girl_,https://i.pinimg.com/originals/84/f2/97/84f2977b92e27d8ce41f633d890ac618.jpg,81.00169566234797,28.733000015580508,7.0810380555670775,58.735072114723096,35.132864978655476,0.7369750236295394,4.156491433214559,2.1343377705519258,1.3076055350561289,29.803104053645864,4.07286255036146,5.397180875656028,0.86787522997796,7.4996229372443795,25.6530229337515,0.2765437933207309,0.24274746967548835,0.11952460420604914,0.3014002933994959,0.059783839398235665,#cdc8c1,#4d413b,#191414,#958c80,#853c2b
1970393583801778,,,Uploaded by user,Clean Girl,"Mon, 13 Oct 2025 21:54:43 +0000",https://i.pinimg.com/originals/fb/93/ad/fb93adb4bde4c9bf602ceb50e6197255.jpg,clean_girl_,https://i.pinimg.com/originals/fb/93/ad/fb93adb4bde4c9bf602ceb50e6197255.jpg,79.52398068388132,50.15405268727218,65.41436550633759,39.17891668434277,28.381609247134957,0.14335767951881895,3.0419459932793975,1.444084179796484,10.743512993569016,2.991488290105789,5.523442179326051,10.854676368968935,8.342074340393566,26.265295238126228,10.863400533202162,0.2658379860168,0.17202354006337708,0.33860532669382826,0.14252301192092953,0.08101013530506514,#c9c4ba,#837465,#a79d90,#785431,#4d4032
82120393199941882,,,Uploaded by user,vibes🥂,"Sat, 13 Jan 2024 06:17:01 +0000",https://i.pinimg.com/originals/98/1f/34/981f34ced770a5e2870a97b6945543a6.jpg,clean_girl_,https://i.pinimg.com/originals/98/1f/34/981f34ced770a5e2870a97b6945543a6.jpg,60.03123989456612,22.516567306830915,78.86656798458611,42.56161669323521,73.70130338721651,1.0149159521672024,4.430535916756475,3.411176118440956,3.1163243957381797,1.4872689257031348,14.083686856443757,12.672229738790893,33.5964666344088,14.01267164453707,12.131116418390272,0.38490441176470586,0.1267781862745098,0.1137720588235294,0.2434546568627451,0.13109068627450982,#9c8f78,#423223,#debf84,#72614d,#c1b39f
6966574421254551,,,Uploaded by user,2026 vision board,"Thu, 18 Dec 2025 23:05:27 +0000",https://i.pinimg.com/originals/75/83/8f/75838f033687b1bba1ba5476adfb800d.jpg,clean_girl_,https://i.pinimg.com/originals/75/83/8f/75838f033687b1bba1ba5476adfb800d.jpg,75.38366235936363,34.86544614716842,61.23477120353046,15.086542104929265,58.39848344034056,-0.845191006565587,1.7783492232214317,0.10805701144402802,15.390986471812866,14.066614309264583,3.4400493496610474,10.326124683659906,6.936825580054092,6.858510910467222,17.300590078834595,0.2827734302108602,0.2122174729427132,0.32040580098899046,0.1290046533868259,0.055598642470610186,#bab9b3,#5b5041,#999387,#3c1c1c,#ae826e
492649954648427,,"The ultimate self care guide for all my girlies 🩷  QOTD: would you rather eat a bowl of fruits or salads? . . . . . .  [self care, meditation, skin care, hair care, pilates, workout, reading, books, soft girl aesthetic, cozy, clean girl aesthetic, health, music]  . . . #selfcarethreads #nichememes #nichesmeme #selfcareguide",instagram.com,January 2026🪡📚🏃🏼‍♀️🚙,"Wed, 24 Dec 2025 19:40:56 +0000",https://i.pinimg.com/originals/8f/4e/19/8f4e19bfc95374bacdee303b7606812d.jpg,clean_girl_,https://i.pinimg.com/originals/8f/4e/19/8f4e19bfc95374bacdee303b7606812d.jpg,80.52998639813727,39.69610178916432,70.75452870648215,10.817658962163094,63.459608420129285,2.3919131426951794,10.351962153025074,-10.333402009696746,5.403968015297801,5.763245082285698,20.356929493213485,17.399043874993627,-14.74938309928722,10.13006445880178,13.9620632772295,0.1614078745274102,0.3054757650047259,0.046592553757088845,0.13241375236294897,0.3541100543478261,#dac5a2,#765641,#86b3c7,#281a0e,#ad9581
1970393583997613,How to be a clean girl,#CleanGirlAesthetic #CleanGirlRoutine #MinimalistBeauty #HealthyHabits #GlowUpTips #SelfCareRoutine #CleanLiving #BeautyEssentials #FreshFace #SkinCareGoals #DailyRoutine #NaturalBeauty #CleanLifestyle #HealthyLiving #MinimalistLiving #BeautyTips #SimpleBeauty #CleanGirlTips #EffortlessBeauty #wellnessjourney,Uploaded by user,+▼>⁠♡˖⑅✧tipssss,"Mon, 22 Dec 2025 08:24:58 +0000",https://i.pinimg.com/originals/fe/5a/f5/fe5af56a5d0a8114b1f089496f625318.jpg,clean_girl_,https://i.pinimg.com/originals/fe/5a/f5/fe5af56a5d0a8114b1f089496f625318.jpg,57.79963635150823,37.2457713696366,77.79541672537692,94.92085719892405,11.415282194224027,1.9646623162468009,11.788415321279347,0.4580939052590589,-0.205079535580873,2.1879035503981417,8.753805144250054,22.394566223824874,6.8944127636064865,-0.12681086561552846,3.886107409710264,0.25853720992056045,0.11952289360105085,0.391404930568587,0.18480738256083068,0.04572758334897104,#94897b,#744f33,#c6bfb3,#eff0f0,#231d19
3448137210495268,,,Uploaded by user,2026,"Wed, 31 Dec 2025 08:59:20 +0000",https://i.pinimg.com/originals/f1/1e/92/f11e92354cdcf0c5d29ef5eeea921574.jpg,clean_girl_,https://i.pinimg.com/originals/f1/1e/92/f11e92354cdcf0c5d29ef5eeea921574.jpg,6.290780028971071,58.824099533166645,48.76849862438185,25.268199040377155,78.60031297361078,4.642232970241274,19.17554037482856,-4.466527977426232,8.032014715870822,5.238475241091801,5.3878788497183905,24.377159644739237,31.639448705404988,17.214313376911353,14.687965544230973,0.185855066438087,0.3450594326136111,0.1923280099329639,0.17795183879437512,0.09880565222096288,#1d110a,#ba8063,#7d743d,#4f3622,#d7bea7
140806231266816,Reading in bed aesthetic,,youtu.be,wellness,"Wed, 28 Dec 2022 16:49:34 +0000",https://i.pinimg.com/originals/a1/a0/2f/a1a02fdeb88fd51cd77f134d3ea9f7ad.jpg,clean_girl_,https://i.pinimg.com/originals/a1/a0/2f/a1a02fdeb88fd51cd77f134d3ea9f7ad.jpg,64.0229708596094,15.839588824132477,86.37604283511271,34.434504212422965,48.89403640374482,0.30557962272095995,8.207820248832551,-0.6187610862737929,1.0240117688244554,0.6014624514903466,2.7220499930205992,14.808234872716934,3.033544109010084,10.670256890775683,6.811500523300882,0.2353212962962963,0.09756296296296296,0.1633601851851852,0.21651203703703703,0.28724351851851854,#9d9a96,#382212,#d9d8d2,#594f40,#7a7368
1970393583997616,,.clean girl.,Uploaded by user,+▼>⁠♡˖⑅✧tipssss,"Mon, 22 Dec 2025 08:25:21 +0000",https://i.pinimg.com/originals/da/23/aa/da23aab6872633cb6252334da2539d92.jpg,clean_girl_,https://i.pinimg.com/originals/da/23/aa/da23aab6872633cb6252334da2539d92.jpg,44.67307953438929,53.79814704001997,83.82083017267477,26.153516678238084,69.39342408730091,11.815686637263973,3.111228936289507,0.6386463817955499,4.745596711855521,2.773941722596712,23.9751357985514,8.68379258096838,4.441959131166188,6.633225236521264,9.907277061906566,0.0952146026234568,0.23645881558641976,0.2873249421296296,0.04654224537037037,0.33445939429012345,#886142,#8c7e71,#d5d0c8,#483b34,#b5a797
12807180186993581,,,Uploaded by user,core,"Mon, 05 Aug 2024 01:58:23 +0000",https://i.pinimg.com/originals/29/0c/44/290c44a1b1f0fb617a23899a1283ae39.jpg,clean_girl_,https://i.pinimg.com/originals/29/0c/44/290c44a1b1f0fb617a23899a1283ae39.jpg,59.1868040930483,81.38986364337043,35.166437340258646,4.023640389245465,18.338074350613617,6.569548937944681,3.6233638060532667,2.3744476574191835,-0.41935902629942134,2.3083999892388842,16.144474383122667,11.999765962314438,6.431194448787727,1.535561342576277,6.640433259674759,0.18512962962962962,0.18787314814814815,0.278225,0.17814074074074074,0.1706314814814815,#a48972,#dac7b4,#5a5148,#0e0e0a,#332b23
211174979009133,,,Uploaded by user,2026 vision,"Mon, 12 Jan 2026 00:09:46 +0000",https://i.pinimg.com/originals/73/30/a9/7330a9961877a9b2928e1e9e9e85b5e4.jpg,clean_girl_,https://i.pinimg.com/originals/73/30/a9/7330a9961877a9b2928e1e9e9e85b5e4.jpg,25.629642512826322,43.689355564281236,70.65734042057933,55.679360049737944,81.56030073097503,-1.810601349088377,-15.45967190000081,-3.2234962606391813,-10.608353185792605,-4.074022372788706,-9.331946802571654,-11.12100352294252,-27.50715160973619,-13.926234247592381,-9.766061402437082,0.15868007330246914,0.30204185956790125,0.2272704475308642,0.21912229938271605,0.09288532021604938,#313e4a,#376f79,#84b0de,#5f8b9d,#b8cddc
422281211829007,Selfcare,#collage #selfcare #aesthetic #girlboss #wellnessgirl #wellness #selflove,Uploaded by user,Aesthetic,"Tue, 08 Jul 2025 04:20:29 +0000",https://i.pinimg.com/originals/33/34/c2/3334c250b241da9b46fad8853f9c82e3.jpg,clean_girl_,https://i.pinimg.com/originals/33/34/c2/3334c250b241da9b46fad8853f9c82e3.jpg,67.37169274302727,46.38166962932877,49.46293637324626,81.95613237508542,19.202011678464395,1.95217094302623,13.416390077190915,1.4733156152689375,0.011124436326000353,3.7205669180416616,7.709240339261237,23.09545966238207,9.913800895532594,4.116509631142907,7.674438801181733,0.30462191358024693,0.16961998456790123,0.2339453125,0.1913594714506173,0.10045331790123457,#ada296,#8e6447,#7e7464,#cfcbc4,#372c23
940056122242524735,Clean girl lifestyle,#cleangirl#viral#lifestyle,Uploaded by user,Épingles créées par vous,"Fri, 16 Jan 2026 15:20:32 +0000",https://i.pinimg.com/originals/33/a4/34/33a43416bd6e57d116b29a964e418a8e.jpg,clean_girl_,https://i.pinimg.com/originals/33/a4/34/33a43416bd6e57d116b29a964e418a8e.jpg,14.391926547367724,84.58572100247576,69.74088385800475,48.29493883319009,51.07007916007898,2.0190162353092864,-1.3585828402877842,-0.3975066517323069,0.17791413394505273,11.999258773404298,3.3956202691964976,0.5960705068997898,5.360671699196266,-0.21236805842195494,17.628731472459144,0.14820377941763063,0.33852712405265256,0.1791878573328015,0.210914647320835,0.12316659187608031,#29231f,#d0d3d1,#adaaa0,#727272,#97715c
6614730699093429,,𝓒lean 𝓖irl ⋆˚𝜗𝜚˚⋆,Uploaded by user,Clean beauty,"Thu, 11 Dec 2025 07:35:16 +0000",https://i.pinimg.com/originals/41/b5/16/41b5163445a57fd2a3b1152900ce32a7.jpg,clean_girl_,https://i.pinimg.com/originals/41/b5/16/41b5163445a57fd2a3b1152900ce32a7.jpg,83.09141523300941,36.803018463375935,66.50366251406098,17.443705288541963,54.61459981658657,1.3436485400779572,3.7836170904659383,2.999628934204291,8.285054862715679,2.1692229715056754,3.7299841421308986,8.430359594906013,7.837057977652951,12.1661073909708,7.26878209743864,0.18688818359375,0.18840087890625,0.2926884765625,0.11601806640625,0.21600439453125,#d4cdc8,#615449,#ad9f93,#3b2619,#8b8076
6685099442022133,,,Uploaded by user,Glam,"Sun, 30 Nov 2025 01:46:16 +0000",https://i.pinimg.com/originals/7f/bc/8d/7fbc8dcc9cb6f66042b18298073ac655.jpg,clean_girl_,https://i.pinimg.com/originals/7f/bc/8d/7fbc8dcc9cb6f66042b18298073ac655.jpg,82.79930918809637,57.72383652260096,31.827378832512935,46.04972758600107,66.4670513621615,1.711282937567507,18.10050314350708,10.19918022920783,24.54673081003127,14.410352230506492,2.9185144931038156,22.875974295869415,12.989326896958225,22.81894697543631,20.049174300073275,0.21560888888888888,0.386544,0.045678222222222224,0.12711644444444445,0.22505244444444444,#d3ccc8,#b57e63,#604437,#9d5b48,#c6977e
142637513194586877,,,Uploaded by user,inspo,"Tue, 11 Feb 2025 21:57:25 +0000",https://i.pinimg.com/originals/3c/2a/3a/3c2a3a0b54e12c7efc71440f09ec70bc.png,clean_girl_,https://i.pinimg.com/originals/3c/2a/3a/3c2a3a0b54e12c7efc71440f09ec70bc.png,74.84158080805511,41.4024961347622,7.9593223018824375,59.71011660767046,22.96015548592062,0.21753213612326316,3.264103267080533,4.208371205484679,0.5255385974717663,4.82707790326184,-3.0147513677863422,4.128130245876436,4.811401338985457,-1.820362650875002,8.800236000547248,0.15529,0.12595833333333334,0.1748811111111111,0.3468511111111111,0.19701944444444444,#b5b8bd,#695f5b,#1f1510,#8f8f92,#423329
3588874696983637,🧸,clean girl aesthetic clean girl outfits clean girl clean girl room clean girl aesthetic outfits clean girl hairstyle clean girl skincare skincare routine skincare steps,Uploaded by user,Kunter bunter ADHS Mix 🫨💞,"Fri, 13 Dec 2024 23:26:04 +0000",https://i.pinimg.com/originals/32/07/37/320737c49e005cef8268c6185a5a4d79.jpg,clean_girl_,https://i.pinimg.com/originals/32/07/37/320737c49e005cef8268c6185a5a4d79.jpg,42.01261291136549,57.76298104930098,59.2164271163564,82.94594862808552,71.69894063888223,17.058198285713324,3.8083866062975127,4.96779784758453,0.5798222129279844,1.396120431404286,11.877748462801234,12.124023390236914,29.746767978613608,2.3924443827727098,6.740070915938337,0.04601025390625,0.16934619140625,0.06540625,0.29073486328125,0.42850244140625,#845850,#998775,#a88a5a,#d1cdca,#b7aea3
15199717491618422,,Clean Girl,Uploaded by user,Clean girl vibe,"Thu, 16 Oct 2025 19:54:07 +0000",https://i.pinimg.com/originals/79/03/c9/7903c93ea3685de141313c37647ad60b.jpg,clean_girl_,https://i.pinimg.com/originals/79/03/c9/7903c93ea3685de141313c37647ad60b.jpg,64.4691778884569,44.412191320073774,24.024465658829953,82.50253708842472,62.74966649532912,5.408955853586784,2.9993912160306153,5.827245612784542,0.8849733361788563,1.3668198878653868,18.195117810677637,12.118984934513266,13.818151039859181,8.53991876397618,4.714610488087074,0.1732127700617284,0.2831322337962963,0.16207079475308642,0.19941599151234568,0.1821682098765432,#b1987c,#756655,#483524,#d5ccbd,#9d968f
11892386513821765,,,amazon.com,clean look🤎,"Sat, 17 Jan 2026 12:01:56 +0000",https://i.pinimg.com/originals/d5/09/90/d50990f9295c6495a0cfc60964af7304.jpg,clean_girl_,https://i.pinimg.com/originals/d5/09/90/d50990f9295c6495a0cfc60964af7304.jpg,64.8799832702657,84.4970531803794,45.07245882629229,67.32189753510296,25.992108977506827,4.561705333093292,2.1190923152604153,2.025543473467528,-3.8662689703100974,3.087762740070243,14.58135836711771,11.555317378159684,13.134711630659115,-2.2775575677427238,12.248566760782031,0.1928464881664672,0.19470690400212737,0.4671991340912113,0.08304351981119532,0.0622039539289988,#af9983,#e0d0bd,#766854,#9aa6a7,#483b2b
4574037118172124,rhode,abigail milov,Uploaded by user,2026,"Sat, 27 Dec 2025 23:43:03 +0000",https://i.pinimg.com/originals/6c/e4/e2/6ce4e290f024eee32b81ca1494339480.jpg,clean_girl_,https://i.pinimg.com/originals/6c/e4/e2/6ce4e290f024eee32b81ca1494339480.jpg,30.25099996658924,43.167714679229384,65.41640820564562,18.048191757960282,55.64747312983329,21.88625883224652,17.899874547170572,8.92894426636779,17.31824354628555,15.4529247333017,24.005347521442935,20.672188930097676,10.666488385443717,17.204156115361666,17.763324281523882,0.19863357371233867,0.29340824756703776,0.11852085229526943,0.10648439870242013,0.282952927722934,#6e3822,#8b5944,#b6988c,#482113,#a97a67
68398488087733840,2024 girls 💅🏻💗,2024 girls 💅🏻💗,boredpanda.com,2026 vision board,"Tue, 20 Jan 2026 17:48:08 +0000",https://i.pinimg.com/originals/02/07/8e/02078e19b1bca9d6bd4197aaf043b996.jpg,clean_girl_,https://i.pinimg.com/originals/02/07/8e/02078e19b1bca9d6bd4197aaf043b996.jpg,82.53018332859571,56.00480037342131,24.85296181860062,70.91936736083863,46.52572447410505,6.545567225858749,12.722840037318303,15.174695919135235,10.277844895461147,24.092406896038725,11.159108382041637,11.536409909705325,14.454138967598224,12.14205036039797,20.375882149981358,0.26258941001392155,0.14664106379914552,0.10841534251836206,0.2999452738706735,0.18240890979789737,#e2c8b8,#a37d72,#563125,#c8a698,#9d5d4d
151081762494972117,,,Uploaded by user,Fashion,"Sat, 25 Oct 2025 21:55:38 +0000",https://i.pinimg.com/originals/03/d6/d8/03d6d8dc7efef1ae458df5d2247c9e2c.jpg,clean_girl_,https://i.pinimg.com/originals/03/d6/d8/03d6d8dc7efef1ae458df5d2247c9e2c.jpg,87.57332455628176,22.578154336881816,67.21074843260875,68.863505314271,45.49314502249773,-1.9568250138737784,21.07182876539164,8.909554104348604,0.36534600456641186,19.07179597431755,-2.0884991295116153,22.390355756851058,18.75834100672942,0.06459044067278086,26.781366549665563,0.5391295649643533,0.10127036956205442,0.08111450603812018,0.20625090935544885,0.07223465008002328,#d5dcdf,#582715,#bf9d82,#a8a7a7,#955e3f
6333255724662746,,,Uploaded by user,Vision board inspo 🔋,"Fri, 26 Dec 2025 14:53:19 +0000",https://i.pinimg.com/originals/06/c4/8e/06c48ef1abf2b2281a30ab92980e2d9f.jpg,clean_girl_,https://i.pinimg.com/originals/06/c4/8e/06c48ef1abf2b2281a30ab92980e2d9f.jpg,54.669678619123246,81.95901121109358,16.81042575692903,35.52854872736418,69.24027975389028,2.5846521005671814,-0.11755121865984197,3.983120819511592,4.736855909502623,1.4440605561454674,10.566688540688506,4.236067545960604,8.905250741981545,16.51119514928694,8.414538410113993,0.21681808688387635,0.27886745850132577,0.05859871599288075,0.13331789618974973,0.3123978424321674,#8e8070,#cfcbc3,#33271c,#635039,#b2a799
15340454977191275,,clean girl 🌷✨️🎀,Uploaded by user,clean girl,"Tue, 25 Mar 2025 02:34:26 +0000",https://i.pinimg.com/originals/82/f8/b8/82f8b83ad1742cf95ee416877eafc804.png,clean_girl_,https://i.pinimg.com/originals/82/f8/b8/82f8b83ad1742cf95ee416877eafc804.png,62.10739416384239,78.76081463989749,23.451268812979578,52.54573544461657,55.96094982099431,-2.167894067964398,3.3108202515848126,1.28492019074947,34.36407369587876,3.8442747424202217,25.99675129380598,4.788928693349027,5.0834400955189505,19.519983900455497,4.90343559005008,0.09689409722222223,0.42787586805555555,0.11640798611111111,0.08136631944444445,0.27745572916666666,#a29567,#cdc0ba,#3c3630,#bb645d,#90837d
AQp3uSriNpejhtv-CKT8rw6jMDr5CpyyZ9RNFHiDTUbTmYFSk3vQgMAYCfaodsmU8ONocNQKpflrIAFHQ9Sm9RE,Nr. 1 Schwangerschaftsvitamine* ab Kinderwunsch.,"*Basierend auf einer internen Analyse von Procter & Gamble unter Verwendung von Daten aus der folgenden Quelle: IQVIA Global OTC Insights, 04A4 M/Vit+Miner Perinatal + 04B4 M/Vit W/O Miner Perinatal*; CE/W Europa (27 Länder) Umsatzvolumen nach Marken für den MAT Juni 2024 unter Berücksichtigung von Schätzungen der realen Aktivität. Copyright IQVIA. Alle Rechte vorbehalten.",shop-apotheke.com,Ad-only Pins,"Wed, 01 Oct 2025 14:46:27 +0000",https://i.pinimg.com/originals/44/cf/0a/44cf0af14cc99abb54f263ab6ece821e.jpg,clean_girl_,https://i.pinimg.com/originals/44/cf/0a/44cf0af14cc99abb54f263ab6ece821e.jpg,23.324547534560864,83.22365664416103,51.212310769231806,6.321032396043407,19.705172559900298,10.06812313162164,0.18613521184912862,6.061186808339805,2.251301133514592,41.6997396419595,18.04086199077013,1.559877689884864,16.934116695335252,5.418452807711009,-37.14677156584368,0.4638541666666667,0.13886815200617283,0.2577266589506173,0.12786024305555554,0.011690779320987655,#4d311c,#d0cfcc,#8e755d,#1a1209,#4d0f66
1618549863842228,Clean girl,Clean girl aesthetic #cleangirl,Uploaded by user,Healthy lifestyle inspiration,"Tue, 18 Feb 2025 14:25:21 +0000",https://i.pinimg.com/originals/27/a1/54/27a15456615b6ad1f93be9a7d5fd1b66.jpg,clean_girl_,https://i.pinimg.com/originals/27/a1/54/27a15456615b6ad1f93be9a7d5fd1b66.jpg,83.0231921154766,15.2459640377093,66.61009801864702,62.11328054882951,37.96874950733566,-0.07969427379090988,3.424385220306181,12.168499440691459,0.9624925099151769,7.258560549317804,-7.6559472379482525,6.120578966589832,16.19123113925301,-4.605751615602234,9.489958644344302,0.41603759765625,0.09944677734375,0.110568359375,0.2004609375,0.173486328125,#c7cfdc,#2e241d,#c19985,#93959e,#6a544a
AcHBjTjTFWmwqyXhAj7OlInTPRqxuwifL47emdXbbxmFBcT9zUPxdP_18Hz40KEYnSC1uk6ksvS2QRn7Ah0d1Y0,Doppelter Schutz für die Haut und gegen Auslaufen!,Von Babys empfohlen!,pampers.de,Ad-only Pins,"Mon, 07 Oct 2024 15:15:41 +0000",https://i.pinimg.com/originals/7b/c7/ff/7bc7ff720cd2eec8f6b5cb1a89aeac65.png,clean_girl_,https://i.pinimg.com/originals/7b/c7/ff/7bc7ff720cd2eec8f6b5cb1a89aeac65.png,32.12394970936626,90.11866094136397,66.89700112756577,63.95306538180715,38.42454202156456,9.740536816309394,-19.625610430996645,3.078389981616475,13.747431357163679,-11.76388168579379,12.445859813779627,-3.035459207847409,6.549219809914318,33.7087648712243,-17.12816354375003,0.083326,0.24633933333333333,0.5800613333333333,0.056925333333333335,0.033348,#604538,#b3ede7,#ada097,#c4905f,#276175
1125968684410112,,"neutral aesthetic, clean girl aesthetic, that girl habits, journaling, self care, papier #papier #neutralhomedecor #cleangirl #thatgirlmorningroutine #selfcare #selfcareroutine",Uploaded by user,2024 That Girl,"Fri, 22 Nov 2024 15:29:08 +0000",https://i.pinimg.com/originals/b9/73/4c/b9734cc0d38c55ae77ec4812cc159187.jpg,clean_girl_,https://i.pinimg.com/originals/b9/73/4c/b9734cc0d38c55ae77ec4812cc159187.jpg,76.34157835554501,22.68958743290692,59.995976376046414,87.01508151353858,43.56159380235565,-0.06675509910479926,2.051719552995601,-0.364282203846984,-0.5283711939769874,1.0599670028517805,5.449992984628619,7.007765670577246,4.353246195754727,1.1248685856139091,8.060237705252606,0.2725458140432099,0.03973234953703704,0.29298948688271603,0.21366174768518517,0.18107060185185186,#c0bbb2,#3d342b,#939088,#d9dad7,#6e6559
AaEBwKUgCnnXRJy17y8oWEL44HdI_cNm8jUsUEk5xVcXaIlTBGSIywWVIVSuIefajgxJGNCXRAU-ItPSDhXta_A,The Santal Floral Dress: As seen on Mimi Arr,"The Santal Floral Chiffon Halter Maxi Dress is an ethereal silhouette designed for movement and ease. Featuring a soft cowl neckline with a halter neck secured by three buttons, it drapes effortlessly across the body for a graceful finish. Diamante trims at the front waist add a touch of sparkle, while a detachable scarf at the neck offers versatile styling options. Fully lined for comfort and cut to a maxi length, this dress embodies timeless femininity with a modern edge.",meshki.com.au,Ad-only Pins,"Sun, 07 Dec 2025 22:08:11 +0000",https://i.pinimg.com/originals/73/53/61/735361a8bcf769feff8e7c7fec230fc9.jpg,clean_girl_,https://i.pinimg.com/originals/73/53/61/735361a8bcf769feff8e7c7fec230fc9.jpg,18.604136230640922,74.070063745537,51.8484317788568,34.52612767925341,54.27411331982632,5.5155886124356215,-0.11382226746151058,4.338334143831153,4.839080542922549,27.634286835017512,11.40380751881916,38.56053625535472,24.356645055421527,15.347663139264533,44.95594941407958,0.17883866666666667,0.13976,0.22123,0.424616,0.035555333333333335,#3a2a1d,#cdb36e,#907752,#614d39,#be6d33
1055599908114493,,,Uploaded by user,Bookends,"Mon, 31 Mar 2025 03:36:45 +0000",https://i.pinimg.com/originals/68/9c/4f/689c4f8b50dfaa3389a556f627a33c55.jpg,clean_girl_,https://i.pinimg.com/originals/68/9c/4f/689c4f8b50dfaa3389a556f627a33c55.jpg,52.91559494633702,24.676798490732693,60.01131246794863,40.272814983272134,69.02852944963107,0.6470075516323495,6.110021722935504,-0.4834078040755766,1.7760093603766225,0.596724216727722,11.732433074803485,14.152096452115076,8.215781515885457,12.264826000096699,4.5479968513223525,0.3130097407957735,0.056570221781960264,0.36852814924880306,0.17530680755049255,0.08658508062297067,#877d6a,#4a3625,#959082,#695d4b,#ada7a0
3237030978605632,✨ Clean Girl Skincare Routine After Shower | Glow & Self-Care Tips 💖,"✨ Get your clean girl glow after shower! Simple skincare tips for radiant, fresh, and healthy-looking skin 💖💆‍♀️ #CleanGirlVibes #GlowSkin #SelfCare #BeautyRoutine",Uploaded by user,lifestyle,"Sun, 21 Dec 2025 20:07:14 +0000",https://i.pinimg.com/originals/1f/bc/ca/1fbcca273af5de7d49674e4d92da2fb0.jpg,clean_girl_,https://i.pinimg.com/originals/1f/bc/ca/1fbcca273af5de7d49674e4d92da2fb0.jpg,18.617265564599634,66.17567627295116,71.67514888906243,45.54768104053867,57.15805744434302,9.675494620598545,2.0677179812195883,-3.598669679405547,3.939417638109325,5.151772691002439,12.07791109454793,12.877438766660413,-24.637128209554216,12.937256573972206,30.29814993803235,0.08687037417763158,0.39069267406798247,0.06324527138157894,0.3261710183662281,0.13302066200657894,#3f271c,#ad9e89,#8bb3dc,#7a6856,#a28454
AQNTmZLn3teKcgjJYdxuvh3TcNSKz7GvxUgHiPmEFbgdHNcq0LS60sVUDFl5lYS0xj8twpS5v9NSQjVzfzCOtKQ,Jetzt anfangen!,Mach das 1-minütige Quiz und hol dir deinen persönlichen Plan 🥗 🥑🍎,quiz.betterme.world,All,"Thu, 15 Jan 2026 15:33:16 +0000",https://i.pinimg.com/originals/9b/31/4a/9b314a5cf3ee5cb96c1a56a364f7582b.png,clean_girl_,https://i.pinimg.com/originals/9b/31/4a/9b314a5cf3ee5cb96c1a56a364f7582b.png,92.08348015764152,42.71498161253615,98.93333146579313,76.06852071928826,2.9434143454119237,9.897770556714331,4.2730520281786495,0.5717292948124406,24.05461071398053,0.418364038018888,-0.9576294364501972,-0.2902413230903585,0.028862724285790786,-1.7307877778267777,-0.040477305896177096,0.39385079089506175,0.024130497685185184,0.5189795524691359,0.031298707561728395,0.03174045138888889,#fae2ea,#6b6265,#fdfbfb,#e5abbf,#0b0a0a
1055599909025164,,,Uploaded by user,A 2026 Vision,"Mon, 29 Dec 2025 21:35:53 +0000",https://i.pinimg.com/originals/3d/44/60/3d4460ae31160535447ed341c12d124f.jpg,clean_girl_,https://i.pinimg.com/originals/3d/44/60/3d4460ae31160535447ed341c12d124f.jpg,29.862082640764342,63.027447910064424,48.01697213683257,6.525723455882229,81.66698186057336,5.451887602469162,1.3105565796987106,4.258702683862207,3.5486279374545244,0.6287186610343554,11.970857686327385,9.715907528563744,12.527686363499175,5.323758252386457,5.355901479034109,0.12206397501228852,0.2743235087326327,0.3433819274634611,0.08236736166850217,0.1778632271231155,#554234,#a29787,#816e5d,#1c120a,#d0cac1
AaDkpKxrKkp1atVwjGP59RADoUt0co9nz419gxDC1c2-IKDXjOyle2aEvoD35pXbdfIupvmJLaRdHbX3Bm8P4YU,Stylish & Timeless: Deine neuen Must-Haves von Hey Marly!,Verleihe deinem Look das perfekte Finish mit der eleganten Handtasche und den chicen Schuhen von Hey Marly. Komfort trifft auf Stil – jetzt entdecken! ✨👜👠,heymarly.com,Ads - Bags,"Tue, 28 Jan 2025 09:00:58 +0000",https://i.pinimg.com/originals/70/78/d8/7078d8677462cfafb1392d1d2095d8a1.jpg,clean_girl_,https://i.pinimg.com/originals/70/78/d8/7078d8677462cfafb1392d1d2095d8a1.jpg,52.024361651313214,23.839138519433128,68.04994035370495,11.55784107612519,38.65768637110984,-0.07380678240056839,-0.03671416829272943,-0.315969100248323,-0.3907311690330021,1.5742155002836917,4.863295958587926,1.8389084820682928,3.1265681437023902,-0.7757211484074884,5.9568278054055845,0.2653216507796534,0.19339114246521655,0.17061633037988858,0.20413969986142605,0.1665311765138154,#7f7b73,#393835,#a7a5a0,#1d1e1f,#615951
ASZHICmpDgOVNXD-RQZUOUrbqVSU5NGDOnpp1ekO29zln1q2eLcXNrkrQYEL55fWn8ypoSqfomKGlEYB-s0sVrA,"Gesundes langes Haar? YES, PLEASE!😍","Stärkt die Haarstruktur & reduziert Spliss – für gesundes, langes Haar 💕 Die NIVEA Length Wonder x Leni Klum Limited Edition💫",amazon.de,Nur als Anzeigen gedachte Pins,"Fri, 14 Nov 2025 11:05:57 +0000",https://i.pinimg.com/originals/34/3e/7a/343e7abd05675d6a20350545d72cc044.png,clean_girl_,https://i.pinimg.com/originals/34/3e/7a/343e7abd05675d6a20350545d72cc044.png,78.34594844389127,69.6185154103979,67.35860368696267,28.171888101536474,82.18961855645982,17.95971933885783,3.316657782538952,27.441736944499365,18.841893228000416,6.204037173680063,3.8040692456522507,-25.706038590544242,26.078005314422494,-40.934172522847305,-13.151872431425845,0.25594333333333336,0.212558,0.13586466666666666,0.04235733333333333,0.3532766666666667,#e5b5bb,#95aad8,#df9076,#323b82,#ccc9e5
53480314319786564,Vitamins for clear skin 🤍,,sites.google.com,Michaela dream board,"Tue, 06 Jan 2026 17:50:31 +0000",https://i.pinimg.com/originals/2c/6b/f5/2c6bf5fac7f74557f4fce93a3e4b09a0.jpg,clean_girl_,https://i.pinimg.com/originals/2c/6b/f5/2c6bf5fac7f74557f4fce93a3e4b09a0.jpg,67.64203234450464,31.78836899869261,84.82643727415342,75.66641443857222,55.231565418575805,11.82199309820682,8.789379699944647,4.5610228550262715,11.538579701170152,14.4451579445184,23.441673365606285,12.040920932169183,12.29106249213344,22.53963273527121,19.68399851270599,0.3650118544149686,0.057345732410611305,0.062201136582083816,0.4054755582788671,0.10996571831346919,#c79c7b,#5e4538,#e6d0bc,#ddb191,#a77a62
23292123067962027,,,Uploaded by user,2026 ✨🌙🍒,"Wed, 31 Dec 2025 18:43:17 +0000",https://i.pinimg.com/originals/ed/53/39/ed5339c84492bd604d1ef9f3c43898d4.jpg,clean_girl_,https://i.pinimg.com/originals/ed/53/39/ed5339c84492bd604d1ef9f3c43898d4.jpg,77.26787211177452,45.66319686987238,23.7732999135432,76.68116265901443,66.22761381785334,-1.574414059387985,2.489307263550899,3.0001092884319034,6.637804760591493,2.20492043142732,1.8249427508109788,10.611007223733044,10.172762165654621,39.56349155776554,10.548210659395815,0.21941984953703703,0.408335262345679,0.1472974537037037,0.03445119598765432,0.19049623842592592,#bdbfbb,#776a5a,#423629,#e0b673,#ac9e8e
4925880838955494,,,Uploaded by user,iResolution: 2026,"Thu, 04 Dec 2025 20:39:30 +0000",https://i.pinimg.com/originals/3a/de/12/3ade12120e95c0ed2904db9920277ec2.jpg,clean_girl_,https://i.pinimg.com/originals/3a/de/12/3ade12120e95c0ed2904db9920277ec2.jpg,36.90438966507697,67.67778406486971,82.70694501425508,17.167618521980643,54.32667683574009,5.050682646480693,0.46826222351390445,0.16746785189395408,3.346723130903017,1.7290252773795798,13.036232207618173,6.856707157865355,2.3094629970006384,7.2939962226523996,11.00805029065112,0.15391493055555555,0.2680068479938272,0.24362606095679012,0.0691994598765432,0.26525270061728395,#665342,#aba498,#d0cdc9,#32281f,#8c806f
7529524373180123,,Home diaries 🪽🍦🎀💞  #pinterestinspo #pinterestpics #recreate #pilates #girlygirly,instagram.com,This is me Maelie,"Sat, 29 Nov 2025 01:44:15 +0000",https://i.pinimg.com/originals/c0/a3/2f/c0a32f547de639fb075dadaf2fdcd23b.jpg,clean_girl_,https://i.pinimg.com/originals/c0/a3/2f/c0a32f547de639fb075dadaf2fdcd23b.jpg,39.687776283090386,85.24613685277554,58.20648736458391,65.93032927934843,71.26878556981838,11.916093577780547,0.7920085903184404,2.2451111250390747,14.714027914650998,1.6932741754209655,20.226237312457915,1.5154843869403418,9.686116354642307,14.531968018921326,6.560594746245121,0.12340086287750891,0.15888435565559933,0.2847882667416995,0.09585599949978116,0.3370705152254111,#79553d,#d7d4d2,#968a7b,#c39686,#b6ada2
703756188725303,Clean Girl Tips 💫,,Uploaded by user,Fynn apothecary,"Tue, 21 Oct 2025 02:04:50 +0000",https://i.pinimg.com/originals/f5/b9/26/f5b9267ffd299a6000554acfb4a27785.jpg,clean_girl_,https://i.pinimg.com/originals/f5/b9/26/f5b9267ffd299a6000554acfb4a27785.jpg,92.61898863436156,3.7664104499775846,77.7356929609305,67.55560105924941,36.85053798854265,-2.0085386752907244,-0.047348855253175115,25.48664859120231,-2.163565365945716,-1.3691424723865473,-7.633400014539293,-5.0031461818287095,7.682225066819799,-5.77287113613181,-6.46614190145694,0.9317161946549661,0.024034785932721712,0.018298763462305544,0.014269420622257679,0.011680835327748969,#deebf8,#070d15,#f2aeb2,#9aa6ae,#4e5760
281543726561213,,,Uploaded by user,2026,"Tue, 13 Jan 2026 12:02:11 +0000",https://i.pinimg.com/originals/39/44/99/3944990db40836b9139cbd1acd231d56.jpg,clean_girl_,https://i.pinimg.com/originals/39/44/99/3944990db40836b9139cbd1acd231d56.jpg,55.38352650211398,86.81441822456708,39.870248981594564,69.8346690673705,23.127583978656716,-0.720939531643771,-0.7282377450867643,12.912016458452404,-0.33450950738124874,-0.22339846217226256,4.303163509172847,1.8763821437511141,20.26667966970063,3.7391846591464506,3.387369713070606,0.17419395514328165,0.24167749433945715,0.06326759976535473,0.4756347209201603,0.045226229831746186,#86847d,#d9d9d5,#7b553d,#adaaa3,#383732
126523070778643841,,,Uploaded by user,Moodboard 2026,"Sun, 28 Dec 2025 17:55:10 +0000",https://i.pinimg.com/originals/98/dd/a8/98dda872a2e8c42837f633f6f9178103.jpg,clean_girl_,https://i.pinimg.com/originals/98/dd/a8/98dda872a2e8c42837f633f6f9178103.jpg,91.77343003084859,63.74552565918559,49.31885188185834,76.39311517634766,29.234043503122273,-1.2453563140402462,1.1277780969074216,4.888151429517419,0.28684772607003517,4.4720109421814564,5.332957289765241,11.38269552341619,14.149859575983093,7.6561547637683685,13.735808179487906,0.2737311918549459,0.25493342984621226,0.14933934165559143,0.23910225223087148,0.08289378441237896,#e9e7dd,#a49986,#86715d,#c3bbae,#52412f
3096293491130090,,,Uploaded by user,Vision board,"Mon, 29 Sep 2025 19:42:11 +0000",https://i.pinimg.com/originals/e3/48/df/e348df17da36aeeb11746b7a5f1e15a3.jpg,clean_girl_,https://i.pinimg.com/originals/e3/48/df/e348df17da36aeeb11746b7a5f1e15a3.jpg,69.7515588274691,17.20899031043697,52.81699012146462,2.0752781466343038,35.03712004585999,-0.8270350309134106,0.8796251941145117,-1.4528172807314985,0.7772850046859916,-0.47335151685026394,7.654484163627149,3.8632126210488895,4.1395832196897855,0.21608724009369773,3.440710027720386,0.316909528320702,0.056266412378673046,0.23277946749102513,0.174530065815716,0.2195145259938838,#aeaa9c,#2d2924,#7e7e76,#090607,#54524c
351912467003769,That girl morning skincare aesthetic,"Skincare routine, Beauty tips, Clean skincare, Natural beauty, Organic skincare, Anti-aging skincare, Daily skincare routine, Skincare products, Beauty essentials, Glow up tips, Korean skincare, Cruelty-free skincare, Facial skincare, Acne treatment, Skincare hacks, Skincare goals, Skin care routine, Beauty regimen, Skin care tips, Skincare secrets, Self-care routine, Beauty inspiration, Skincare for beginners, Healthy skin care, Brightening skincare, Skincare trends, Clear skin tips, Skincare rituals, Skin care advice, Celebrity skincare routines, skincare aesthetic, that girl skincare, clean girl skincare, clean girl aesthetic, clean girl skin, hailey Bieber skin,",Uploaded by user,2026 vision board,"Tue, 30 Dec 2025 23:13:15 +0000",https://i.pinimg.com/originals/9b/8d/df/9b8ddf866d9150433f563ab9919d58b6.jpg,clean_girl_,https://i.pinimg.com/originals/9b/8d/df/9b8ddf866d9150433f563ab9919d58b6.jpg,54.58283790499163,70.75111405487553,31.431235688094386,76.89532095124754,56.78564391491068,-0.358261000255534,14.803454482425192,9.080504418044066,3.5823819567746815,14.305268865256085,13.44000749815476,24.417568882922055,20.643917778611048,19.567957831088368,24.943740670013455,0.3484288194444444,0.2538869598765432,0.10146026234567901,0.12355902777777777,0.17266493055555557,#8b816b,#d5a281,#604329,#d2ba99,#ad7e5d
102456960270836071,🥒🧊✨🍵🎧,#cleangirl #cleangirlaesthetic,Uploaded by user,Essen,"Mon, 12 Jan 2026 13:48:17 +0000",https://i.pinimg.com/originals/8c/9d/4a/8c9d4a84b55f215acca6f73ff7cb62a7.jpg,clean_girl_,https://i.pinimg.com/originals/8c/9d/4a/8c9d4a84b55f215acca6f73ff7cb62a7.jpg,42.963819788451985,66.63478772496835,22.341633818262267,48.746323250087215,82.7903382410201,12.795992806272288,0.32330978878165295,4.282717472045187,-0.3866645677104912,-0.20871814656064425,19.26819349130094,9.07251774505964,13.713124413783053,9.745435124913458,4.099701608211745,0.22589074074074075,0.2601046296296296,0.07454722222222222,0.1504861111111111,0.2889712962962963,#835c46,#a9a191,#423221,#797363,#d1cdc6
15058980000417714,,,Uploaded by user,Visión bord,"Wed, 31 Dec 2025 20:23:58 +0000",https://i.pinimg.com/originals/1d/fb/9c/1dfb9c50f80443a6a14c4a0e8330060b.jpg,clean_girl_,https://i.pinimg.com/originals/1d/fb/9c/1dfb9c50f80443a6a14c4a0e8330060b.jpg,82.84550702660135,47.4028668861405,55.79484016431838,65.76978971007739,74.3996353504815,-0.9527454708590042,10.991814601439035,1.5197853614007868,0.6416488788789343,-0.5910491658159684,7.752744399577525,17.345185999908985,10.5509982639979,10.318532260052367,9.640838687014348,0.18818880949497396,0.12150107484558556,0.1450114296960155,0.22702139094101975,0.3182772950224052,#d2cebf,#8c6953,#8f8473,#a89e8d,#bdb6a5
985231163465309,,,Uploaded by user,happy 🧺 🧦 🛁 homey,"Sat, 15 Jun 2024 20:57:55 +0000",https://i.pinimg.com/originals/bd/4f/d0/bd4fd0c9b707a97b00e0844491828a4c.jpg,clean_girl_,https://i.pinimg.com/originals/bd/4f/d0/bd4fd0c9b707a97b00e0844491828a4c.jpg,29.326524979762013,84.20557725272346,47.6447566863627,74.52486095114307,55.661751545550814,12.503825275040068,0.04876873732307718,16.062708598320327,2.020532657717606,3.2478554804438815,16.079688764734854,1.3737370475423063,19.60732215052798,9.903346020631048,4.454582430152132,0.1474375,0.20927197265625,0.214001953125,0.30438916015625,0.1248994140625,#5e3d2c,#d3d1cf,#946650,#c2b5a5,#8e837d
23925441768594968,,(9) Instagram,instagram.com,Girly Aesthetic 💗🌸💐💄🍬🎀👛🩰,"Tue, 11 Nov 2025 22:36:37 +0000",https://i.pinimg.com/originals/5b/9a/9b/5b9a9b3988ba2bff97dce2f43437e48e.jpg,clean_girl_,https://i.pinimg.com/originals/5b/9a/9b/5b9a9b3988ba2bff97dce2f43437e48e.jpg,65.97229397255477,33.32856151364021,84.97547110537468,71.2430765126062,51.95912408384263,0.005451760100331882,15.305006532684255,-3.3443987556812185,21.500577679034095,3.536999872084336,5.9017980608801395,17.40286905352642,-2.937796664724046,57.31308735518776,8.870422353170499,0.35486496913580245,0.1591280864197531,0.18499614197530864,0.007279449588477366,0.29373135288065844,#a49f95,#6c4433,#cad6d9,#ec9d42,#88796c
AZ_UGNDGBMYzZrNPTLQ1mrjYWuYEklezV_rJZa9t7xWqzDgjjBPECW8db45wPW6iaWYKYBSPQ1ydOP-67jELEiw,So viel Qualität mit so vielen °Punkten.,"Immer die Qualität finden, die du suchst. Mit extra PAYBACK °Punkten und zu Top-Preisen. Das ist was für dich? Dann geh doch zu Netto!

#nettomarkendiscount #danngehdochzunetto #payback",netto-online.de,Ad-only Pins,"Mon, 22 Dec 2025 09:59:13 +0000",https://i.pinimg.com/originals/36/a0/ba/36a0ba5891aaefb2a31f968b7a355372.jpg,clean_girl_,https://i.pinimg.com/originals/36/a0/ba/36a0ba5891aaefb2a31f968b7a355372.jpg,19.2182503656359,41.608250293125295,63.36451981202177,38.528489135653075,62.670612548344145,14.394022606368711,1.0478100360133809,9.289911651008335,20.491536588148897,-2.7781451095208114,-1.1591245400058185,-3.1133481947289803,22.744059849824467,-27.319872877220632,-4.11701538333085,0.21145302854938272,0.42964265046296296,0.03937355324074074,0.10598042052469135,0.21355034722222221,#412630,#616167,#b79271,#655087,#8e999e
12033124000013120,,,Uploaded by user,girly 🎀,"Mon, 05 Jan 2026 16:09:21 +0000",https://i.pinimg.com/originals/47/d9/ff/47d9ff788cb73fb90a73a220789c9f76.jpg,clean_girl_,https://i.pinimg.com/originals/47/d9/ff/47d9ff788cb73fb90a73a220789c9f76.jpg,6.585585266883228,89.42127717420482,42.957307516770406,61.51408117446871,75.210617724926,6.769259269672482,0.1255851824713039,7.65635333182799,6.297857104384887,4.084080784557894,6.034495737673581,10.003831483296613,16.581426227804506,12.918522358861926,14.530655983650602,0.015252564524329337,0.08470913523458175,0.35347842403672963,0.2818357488854823,0.264724127318877,#201009,#e9dfcd,#7b604a,#a8907e,#cbb59e
3588874698173105,,cozy time ☁️🎀🫖💖  #explorepage #inspo #viral #trend #girls #cuteaesthetic #outfitinspo #pinterestgirl #pinterest #pinterestinspired #interior #girls #home #cleangirl,instagram.com,Soft girl era,"Fri, 16 Jan 2026 13:37:29 +0000",https://i.pinimg.com/originals/5f/af/12/5faf12bc5a7bd2c4aafbf9280271488a.jpg,clean_girl_,https://i.pinimg.com/originals/5f/af/12/5faf12bc5a7bd2c4aafbf9280271488a.jpg,39.01690861438433,53.19735592158111,23.129112550209257,11.496947119659062,70.77846127666099,6.649341118301277,0.17305713989551386,8.74375452685487,5.816038874824661,-0.02626812909743581,7.893965274949368,6.251683651604982,19.547054986153203,9.609091850498155,2.3941538200459647,0.2853389033564815,0.23400824652777777,0.2298705150462963,0.1514228877314815,0.09935944733796297,#6b574f,#837e74,#4b311a,#2a1b11,#afaca8
12033123997666415,Girl therapy 🎀🌧️🧸🩷🎧,#girlboss #girl #aesthetic #paris #coquette #coquettestyle #pinkaesthetictheme,instagram.com,2024 mood board,"Sun, 24 Dec 2023 05:08:16 +0000",https://i.pinimg.com/originals/06/a7/e8/06a7e87a0a09845201c1e01561be2781.jpg,clean_girl_,https://i.pinimg.com/originals/06/a7/e8/06a7e87a0a09845201c1e01561be2781.jpg,82.50303891665843,22.903937426082443,55.1517711232013,67.27486597592204,42.648957187340905,-0.7911742363416402,3.9611993097447393,-0.25248240919904114,-0.5930896690310969,0.3713751196352905,0.14257590357811267,11.11763969658131,6.182532389379092,0.9357358755725405,6.340740297036049,0.16808781558726674,0.06877277716794732,0.3718111964873765,0.22108744968898647,0.17024076106842298,#cbcdcc,#423426,#888379,#a3a4a2,#69645a
AZg9MuWU2NStr7SQ6Ny1hiSo2PvngdWMJLQVRF2LU9p3eNKIltjKNRbl43w4z5aqLYy8Qsq-mhHUUYJi7KK5ALk,Brillance Haar Glossing,Schwarzkopf BRILLANCE Haar Glossing Kühles Blond,schwarzkopf.de,Ad-only Pins,"Tue, 16 Dec 2025 12:18:20 +0000",https://i.pinimg.com/originals/67/e1/59/67e159a0d8eb7a4fc30dc8452acef4e3.png,clean_girl_,https://i.pinimg.com/originals/67/e1/59/67e159a0d8eb7a4fc30dc8452acef4e3.png,54.051471803980476,77.9008792403269,41.4854496998158,11.205228333189154,99.16818250754991,10.676489793919748,0.8850896201221854,62.76416229060215,1.6159653251241135,-0.05171954086608821,17.938678815446515,-1.4148189517375762,46.33519219614038,-4.108813476965144,-0.09773057856489231,0.203612,0.259862,0.14407466666666666,0.18912666666666667,0.20332466666666665,#9d7962,#c1c0c3,#c21617,#1d1d23,#fcfcfc
3237030978649426,,,Uploaded by user,lifestyle,"Mon, 05 Jan 2026 05:02:28 +0000",https://i.pinimg.com/originals/3c/6e/4b/3c6e4bed9ffe5cd15d428be909dda080.jpg,clean_girl_,https://i.pinimg.com/originals/3c/6e/4b/3c6e4bed9ffe5cd15d428be909dda080.jpg,23.468718285478964,67.76350494568715,86.42988553727496,46.69088866829716,44.0059007936132,6.138114737817527,-0.2966829219769096,0.16836259216109095,0.871018355078875,13.929760103165334,10.377415974918298,5.335970125505034,-2.205093130598458,5.2097939582172526,17.780260753407095,0.0786178107606679,0.29086142032570605,0.3441365182436611,0.11691017316017316,0.1694740775097918,#463428,#a8a49b,#d6d8dc,#736d66,#875e4b
13088655163253669,Clean girl aesthetic🎀🎀,"🎀🎀 Get up, and become the Clean girl of every boy dreams 🎀🎀  Clean girl, clean girl aesthetic, pretty, beautiful, inspo, inspiration #clean",Uploaded by user,🌸 clean girl,"Sat, 04 Oct 2025 05:41:41 +0000",https://i.pinimg.com/originals/03/d3/78/03d378c8212926ea8b2fc1a2725fa8d3.jpg,clean_girl_,https://i.pinimg.com/originals/03/d3/78/03d378c8212926ea8b2fc1a2725fa8d3.jpg,65.20756110115242,6.267889668221343,83.25819987196368,49.03979018653956,22.472606041198635,12.576345350973709,1.1898251080310622,0.5654651584909343,15.93118520548495,1.828456864830014,15.667099552226201,-2.5466070001204715,5.714721549332759,21.532090560134883,-1.6650280120496843,0.0704616970486111,0.36998381438078703,0.31929976851851855,0.12587031611689814,0.11438440393518519,#be9582,#131317,#d5cec4,#996950,#373438
AUoPDgj7coeL2X-fHQD4phAsLBIzmvxo2gqvt-XJroJP5jigiSiRg5WCQMoRfhY7AuINNh-66mof3Q4B_IZGtjg,Wie einfach und schnell ist dein Boxenstopp?,Mit bequemer 360° Passform.,pampers.de,Ad-only Pins,"Mon, 24 Nov 2025 13:03:38 +0000",https://i.pinimg.com/originals/4d/dd/fd/4dddfdb0133c3f9d417c140657604d2d.jpg,clean_girl_,https://i.pinimg.com/originals/4d/dd/fd/4dddfdb0133c3f9d417c140657604d2d.jpg,85.84405787781981,49.49044252719952,94.81686019138978,70.3173410965958,19.926469623526437,-1.9187056560448132,19.07393760036912,0.3186847894695741,-5.629557743029839,6.247003317484642,85.31058219053108,27.948958352947248,1.9562423865646892,13.93243726145571,10.599926527830899,0.020389333333333332,0.14301666666666665,0.468726,0.28495333333333334,0.08291466666666666,#fbd40a,#a06847,#f2efec,#abae92,#3e2c20
AX_EbmoA_VQsfjKE0emDMxfvCYtGx3cgHEgH5uabSMVSpeMRMYzBnjZB0SkQkz7BP0LPzpOSt_iRdNUknvlTn_o,Entdecke den neues Must-Have für langes Haar 💫,"Limited Edition Alert! 😍 Langes Haar, glänzend schön – hol dir NIVEA Length Wonder x Leni Klum, bevor sie weg ist 💫",amazon.de,Nur als Anzeigen gedachte Pins,"Fri, 14 Nov 2025 11:35:37 +0000",https://i.pinimg.com/originals/44/55/8b/44558b6f964eb11158e234fe2a4bebc2.png,clean_girl_,https://i.pinimg.com/originals/44/55/8b/44558b6f964eb11158e234fe2a4bebc2.png,71.8972704785353,45.2675028205621,26.254428753884582,86.61761610871085,56.79613778248559,4.166602061599422,6.758241532320378,31.723886206635814,0.5028764736183229,-0.8047229375861822,-0.8522616207149243,-34.603217587929706,-61.53613774467385,-1.9539059767119276,-7.030992712612564,0.261908,0.027190666666666665,0.016899333333333332,0.291574,0.402428,#b7adb1,#4d6aa4,#06329e,#d8d8dc,#808994
353743745754269197,,,Uploaded by user,clean girl,"Sun, 28 Dec 2025 03:44:05 +0000",https://i.pinimg.com/originals/4e/d1/3f/4ed13f293263f1c2044e7bda947d6600.jpg,clean_girl_,https://i.pinimg.com/originals/4e/d1/3f/4ed13f293263f1c2044e7bda947d6600.jpg,47.144721603807255,91.1030773593083,68.78380010843897,58.121895201169025,80.06773840064164,-0.49639651080215974,-0.287212301484963,-0.20689598439373924,-0.5898516513592666,-0.10188616753046142,2.212894567139123,-1.2137309628616615,-0.030712992173594265,1.2031758607563348,-0.9864742286181762,0.09740608936338474,0.242144128113879,0.209293198892843,0.20801996836694345,0.24313661526294977,#706f6c,#e3e5e7,#a7a7a7,#8b8b89,#c5c6c8
1970393582247716,,"@laurabusander -vanilla girl, it girl, stockholm style, copenhagen style, scandinavian style, stockholm stil outfits, clean girl, that girl aesthetic, cute clothes, feminine style, pink aesthetic, girls photography, beauty, makeup inspo, women hairstyles, healthy",amazon.com,Outfits,"Fri, 25 Oct 2024 14:00:09 +0000",https://i.pinimg.com/originals/55/88/2a/55882ade95b9391cc2f9e18dcc5d8159.jpg,clean_girl_,https://i.pinimg.com/originals/55/88/2a/55882ade95b9391cc2f9e18dcc5d8159.jpg,77.23125279649813,88.75112695371526,12.931288194320047,43.97701460827177,62.19279619166446,1.6280487687250094,-0.28322458487734004,14.43773367142072,6.156647037717226,5.302560708107744,8.907151699675316,3.1195343453902318,14.07918772926979,12.905722797125295,13.542225821387403,0.37363184799382715,0.20281780478395062,0.06020978009259259,0.14649305555555556,0.2168475115740741,#c8bdae,#e0ded8,#38180d,#796352,#a8927e
19281104652795885,,,Uploaded by user,Visión board 2026,"Wed, 07 Jan 2026 18:27:20 +0000",https://i.pinimg.com/originals/f4/68/5b/f4685b6c5a3e5ecf5c78a08a7fa89120.jpg,clean_girl_,https://i.pinimg.com/originals/f4/68/5b/f4685b6c5a3e5ecf5c78a08a7fa89120.jpg,82.62897080254086,55.70467828869119,34.98529436428616,70.01630672313964,52.63524518485417,-2.2138964643174006,7.541595065444584,7.20531224747803,7.571328707501452,-7.6282966118162205,1.390512345874785,11.327860562786224,13.237671223877474,7.851413916447769,23.915552271181156,0.18677702433187077,0.20030996543012897,0.13161688937641272,0.440688987501662,0.040607133359925544,#caceca,#998072,#644d3d,#bea69d,#7f8054
1688918606908265,,,Uploaded by user,Vision board,"Tue, 30 Dec 2025 20:10:48 +0000",https://i.pinimg.com/originals/14/3e/ff/143eff7cd5e4c1cf78106d077dbbaf8c.jpg,clean_girl_,https://i.pinimg.com/originals/14/3e/ff/143eff7cd5e4c1cf78106d077dbbaf8c.jpg,46.55164812283859,8.049826502250866,77.59217858036726,61.951857620849076,25.579031084935263,6.014567751042873,0.41761557253208004,2.3516437954206335,4.245830112231534,3.800264679082951,16.87875401965205,3.251519577816948,14.269447048186542,16.51774126252616,10.47763751624322,0.1754102402162833,0.1976909098967336,0.2578308513938749,0.23146301467003502,0.13760498382307318,#826952,#1a1713,#cebda5,#a89278,#473a2c
1266706141585222,ablagdonn,ablagdonn not mine!! #explore #explorepage #aesthetic #cute #girl #trendy #pretty #sunset #travel #sun #summer #tan #tanlines #lifestyle #life #christian #cleangirl #grey #thatgirl #calm,Uploaded by user,lifestyle,"Tue, 25 Nov 2025 15:45:51 +0000",https://i.pinimg.com/originals/9f/3b/49/9f3b49bd6234660117ea13b73091c981.jpg,clean_girl_,https://i.pinimg.com/originals/9f/3b/49/9f3b49bd6234660117ea13b73091c981.jpg,60.697991253810734,91.04583711541619,24.070880549967562,40.504954779537165,56.294302546072714,2.368600783672498,0.040497168941389994,7.430081526126154,14.230702508452891,15.919984093711953,6.560543006822119,1.0371492549583028,12.22410084106034,21.303258431636515,23.90502493574596,0.10812871740125057,0.46985727721010623,0.10802069035636215,0.1588537695084134,0.15513954552386763,#9b9087,#e6e5e3,#493427,#7f563d,#ae7b5e
26177241580823952,reading make you calm,,Uploaded by user,Books,"Mon, 19 Jan 2026 04:07:22 +0000",https://i.pinimg.com/originals/c5/e3/9c/c5e39c79450c429f60d336232175fb3a.jpg,clean_girl_,https://i.pinimg.com/originals/c5/e3/9c/c5e39c79450c429f60d336232175fb3a.jpg,70.92693804726099,4.221243398627028,15.285786433575002,28.99190920099058,61.90816495747965,11.141550112039056,4.4028953768894175,9.433010939524705,8.828857179826365,7.269281872040973,19.934706093883275,1.8941666692166628,11.497386362072373,14.945716657451575,6.773301907191603,0.1002233122407667,0.16610396228818958,0.3549726787559633,0.24652114211293724,0.13217890460214324,#cea58a,#170b0a,#372016,#583e2d,#a79089
AQE_fJJs-JrX4nrhKq-HDHDBkku2CZ7K2mBEq_5JxcZVnTIjYAzV-qKWsHP8eW4FtDl07TNd7bMcpDw3lf0GtQk,Nr. 1 Schwangerschaftsvitamine* ab Kinderwunsch.,"*Basierend auf einer internen Analyse von Procter & Gamble unter Verwendung von Daten aus der folgenden Quelle: IQVIA Global OTC Insights, 04A4 M/Vit+Miner Perinatal + 04B4 M/Vit W/O Miner Perinatal*; CE/W Europa (27 Länder) Umsatzvolumen nach Marken für den MAT Juni 2024 unter Berücksichtigung von Schätzungen der realen Aktivität. Copyright IQVIA. Alle Rechte vorbehalten.",shop-apotheke.com,Ad-only Pins,"Wed, 01 Oct 2025 14:46:26 +0000",https://i.pinimg.com/originals/72/35/ff/7235ffbe12cae1b678939406dc9cf445.jpg,clean_girl_,https://i.pinimg.com/originals/72/35/ff/7235ffbe12cae1b678939406dc9cf445.jpg,26.173220076861003,96.8954105213239,43.41955666972051,76.5663205717911,24.54326398230937,47.75881398989926,3.972985370462631,22.76956261921985,15.909044506991773,34.9580244974194,-60.7056023564023,-3.0986260828215606,-31.223173164574323,-21.76136655004236,-45.77313165987688,0.9899768518518518,0.0043329903978052125,0.0012088477366255144,0.0012842935528120712,0.00319701646090535,#46209c,#fbf3fc,#715b9a,#c7b4e5,#432780
11470174045803031,"White silk 🤍 👉TAP👈 for more pictures on Instagram post ✨ outfit ideas, loungewear, Aesthetic",,instagram.com,H&B 👼🏻✨🤍,"Fri, 01 Nov 2024 17:26:49 +0000",https://i.pinimg.com/originals/c8/e0/ea/c8e0ea852c468831d7675c9e290fd8c9.png,clean_girl_,https://i.pinimg.com/originals/c8/e0/ea/c8e0ea852c468831d7675c9e290fd8c9.png,5.830881291710369,63.20452551333082,46.13430981286927,82.52209473850937,28.93604825312136,1.5232437732351751,0.3745761515218802,2.6314280671507357,-1.187435154365222,7.411853248260539,2.3528897924906604,5.005314764788366,6.265253973800544,0.1655616121085668,11.910296392611963,0.12859933333333334,0.318674,0.19806466666666667,0.20802533333333334,0.14663666666666667,#16110e,#9d9890,#766b62,#cbcecc,#553f32
56295064088709050,,,Uploaded by user,+ STELLA +,"Mon, 12 Jan 2026 23:54:30 +0000",https://i.pinimg.com/originals/46/e9/84/46e98492a8c5f4b620219c6c3fce3221.jpg,clean_girl_,https://i.pinimg.com/originals/46/e9/84/46e98492a8c5f4b620219c6c3fce3221.jpg,34.13711805039418,80.28797423042073,67.93917468092884,10.004307141514495,53.02469088219371,3.849155070170025,-1.9673014916036657,-0.6150821694730153,2.8860918576279633,2.290267069980701,12.60586421462909,9.553045679216263,10.46139821428068,6.5927131154233605,11.120200533084063,0.15136510416666665,0.20065572916666666,0.4309692708333333,0.0616328125,0.15537708333333333,#5d4d3c,#cbc7b5,#aca592,#221912,#8a7c6b
106608716174228103,it actually so helpful!,+ it gives u tips at the end on where to shop,astyleset.com,Stuff,"Sun, 18 Jan 2026 20:35:09 +0000",https://i.pinimg.com/originals/2d/dc/a7/2ddca77be6ee43d42cffb922074f3d03.png,clean_girl_,https://i.pinimg.com/originals/2d/dc/a7/2ddca77be6ee43d42cffb922074f3d03.png,8.265581307513301,75.88998623942567,29.922217491558992,93.82737949349024,55.307633850825056,0.7071610104974398,1.0492729668700278,1.2752170179758935,-0.5408187906449295,3.456874972878812,-1.3209392722943392,11.386240866672367,1.0343705334216082,4.31581126323013,10.83718052795166,0.2811206744738928,0.2566299969182002,0.12193700287634646,0.1692641836165654,0.17104814211499517,#181719,#c5b9a6,#494544,#efede4,#918171
702772716889450830,,,Uploaded by user,Yagmur💋,"Tue, 27 May 2025 21:38:32 +0000",https://i.pinimg.com/originals/6d/5d/c4/6d5dc475c6a7d6a3fea690d0774ee910.jpg,clean_girl_,https://i.pinimg.com/originals/6d/5d/c4/6d5dc475c6a7d6a3fea690d0774ee910.jpg,49.06229070225247,3.0262698370805836,71.69888654529342,37.07547423564156,25.61395532595733,1.660773606797719,1.5598020352761908,-4.533860936447744,2.485698872084799,5.789220502132913,10.053943501902621,-7.315595187376843,-20.740421746169126,13.35489447377579,15.550651720024618,0.2243565239551478,0.12384213092230643,0.13024503612108318,0.3609061295040553,0.16065017949740726,#7e7363,#060a17,#8eb3d5,#635541,#4c3825
22869910603906434,,,Uploaded by user,Peach’s Board,"Tue, 17 Jun 2025 15:52:30 +0000",https://i.pinimg.com/originals/4d/ee/c1/4deec13523c8ee9d12f821b663600598.jpg,clean_girl_,https://i.pinimg.com/originals/4d/ee/c1/4deec13523c8ee9d12f821b663600598.jpg,61.829140068058045,32.028362003542334,74.19139432458992,86.2813395816215,47.949986171772665,0.07808746209972042,-0.27791358828710444,0.06226946345230392,0.26137897247914393,-0.08080081461456498,5.869939738874327,10.414335579432093,5.476220255251379,3.31991685759713,8.204029850140927,0.24447267406316084,0.07523527466249737,0.3150625895747517,0.18056265472002567,0.18466680697956442,#9a948b,#514a3b,#bab5ac,#dbd7d1,#777164
4011087177238978,,"clean girl aesthetic, wellness aesthetic, fitness vision board, clean girl, fitness aesthetic",Uploaded by user,Business aesthetics,"Tue, 17 Sep 2024 23:13:10 +0000",https://i.pinimg.com/originals/ed/72/be/ed72beb3508765a460585494e0004003.jpg,clean_girl_,https://i.pinimg.com/originals/ed/72/be/ed72beb3508765a460585494e0004003.jpg,61.34744420644021,32.971353141609235,73.15047606298059,9.163744278505163,49.88613583049881,0.13621180604871663,-1.931562364137716,-0.7213174539674707,-1.0146454161625043,-0.4416373015094786,10.255052001159891,-1.4258506989170452,1.7881139874114438,-2.0260452375915157,-9.350561447300837,0.21332790673458926,0.2515629004869922,0.14652567522106882,0.11148356401384082,0.2770999535435089,#9b9382,#494e4f,#b3b3b0,#161a1c,#6d7786
5418462046342026,perfect clean girl makeup look,,medium.com,makeup,"Fri, 14 Feb 2025 22:48:50 +0000",https://i.pinimg.com/originals/11/68/65/116865614a9368b97079b1198153176b.jpg,clean_girl_,https://i.pinimg.com/originals/11/68/65/116865614a9368b97079b1198153176b.jpg,79.23280399929328,54.45634115786857,30.799475313988637,24.99337055036933,71.78311878766836,3.222058432343072,14.820627421041715,0.9184399136468695,10.078504987304788,13.52151572700326,5.2188601115702795,25.294794669703304,0.4414343884736738,17.162423607550974,26.30324804288115,0.08593412422839507,0.21999614197530865,0.1498828125,0.17198398919753086,0.3722029320987654,#cec1ba,#a77757,#4a4747,#513521,#d7a580
4574037118172128,,,Uploaded by user,2026,"Sat, 27 Dec 2025 23:43:39 +0000",https://i.pinimg.com/originals/f0/be/5b/f0be5b8f3d0c7181587422feade884a4.jpg,clean_girl_,https://i.pinimg.com/originals/f0/be/5b/f0be5b8f3d0c7181587422feade884a4.jpg,85.32135978429251,23.721557852132158,67.4929506271348,51.14686900111705,5.5173936408069295,-0.7946451198818707,3.664932801653584,-1.9190838556967789,-1.2738364472436525,8.36755651869182,0.9762278259279338,15.775640289823912,5.361536613164373,7.569078137432372,6.290709044491528,0.1199853515625,0.142720703125,0.4195927734375,0.22918896484375,0.08851220703125,#d4d5d3,#453520,#a5a59a,#7d7a6c,#200c05
1125968743114048,,,Uploaded by user,Clean Girl,"Wed, 22 Oct 2025 10:49:23 +0000",https://i.pinimg.com/originals/a7/42/23/a74223e9b2e956d0db984a7ead60a8a6.jpg,clean_girl_,https://i.pinimg.com/originals/a7/42/23/a74223e9b2e956d0db984a7ead60a8a6.jpg,28.144020310734973,76.72534950360625,56.1392096254508,58.60294631652778,87.76602085380134,18.591997138695177,-0.3664811909192185,14.670426518948975,-0.24154799655717252,-1.0651318144833022,27.616311829250023,5.942195593759435,28.29698317254043,3.529251894916584,4.862915030960942,0.048508333333333334,0.19186481481481482,0.2736574074074074,0.07064351851851852,0.41532592592592593,#653517,#c1bdb2,#ad7c56,#8f8c86,#dedcd2
2392606045933075,healthy lifestyle,,Uploaded by user,clean girl 🌿,"Wed, 13 Sep 2023 15:57:03 +0000",https://i.pinimg.com/originals/b0/a3/47/b0a3477c30ebe573aad6db8ca3f5e365.jpg,clean_girl_,https://i.pinimg.com/originals/b0/a3/47/b0a3477c30ebe573aad6db8ca3f5e365.jpg,20.760774103088444,63.291715584331065,45.22371729167791,32.096273340801616,83.94626096133287,1.197706220782508,1.343215933647251,16.880960715163905,43.29705669494014,1.4998426607618658,2.0055624466031947,9.022706895009076,24.7757076424956,31.286444282368862,0.46858950363949425,0.33633456790123456,0.25247654320987656,0.12847407407407407,0.10155802469135802,0.18115679012345678,#35312f,#a29789,#915f42,#8d241c,#d4d0d0
9992430418755813,,,Uploaded by user,study motivation,"Mon, 12 Jan 2026 20:40:35 +0000",https://i.pinimg.com/originals/b4/3e/70/b43e702ba7046d8c395aa9d86848ab7d.jpg,clean_girl_,https://i.pinimg.com/originals/b4/3e/70/b43e702ba7046d8c395aa9d86848ab7d.jpg,78.81796467368676,62.516179537106126,65.27690547567796,51.33427236164435,25.46208215964544,-1.1160459767995938,29.52855553975866,0.9165123467633864,3.7406452506325043,8.424991256836963,0.8184810555311692,31.501796230028916,9.684416732722172,13.600160238867737,21.945274277305877,0.2957171550094518,0.05303195888468809,0.253500118147448,0.2544733577504726,0.14327741020793952,#c1c3c1,#d68160,#a79d8d,#897763,#51361a
8866530511781619,,,Uploaded by user,Self care rituals,"Tue, 28 Oct 2025 23:31:17 +0000",https://i.pinimg.com/originals/93/a4/7b/93a47bb32277860c6f517cec1a00cc0a.jpg,clean_girl_,https://i.pinimg.com/originals/93/a4/7b/93a47bb32277860c6f517cec1a00cc0a.jpg,32.527952904796045,77.40619651657897,5.837118188095658,30.01373293711874,54.436156652239546,0.6307474929854364,2.8550109863796873,0.1953901492327761,24.45030398440901,6.4709162870706525,2.054494833959807,16.610024153301943,0.7077949679183293,20.162053837144455,13.097857822059233,0.19375860009865772,0.18440948152763714,0.3147415426954332,0.08812991666017603,0.2189604590180959,#4e4c49,#d0bca0,#131211,#703528,#957d6b
17240411069069547,,"clean girl, selfcare, facemask, slickback, minimalist, aesthetic, peace, relaxed, white",Uploaded by user,Skincare,"Fri, 10 Jan 2025 09:16:32 +0000",https://i.pinimg.com/originals/89/29/24/89292468d9623727f1d2ff56a0dbd42d.jpg,clean_girl_,https://i.pinimg.com/originals/89/29/24/89292468d9623727f1d2ff56a0dbd42d.jpg,8.702221596629506,57.97300085662032,74.15994481045077,23.41975146700104,43.37453968418605,4.007357529903009,0.4976673707666073,0.029396322697034627,5.123080355207602,2.0575959419310745,4.904632667723307,-2.178152488323406,-3.1848086314225346,7.896130575314794,0.6080566770137563,0.21172945680519337,0.2987072074571381,0.15258377580338167,0.19360768486643878,0.1433718750678481,#201612,#8a8b8f,#b3b6bc,#43342c,#6a6565
36310340744886055,Clean girl aesthetic,,Uploaded by user,aesthetic Collagen🪞🌷,"Fri, 26 Dec 2025 17:54:07 +0000",https://i.pinimg.com/originals/cf/b0/f7/cfb0f74ae2195b529e7ffbaa6dc9640e.jpg,clean_girl_,https://i.pinimg.com/originals/cf/b0/f7/cfb0f74ae2195b529e7ffbaa6dc9640e.jpg,35.311145555509604,68.17738426436561,51.921698419671884,69.8824313810822,81.12348111968774,13.968190398912103,2.3974459046506267,7.731192217422792,14.331936433555672,2.3992429838415825,24.185511182739905,12.813757653698534,21.34477588796158,14.01674609946634,7.3041526613539585,0.1197096836419753,0.21205439814814814,0.2933569637345679,0.13363618827160495,0.2412427662037037,#72492c,#b3a38f,#947657,#cda092,#d3c7bc
AUgQZEOdZdaHBg0QWP8YsfbGCQECno8_QC9Ofk8I_ZC__dJKQrN__W_MEvmG9oz3mhmtPOiKbCWVsoM3mJITNYc,Always Ultra Binden mit neuer saugstarker Oberfläche,Always Ultra Binden mit neuer saugstarker Oberfläche und bewährtem Always-Schutz!,stage.always.de,Ad-only Pins,"Wed, 02 Jul 2025 12:33:44 +0000",https://i.pinimg.com/originals/ce/37/80/ce378071f36d04dcb88b19c848ac49df.jpg,clean_girl_,https://i.pinimg.com/originals/ce/37/80/ce378071f36d04dcb88b19c848ac49df.jpg,66.38146245272067,65.42309304554688,35.62853994961861,37.22706009094688,76.96571315463783,-20.86264762736137,-0.5847971226362176,59.48721318038839,-15.844931821693777,-7.527465445477997,37.73942504741779,-5.622141789850447,-93.03921903413757,19.42852735856168,-17.514948026161385,0.26576066666666665,0.329766,0.017554666666666666,0.23083,0.15608866666666665,#93aa5b,#989fa8,#1533ee,#485d37,#9ac3dd
AUwbm7-gfHmL5KVUJlyjA0bYWR9Up6mq0oRLKrmIbu1mmDMdijITYYUPHrA35FTpgEMTsuq0m8cTw3PnGKNHILw,Lange Haare? Nicht lang warten!✨,Dein langes Haar wird’s lieben 💕 Die NIVEA Length Wonder Limited Edition mit der Powerformel aus Niacinamid & Shea Butter.,nivea.de,Nur als Anzeigen gedachte Pins,"Thu, 20 Nov 2025 17:54:22 +0000",https://i.pinimg.com/originals/56/7d/73/567d731f3ceb749ffb565979f400c903.png,clean_girl_,https://i.pinimg.com/originals/56/7d/73/567d731f3ceb749ffb565979f400c903.png,78.43276878944026,81.94735416325774,68.33650933997144,62.285062571086584,18.95940836980178,17.81183078063836,3.9171494416142156,27.483275648852825,6.841841845168599,13.062772897973161,1.4074715652309076,-13.54556112692742,25.80864352645824,-32.313351082259025,8.364990174605863,0.306972,0.4279653333333333,0.12513266666666667,0.133692,0.006238,#e3b6c0,#c6cae4,#e29279,#7f95cf,#432622
4503668373324206,Living with Purpose: How It Girls Align Their Space with Their Dreams,How It Girls Align Their Space with Their Dreams,everlastingfabric.com,outfits!,"Fri, 04 Jul 2025 19:05:17 +0000",https://i.pinimg.com/originals/27/99/e3/2799e3d86add00b1a21f5bb8a9b11605.jpg,clean_girl_,https://i.pinimg.com/originals/27/99/e3/2799e3d86add00b1a21f5bb8a9b11605.jpg,51.6023396374448,77.52865613194929,34.082561639728006,48.11484891361796,65.07844790299973,5.2357178207075314,4.252813937733359,7.3029105222398325,17.83189252859058,5.585943830564514,14.546201936573594,11.552754928334165,14.74108232026311,26.218514623928286,13.46320825442631,0.21022855133614626,0.3387552742616034,0.0704184247538678,0.07040787623066104,0.31018987341772153,#8d7762,#d0bcaa,#634b39,#9a6546,#b19986
26880929021384773,,,Uploaded by user,Ellie✨2026💕,"Mon, 29 Dec 2025 20:06:38 +0000",https://i.pinimg.com/originals/b5/26/4b/b5264b6572674d73636ca9248c0bc8ac.jpg,clean_girl_,https://i.pinimg.com/originals/b5/26/4b/b5264b6572674d73636ca9248c0bc8ac.jpg,59.66689536165527,39.31658382645452,59.862075293340354,18.626375110178657,80.48936434661536,1.2770433515377704,4.545346838515693,7.609969268438691,5.444177926639727,0.17125526520451118,5.9171106529026645,14.065992458195007,19.90454254175201,10.696896580878727,7.830221782808667,0.27734938271604936,0.26546049382716047,0.1976469135802469,0.07196666666666666,0.18757654320987655,#968e85,#6c5946,#a98a6d,#3a2a1e,#cec7b9
914862419248747,At home workout,,Uploaded by user,Vision board,"Mon, 13 Nov 2023 00:14:57 +0000",https://i.pinimg.com/originals/aa/5a/13/aa5a13c8002f48f56cd13c5252ed102e.jpg,clean_girl_,https://i.pinimg.com/originals/aa/5a/13/aa5a13c8002f48f56cd13c5252ed102e.jpg,71.58161089158739,45.69098185841099,9.119927077778343,23.7743052318853,32.20138409494908,-0.7759115590477015,2.34531112485392,3.045913327600812,-0.32725677958050525,3.938463338650484,6.130217633261362,8.320684560674469,3.7827661897801326,-5.864182184310097,8.312559761373063,0.4721296296296296,0.23729787714543812,0.09061653116531165,0.08182588075880759,0.11813008130081301,#b2afa4,#756a5e,#1f1814,#333941,#56493e
8796161770060021,🧺,,Uploaded by user,Things I find chic,"Tue, 11 Nov 2025 04:39:20 +0000",https://i.pinimg.com/originals/92/9d/af/929daf2ea50b3e4008a41fd11d2af748.jpg,clean_girl_,https://i.pinimg.com/originals/92/9d/af/929daf2ea50b3e4008a41fd11d2af748.jpg,62.37805349164502,12.231594260179335,70.63779441612189,82.7031981626244,42.81780066579117,-0.6376983334740585,2.1659994400094034,13.397208815619695,0.15703984439202356,4.5672725299774655,9.62322136589147,8.0220139857036,18.55039526654438,4.193981534278648,12.407003206014041,0.26975048828125,0.11559912109375,0.21022119140625,0.2527578125,0.15167138671875,#9c9685,#261e15,#d0a38b,#d1cdc6,#746150
11892386513821760,ig: juliefelicc,"Vanilla Girl, it Girl, stockholm style, copenhagen style, scandinavian style, Stockholm stil, outfits, clean Girl, that Girl aesthetic, girls photography, Beauty, makeup inspo, woman hairstyles, Europe fashion, Old Money, european outfits, Europe style, blonde hair, pajamas,",instagram.com,clean look🤎,"Sat, 17 Jan 2026 12:01:19 +0000",https://i.pinimg.com/originals/03/19/d0/0319d01278e53b7c108de1bc80751ba0.jpg,clean_girl_,https://i.pinimg.com/originals/03/19/d0/0319d01278e53b7c108de1bc80751ba0.jpg,35.75825414641582,53.317441510930294,14.90840095770647,62.72394437820614,78.77726457786501,15.499325202335733,5.894648568629197,10.483212727862277,13.259658656830187,1.426318920827863,26.15839585047342,12.968615801998997,13.251877344948834,32.994429244602465,3.8234683597738925,0.18921280479130853,0.20677563164404666,0.13849610971402118,0.14570814778023441,0.3198073060703892,#75492a,#917b69,#381f13,#bf8d5d,#c8c1bb
56576539063702781,,Aesthetic clean girl 🎀🧖🏻‍♀️💆🏻‍♀️,Uploaded by user,Clean girl,"Sun, 15 Dec 2024 14:57:44 +0000",https://i.pinimg.com/originals/21/75/37/217537ce14f48bdfb72d2421b81e3c4f.jpg,clean_girl_,https://i.pinimg.com/originals/21/75/37/217537ce14f48bdfb72d2421b81e3c4f.jpg,54.57610879443468,46.762736082253575,17.83157254050903,65.41898415385593,82.11038964448767,18.364941330510874,2.79285477579799,2.716506734279598,2.149170749550951,3.0081632381375063,23.85214541670556,10.079026782599493,5.185527110053599,8.208706229309731,9.675082776670376,0.11096016589506173,0.19146846064814815,0.08950424382716049,0.3289930555555556,0.2790740740740741,#ac755a,#7a6c5e,#322a24,#a89d90,#d9c9ba
1618549864892060,Skincare Time 🧴,#cleangirl #skincare #morning,Uploaded by user,Self Care,"Sun, 11 Jan 2026 06:02:40 +0000",https://i.pinimg.com/originals/88/4c/8b/884c8bfa3a09cc4cb1bedae8330fd8b6.jpg,clean_girl_,https://i.pinimg.com/originals/88/4c/8b/884c8bfa3a09cc4cb1bedae8330fd8b6.jpg,73.5280733414001,19.069361292638433,48.80144280340279,60.625539860884494,36.18568710330819,3.9177885656991602,4.137755865962848,4.201572042099354,-1.1152579171334622,1.5767363377039931,7.104999490126586,10.079944421186248,9.991393557639785,8.19089953746286,10.46499936407548,0.11574584472964443,0.11673890174626551,0.26878602987586786,0.24130443930149378,0.2574247843467284,#c1b1a7,#392b1f,#817063,#969283,#5e5344
31173422418728969,🫧,,Uploaded by user,2026,"Tue, 23 Dec 2025 02:12:23 +0000",https://i.pinimg.com/originals/1e/ec/29/1eec2939f6a04fdda2aba00a27d4b8f5.jpg,clean_girl_,https://i.pinimg.com/originals/1e/ec/29/1eec2939f6a04fdda2aba00a27d4b8f5.jpg,74.69758466868649,76.42440518075408,66.77370292771607,56.103377361509395,83.74569783849236,0.7770266048543208,10.654385263975277,1.4395556116593435,4.315269051441394,0.43942819888465956,9.838082716108328,17.874881264900417,12.31283362529253,12.074798913114806,9.409429535722477,0.17076388888888888,0.07695119598765432,0.20520302854938272,0.0658569637345679,0.4812249228395062,#c0b6a5,#dcb49c,#aea08c,#968371,#d9cfbf
13370130139392651,,,Uploaded by user,SELF CARE BABY,"Tue, 06 Jan 2026 05:49:07 +0000",https://i.pinimg.com/originals/df/9e/16/df9e16c748478eb3066e6685656e339c.jpg,clean_girl_,https://i.pinimg.com/originals/df/9e/16/df9e16c748478eb3066e6685656e339c.jpg,77.83864683359897,11.55579798624342,34.69454309346858,54.87120245289768,83.72305075859575,-3.8095981586618586,3.716030253400656,0.2935388636878753,3.2772173609054516,0.352032973420629,14.27458686088951,2.4101589776601964,7.520388591979271,8.4578860031453,-2.587458118719092,0.30840105411533986,0.14373230373230372,0.15113317399031684,0.16956180670466384,0.22717166145737575,#c4c1a5,#241c1b,#565045,#8f8074,#cfd0d5
281543726139505,"Manifest Your Ideal Life: Embrace Lifestyle Inspiration, Clean Girl Aesthetic, and Vision Boards","Manifestation: turning dreams into reality. 🌟 Find lifestyle inspiration, embrace the clean girl aesthetic, and create a vision board that guides your journey - our Etsy store is your one-stop shop! #Ad #Manifestation #Travel #VisionBoard #RealTalkQuotes",etsy.com,inner peace,"Mon, 01 Sep 2025 10:52:00 +0000",https://i.pinimg.com/originals/27/01/04/2701048fa1d564dd45c88bf35cc7acb5.jpg,clean_girl_,https://i.pinimg.com/originals/27/01/04/2701048fa1d564dd45c88bf35cc7acb5.jpg,62.779326269597995,2.1969244555580403,41.83864835430491,62.93861361046675,21.270834061115124,0.6203424793620701,0.20359227882458136,-0.007991593608420722,0.36837424714868405,0.07828330588715082,7.8625512623923886,0.7428173559829956,3.4000400068625742,3.81878151246884,3.244703447348469,0.914610683567225,0.0264259846084201,0.006941300739399426,0.04480094059654947,0.007221090488406016,#9e968a,#090706,#65625d,#9b9791,#35322e
20618110790099825,,,Uploaded by user,vision board,"Sun, 28 Dec 2025 03:32:31 +0000",https://i.pinimg.com/originals/8a/ea/18/8aea18f6f831b98eada117f365f3e5b4.jpg,clean_girl_,https://i.pinimg.com/originals/8a/ea/18/8aea18f6f831b98eada117f365f3e5b4.jpg,76.22188901360626,39.0328441572275,56.28512744792637,66.92180560392158,84.13646191933209,13.018730726326481,12.132982477386733,12.13323799302068,13.050128650036124,8.703816315350474,21.85941720029931,15.09943086088506,19.121016422631325,21.180441440750005,16.015677401727533,0.36337922098715286,0.09430639274415681,0.21619133461617146,0.24472904738891046,0.08139400426360842,#e1b294,#765444,#a67e66,#c6997d,#edcbb4
8373949303760565,,,Uploaded by user,New year motto 2026,"Tue, 30 Dec 2025 19:57:59 +0000",https://i.pinimg.com/originals/61/c9/26/61c9260c3ef1007ff6cd83aefa99db41.png,clean_girl_,https://i.pinimg.com/originals/61/c9/26/61c9260c3ef1007ff6cd83aefa99db41.png,53.23959793788526,83.49727060247169,46.22394599729008,68.99663620260144,21.817271698441154,2.5640466114514746,0.5125228281334313,11.218637664338173,3.8016109579789727,5.392417126568485,8.556415585476644,8.174226659111088,21.004044602206147,14.096129080669366,12.358155176380874,0.1802146026234568,0.23836275077160493,0.12100453317901234,0.3395900848765432,0.12082802854938271,#897d70,#d7cfc0,#8a654a,#b9a58f,#413022
4362930884474595,,,Uploaded by user,Self care,"Sat, 27 Dec 2025 03:37:10 +0000",https://i.pinimg.com/originals/1b/a2/30/1ba2304bc1bad94e68e313c86fb63be9.jpg,clean_girl_,https://i.pinimg.com/originals/1b/a2/30/1ba2304bc1bad94e68e313c86fb63be9.jpg,97.975797046749,39.25906180163719,16.693107883078,77.60599208952277,59.76408119765721,-0.8836425122912337,3.7756953360601937,3.3163808738535803,-0.18701286694263786,0.9009695438857467,1.7158565313173124,13.056832914651208,7.429869592124575,6.023789624927214,10.086507176479913,0.1417037037037037,0.1819604938271605,0.0648358024691358,0.3437654320987654,0.26773456790123457,#f8f9f5,#6a5947,#31271e,#c4bfb4,#988e7e
337629303335567629,,,Uploaded by user,Glow up,"Mon, 29 Dec 2025 01:02:20 +0000",https://i.pinimg.com/originals/f0/97/83/f0978336aac70f55f5be337795076adb.jpg,clean_girl_,https://i.pinimg.com/originals/f0/97/83/f0978336aac70f55f5be337795076adb.jpg,94.65208839195466,4.550314445854795,50.12863227822946,74.30162524400858,26.000834328336282,0.10462130324005899,-0.020041531150739755,-0.012769929983998757,-0.039130113725192,-0.03192943311455569,2.769892165057169,1.8670177821326113,2.4396459364332084,2.303612717751403,2.738797298811696,0.9315544758191556,0.0402476665879017,0.008366316162570888,0.011468917375551354,0.008362624054820416,#f2efea,#110f0b,#797773,#b8b6b2,#3f3d39
9499849210203766,,,Uploaded by user,Wedding,"Thu, 11 Sep 2025 03:45:02 +0000",https://i.pinimg.com/originals/d9/c6/68/d9c668c89d7162b98c13098b4941e4a4.jpg,clean_girl_,https://i.pinimg.com/originals/d9/c6/68/d9c668c89d7162b98c13098b4941e4a4.jpg,56.57935178453463,6.989497594850366,35.209802702828476,47.9222828111247,84.08585464757972,-5.2055673461391105,-1.00072923240961,-3.965746227041551,9.42395788668945,-0.8442638885870976,11.450896357414617,1.6014868809758251,14.049368045541668,30.747549053041922,0.539183051996293,0.2688760416666667,0.29890104166666664,0.23403958333333333,0.11513958333333334,0.08304375,#868973,#151513,#55533c,#8f6a3d,#d0d2d0
113715959337737469,,she’s a clean girl 🍦🥥🤍 #cleangirl #vanillagirl #f4f #ifollowback,Uploaded by user,Stuff to buy,"Sat, 17 Jan 2026 22:12:58 +0000",https://i.pinimg.com/originals/6a/63/f1/6a63f1f72a9e1d7a36d169c16b9df8ff.jpg,clean_girl_,https://i.pinimg.com/originals/6a/63/f1/6a63f1f72a9e1d7a36d169c16b9df8ff.jpg,98.95540169944684,23.813914371988446,53.99384147642355,83.69207578274131,64.25754776126888,-0.04210182597073675,2.6281352043210715,-0.6835718761238433,0.9389984916419286,8.795753911743075,0.39567737083890675,3.8597664671124816,2.7405147209603684,6.004585235447623,28.56842903866951,0.5814834104938271,0.041941068672839504,0.06410252700617285,0.2502208719135802,0.06225212191358025,#fcfbfb,#3f3733,#81817c,#d7cfc5,#bb9469
5066618328375771,,,Uploaded by user,2024 mood board 🪩😌🫧✨,"Wed, 27 Dec 2023 21:16:05 +0000",https://i.pinimg.com/originals/72/14/a1/7214a1f805b63ec814b7eaedbd337af2.jpg,clean_girl_,https://i.pinimg.com/originals/72/14/a1/7214a1f805b63ec814b7eaedbd337af2.jpg,56.14471335597622,58.438298219847155,17.505060493999302,88.59557050603662,74.65812113979372,33.8446338574454,15.58196361423318,15.949061886233304,4.0749720677963115,12.279192730258247,10.845589859731254,19.904969251125237,7.629064341227206,0.8118390052768643,12.137376960617615,0.19032967032967033,0.17096370296370297,0.10422777222777223,0.13721878121878123,0.3972600732600733,#c26e75,#b2816a,#422120,#e7dbdc,#d6afa2
18155204744092337,Self care ☺️🪽🫧🌸,Clean girl self care days really are the bestttt 🫧,Uploaded by user,🌲how far I’ve come,"Tue, 16 Dec 2025 16:00:11 +0000",https://i.pinimg.com/originals/a2/b3/be/a2b3be509a52f2b13490267f6989c46e.jpg,clean_girl_,https://i.pinimg.com/originals/a2/b3/be/a2b3be509a52f2b13490267f6989c46e.jpg,72.33658139179416,14.08591879759799,35.522519941463415,52.219910297759704,85.14314177201332,3.772801375050908,3.5079839060294673,13.881415575266637,4.184440161457304,-0.5565014590055952,7.9947770834616945,6.222347519399847,28.877928072331486,12.97140660301345,2.832959492476413,0.35674382716049385,0.050658757716049385,0.13054060570987655,0.20358989197530863,0.2584669174382716,#beaea3,#2b211b,#734a25,#8c7966,#d5d4cf
281543726139985,Clean girl,#cleangirl  #thatgirl,Uploaded by user,vision board -study motivation,"Mon, 01 Sep 2025 13:36:54 +0000",https://i.pinimg.com/originals/b7/41/c8/b741c8c7714ac765ab2b4a17c76c10a5.jpg,clean_girl_,https://i.pinimg.com/originals/b7/41/c8/b741c8c7714ac765ab2b4a17c76c10a5.jpg,29.937839008359546,44.623590810457365,34.73382002094979,18.746708253796232,58.58510181565725,0.9025931188244356,-1.0024543459342614,-0.4827266164636743,2.8986285646679617,-2.470464951617383,9.899451635427658,-6.334023177964296,0.21835614301744322,10.800286856647231,-6.685134559186862,0.35293703703703705,0.1927901234567901,0.18069753086419754,0.1534851851851852,0.12009012345679013,#4d4537,#626a73,#515151,#372b1e,#828e98
68749640794,,,Uploaded by user,Visionboard,"Sat, 27 Dec 2025 13:11:19 +0000",https://i.pinimg.com/originals/50/71/c2/5071c2ed85a4281322a6fb0bfdd033e0.jpg,clean_girl_,https://i.pinimg.com/originals/50/71/c2/5071c2ed85a4281322a6fb0bfdd033e0.jpg,80.58290817118463,41.78499955262268,55.075340012352434,26.58285010291295,70.40845071784122,3.806750038837481,16.289060221060968,4.98612839378588,15.078862918845324,4.784977957264804,2.5169989634965617,22.155499044985188,7.354505159620161,16.73287079275247,4.6806156009452,0.30306520926756353,0.34695908071748877,0.11942825112107623,0.11029615097159941,0.12025130792227205,#d1c5c3,#86573e,#918077,#5b3526,#b8a8a3
7459155630238273,,,Uploaded by user,New year new me x,"Fri, 02 Jan 2026 18:44:13 +0000",https://i.pinimg.com/originals/6a/a9/71/6aa9718a130c831a467f17680c24c00f.jpg,clean_girl_,https://i.pinimg.com/originals/6a/a9/71/6aa9718a130c831a467f17680c24c00f.jpg,69.52192648385628,19.352562875401198,44.584946554806834,63.602311918687214,83.32858782793872,-8.367832648314886,0.17701766593889623,5.279768014049731,2.8025060012635983,-0.29817345287918384,27.694397423394065,11.57508096873193,18.419869038963895,10.019019008218118,4.13588671148912,0.09885416666666667,0.13972993827160493,0.2114380787037037,0.26618778935185183,0.28379002700617284,#adac77,#352e1e,#7c654b,#a69788,#d2cfc7
AVostzxJ3gmTqaeHY8JtrZBJfQ8Vxjj0E04XVdP1JV1LMBfcQ63BtIsowcKp2i2qjO3OOcxx-6I19mY0Ta7buiQ,,,ad.doubleclick.net,Ad-only Pins,"Wed, 21 Jan 2026 09:10:23 +0000",https://i.pinimg.com/originals/38/da/ac/38daac910096b6da74873fa6aeaa9c9b.jpg,clean_girl_,https://i.pinimg.com/originals/38/da/ac/38daac910096b6da74873fa6aeaa9c9b.jpg,70.03425683864614,9.782674991258766,50.76949696360496,32.4240753055199,0.16652495141526202,-7.657906359819862,-4.935288482914449,-23.8037926238829,-8.453785077550839,-0.04651270692634668,13.205723678752308,-3.8398697857297703,-0.19974105448172233,3.3750793719741603,-0.08954720830100661,0.051469425154320986,0.30622202932098763,0.253993537808642,0.14517939814814815,0.24313560956790123,#a6ae93,#0f1d20,#438478,#3f4f46,#000000
135248795057594471,,,Uploaded by user,Wish lists,"Tue, 09 Dec 2025 23:41:41 +0000",https://i.pinimg.com/originals/88/96/59/8896597bee1fecb46c8a66033cf22762.jpg,clean_girl_,https://i.pinimg.com/originals/88/96/59/8896597bee1fecb46c8a66033cf22762.jpg,99.58270260058346,92.76799409797735,26.029590110505524,83.89491706262623,68.40687977036096,-0.1303828399080169,-0.011812192687821011,1.4482689279922394,0.10530262719967584,1.6261539774269103,0.32905315075847175,1.5839243890024397,3.198594778808568,3.9242226104324844,6.029621146339785,0.5188811728395062,0.287475887345679,0.007956211419753086,0.13977671682098766,0.045910011574074074,#fdfdfd,#ebeae7,#413c38,#d4d0c9,#aea59c
2674081024511506,,,Uploaded by user,0 THE,"Sat, 26 Oct 2024 15:34:12 +0000",https://i.pinimg.com/originals/b2/6c/59/b26c596b0cd6085a44f160461e95d290.jpg,clean_girl_,https://i.pinimg.com/originals/b2/6c/59/b26c596b0cd6085a44f160461e95d290.jpg,34.69109800229279,77.1697113974288,14.196890695752622,56.85040567819241,89.15957959554291,-0.001072788756499079,-0.0019717745871098433,-0.0006313540320207667,-0.0015417518893588462,-0.003419611980536615,0.0020335088600471228,0.003737568154590066,0.0011967519327590187,0.0029224449902078217,0.005428803397434123,0.11436158705434406,0.20125638196607823,0.2255727544132918,0.10718728366216684,0.35162199290411905,#515151,#bebebe,#232323,#888888,#dfdfdf
281543725077435,,,Uploaded by user,Diese Alina,"Tue, 21 Jan 2025 15:03:37 +0000",https://i.pinimg.com/originals/7a/27/a0/7a27a0ca596b340d5c842fb3c7226795.jpg,clean_girl_,https://i.pinimg.com/originals/7a/27/a0/7a27a0ca596b340d5c842fb3c7226795.jpg,56.57331134013387,87.61990468210335,72.65920726147519,60.11820600509002,43.84407728236306,1.8680449867450681,-0.05087484642211404,0.2520781571147679,9.278660743488965,14.716331336215848,10.745504635042945,3.6118067850261415,6.888809870802903,60.98167462986305,22.991038608406768,0.1993428048204159,0.25205428875236296,0.3917843218336484,0.018448724007561437,0.13836986058601133,#928575,#dedbd4,#b8b1a5,#b98816,#895d42
346777240263326687,10 Secrets to Achieving the Clean Girl Aesthetic in 2025 17,"Discover the top 10 secrets to achieving a timeless clean girl aesthetic in 2025! Embrace the elegant clean girl aesthetic with simple silhouettes and minimalistic details inspired by Skandinavian fashion. From effortless skincare routines to must-have girl stuff aesthetic essentials, these tips are perfect for anyone exploring clean girls aesthetics that stand the test of time. Whether you’re new to the clean girl lifestyle or looking to refine your look, these secrets will help you curate a...",planetgains.com,a vibe,"Wed, 26 Feb 2025 19:55:45 +0000",https://i.pinimg.com/originals/e7/da/ff/e7daffbaaa49ea94c5adc9c3f94047e8.jpg,clean_girl_,https://i.pinimg.com/originals/e7/da/ff/e7daffbaaa49ea94c5adc9c3f94047e8.jpg,82.67275991767515,47.630366201022795,46.322763538354096,69.72759050105982,22.774602031023797,1.035200026908603,11.514380917934036,1.4257619002527049,1.2997412208999264,5.941061603380602,-1.2673379868020662,16.632557293669734,1.7131209329707495,-3.0535026316295637,7.1746626636655515,0.3336670524691358,0.18438657407407408,0.11744936342592592,0.2722781635802469,0.09221884645061729,#cecdd0,#8d6955,#716c6a,#aaa9af,#42322b
AU8vsxAQeqESoTG4BIKlyd7CHBgVQFLurNiPNwwam03aMdiDpH3MdB3eCoDBTChJYsD7xQpvRUFc4GFzjcHdli4,The TEDDY sofa in Emerald,"A sofa you actually live on.
TEDDY in Emerald feels playful and relaxed.
Jenni Spassov at home.",omhucph.com,Ad-only Pins,"Mon, 15 Dec 2025 14:56:01 +0000",https://i.pinimg.com/originals/29/58/61/2958613a694421a020d1e476e8839ab7.png,clean_girl_,https://i.pinimg.com/originals/29/58/61/2958613a694421a020d1e476e8839ab7.png,87.55554994703479,33.4663390369379,52.22572988185636,12.631020880111457,68.68134271385847,0.057671134463157525,-4.94355100034212,0.5613500528437692,-2.1653899090946345,0.7925116184453798,3.6240431171440233,1.3888390990623571,4.050708367923126,1.171058590372195,4.42474575623884,0.09823333333333334,0.16041066666666667,0.27551933333333334,0.17107666666666665,0.29476,#dedbd4,#47504c,#807b75,#1e211f,#aca69f
ASxEOc0nAlYIoRM1Mo7whtG6qc-XDrHLU-J4APO-ZjQFUwyJr2DLkpTJS-29XWIHLlQX_g597yPtzFxuI6lQ7lI,Dein neuer Long-Hair Fav! 🔥,"Langes starkes Haar, starke Formel: Niacinamid + Shea Butter.✨ Die neue NIVEA Length Wonder x Leni Klum Edition 💫",amazon.de,Nur als Anzeigen gedachte Pins,"Fri, 14 Nov 2025 11:02:37 +0000",https://i.pinimg.com/originals/e2/9e/c4/e29ec4df5fd539d1bfb86736efa37545.png,clean_girl_,https://i.pinimg.com/originals/e2/9e/c4/e29ec4df5fd539d1bfb86736efa37545.png,66.20045098508717,95.17675327731219,28.133091194084322,69.01609584433908,31.374396863229606,0.4064420676500775,-0.7932179920453943,32.78108081582229,34.43803349624977,17.184250017421316,-14.061827525780965,-6.167825713003696,-63.3383552372349,14.86791474224029,-46.317825210261056,0.04469466666666667,0.8645373333333334,0.022530666666666668,0.041032,0.027205333333333335,#94a1b9,#e9f2fc,#0e36a6,#ea8f8f,#274593
174584923051007853,,,Uploaded by user,2026 vision board,"Fri, 19 Dec 2025 00:01:15 +0000",https://i.pinimg.com/originals/a4/e9/d2/a4e9d280f5034267a88eae38bc1a9977.jpg,clean_girl_,https://i.pinimg.com/originals/a4/e9/d2/a4e9d280f5034267a88eae38bc1a9977.jpg,44.51536115664014,77.4611397551508,96.15463294705691,63.845884398676404,20.46253635602848,9.286112436220856,6.303657891346596,-0.3213693799787487,9.3150888882767,8.303403400011138,18.635010171998555,15.346090627425239,-0.3281495662188334,20.01789837639215,13.540555307202546,0.15171501603177123,0.23815971570679442,0.31282044850369334,0.22039283748602917,0.07691198227171187,#82624a,#d6baa3,#f2f4f4,#b79377,#422c1d
351912466992431,Работа с желаниями,"Найдите свои истинные желания, и научитесь исполнять даже самые дерзкие из них легко с помощью специальной техники. 5 коучинговых и психологических практик, которые помогут найти ваши желания.",vesnawoman.ru,2026 Vision board,"Sat, 27 Dec 2025 00:29:44 +0000",https://i.pinimg.com/originals/2c/07/6d/2c076da1abc6a677a93debb3bdf76d0a.jpg,clean_girl_,https://i.pinimg.com/originals/2c/07/6d/2c076da1abc6a677a93debb3bdf76d0a.jpg,49.13196720238396,10.042284109670064,57.140986299252425,84.8624859715884,65.23833605815938,-1.335088796703972,0.6710042036647588,17.11002485361605,-3.1163422745174705,-2.3398244906886045,8.776752284889636,-1.5472702699207481,25.46212483067857,5.737698029637888,8.434813251740772,0.14244394607584904,0.1529322636804688,0.04721122633794408,0.12294234811882579,0.5344702157869123,#787465,#1b1b1d,#b27d5d,#d2d5c9,#a09f8f
109704940921203840,,,Uploaded by user,fit,"Mon, 15 Dec 2025 12:02:35 +0000",https://i.pinimg.com/originals/aa/23/21/aa2321c584af77f36a54ef20b8131193.jpg,clean_girl_,https://i.pinimg.com/originals/aa/23/21/aa2321c584af77f36a54ef20b8131193.jpg,26.558236649833432,89.54508000457274,10.318030853064442,44.46269849079208,66.42646054411428,-0.5334893427610371,1.1248260242538124,-0.5607615053346576,0.07506063954711942,0.42837769365307815,0.6680060009334539,-0.25309722054819833,0.6150291417125091,0.1035613415240268,-0.48360108457993556,0.23902637283236994,0.2823563945086705,0.1177570046563905,0.17973015012845214,0.1811300778741169,#3e3f3d,#e3e0e1,#1b1c1b,#696968,#a1a1a2
4925880839048375,,,Uploaded by user,RE Spa Room,"Sun, 04 Jan 2026 17:47:04 +0000",https://i.pinimg.com/originals/00/40/56/0040564c87551429dddc613d5a3a9f96.jpg,clean_girl_,https://i.pinimg.com/originals/00/40/56/0040564c87551429dddc613d5a3a9f96.jpg,57.524384215236495,11.652821792930375,95.26225296214741,42.673106878321924,68.62949975302882,18.163605121739938,13.275915048713541,0.384648288945618,24.985979528115145,11.606380130939893,25.70500371825957,10.882616044384587,0.714253948005446,23.963031767699242,19.160124087806487,0.3489152587429111,0.13125443052930058,0.12052516540642721,0.22451522625236295,0.1747899190689981,#b57d5e,#33160f,#f2f1ef,#94533e,#c89f85
5840674511668589,Clean Girl Morning,"clean girl morning routine, clean girl morning, clean girl morning routine school, clean girl morning aesthetic, clean girl morning routine weekend, clean girl morning routine 5 am, clean girl morning routine for school, clean girl morning routine aesthetic,morning routine, morning routine aesthetic, morning routine youtube, morning routine school, morning routine productive, morning routine teenage girl,clean girl aesthetic,soft girl aesthetic,girly aesthetic,coquette,pink pilates princess,gossip girl aesthetic,girly things,sunday vlog,aesthetics,morning rituals,lucky girl syndrome,diary,morning diaries,evening routine,after school routine,that girl morning routine,productive routine,glow,spring morning routine,fit inspo,girly girl",Uploaded by user,✨️Eu✨️,"Sun, 12 Oct 2025 02:12:13 +0000",https://i.pinimg.com/originals/92/a7/1c/92a71cf093901de9df1a4066a3b3a6b8.jpg,clean_girl_,https://i.pinimg.com/originals/92/a7/1c/92a71cf093901de9df1a4066a3b3a6b8.jpg,57.45258748521225,80.60164218475117,72.53039999013978,33.29617186545044,66.63035500288827,12.026677777850443,-0.09471420452757595,10.88636925405601,14.93488963207798,2.089061115939745,11.647360371877706,4.49506415209469,12.674655501588347,11.73625332140913,4.4915994908078485,0.2547588734567901,0.29891975308641977,0.21392409336419754,0.08189911265432098,0.1504981674382716,#a58276,#cbc7bf,#ceaa9b,#6a453c,#a9a09a
1759287348577575,,,Uploaded by user,Matcha,"Mon, 21 Jul 2025 04:12:17 +0000",https://i.pinimg.com/originals/41/28/7d/41287d58944c49edb0666c5354ef5213.jpg,clean_girl_,https://i.pinimg.com/originals/41/28/7d/41287d58944c49edb0666c5354ef5213.jpg,82.0405023125995,23.92192533535021,48.032828595703236,69.06822898571215,64.64649085722792,-1.1892676991660864,10.654864852670535,2.7946361690708033,12.65203518468385,-0.4803426441487306,1.4880129305198815,-0.31986709831478066,8.752664630946839,-10.720519591967744,7.894010737855888,0.1686102971241652,0.1209821225750761,0.3074868815592204,0.09974700149925038,0.30317369724228793,#caccc9,#483339,#7c6f63,#b7a1bc,#a19c8e
4362930884284867,,girly finds linked from amazon,amazon.com,2025,"Mon, 27 Oct 2025 00:11:04 +0000",https://i.pinimg.com/originals/c2/b7/df/c2b7dff3f99b31512b4beb1cdb746362.jpg,clean_girl_,https://i.pinimg.com/originals/c2/b7/df/c2b7dff3f99b31512b4beb1cdb746362.jpg,86.23753976986875,50.5266905636224,62.152132080728826,32.46888656262436,69.65867982380237,-1.1364826891167987,8.45263598200965,-2.231477629694887,13.02724380588649,3.18637372280755,3.299956511069248,13.394519332940977,12.222259894781233,16.335451657710486,5.97723562567055,0.17065437454808388,0.14557483731019522,0.28923174258857554,0.16259881899252832,0.23194022656061702,#d8d8d1,#8e7261,#9b9680,#674433,#b4a79f
985231161497247,Hot Girl Walk,,Uploaded by user,2023 vision board🪩💗✨,"Wed, 28 Dec 2022 01:21:28 +0000",https://i.pinimg.com/originals/3a/d9/21/3ad921f2de922f77ae5608fff2dd139e.jpg,clean_girl_,https://i.pinimg.com/originals/3a/d9/21/3ad921f2de922f77ae5608fff2dd139e.jpg,45.03145787090993,70.64602827285603,38.892464850665085,69.69630428901854,18.279907972567774,0.5392597764587812,5.002035258917019,-16.572841030628368,-22.1698318580122,-5.694492351942052,6.550791283287696,14.9109932501605,28.46404372465563,42.88329591668567,14.226559609060956,0.4284027777777778,0.2355287037037037,0.13429722222222223,0.07343703703703704,0.12833425925925926,#70695f,#c0a892,#4f612b,#9cb359,#2b2e17
5770305769517945,19 Secrets to Smelling Expensive (Even When You’re Just in a Hoodie),19 Secrets to Smelling Expensive (Even When You’re Just in a Hoodie),yourgirlknows.com,2026,"Thu, 04 Dec 2025 21:53:50 +0000",https://i.pinimg.com/originals/92/98/e2/9298e27e71d6e2436385061fcee8dc58.png,clean_girl_,https://i.pinimg.com/originals/92/98/e2/9298e27e71d6e2436385061fcee8dc58.png,79.34394272707817,46.79801651548607,37.35542809380033,62.32387375908377,22.696633273963727,0.05933955284857895,0.6698932422866739,14.22905320648732,0.5789799853888753,8.051681994885225,2.679093061073858,9.629763598162256,18.673082537487147,6.216618962383066,10.469042320670098,0.157644,0.31550266666666665,0.06839266666666667,0.3977346666666667,0.060726,#c6c4bf,#766d5e,#764e3a,#9c958b,#463127
44050902600106679,,,Uploaded by user,2026,"Wed, 24 Dec 2025 03:32:43 +0000",https://i.pinimg.com/originals/9e/5c/f7/9e5cf79e78818fb982163baa51f5208c.jpg,clean_girl_,https://i.pinimg.com/originals/9e/5c/f7/9e5cf79e78818fb982163baa51f5208c.jpg,47.98050982506297,84.20020096466553,11.887125353126912,41.7568044103316,65.28810889057634,-12.12283121043653,0.47807447598494934,0.7983201265771742,6.258208777533276,2.08670780701881,34.973686573863176,4.8168525971311915,4.414668825548369,14.838681703611954,8.985782811421121,0.02248215663580247,0.4105444637345679,0.03380787037037037,0.1820896026234568,0.35107590663580246,#707634,#d7d1c9,#221e19,#755e4a,#a99c8e
10133167906743059,,,Uploaded by user,Lifestyle,"Thu, 15 Jan 2026 23:39:11 +0000",https://i.pinimg.com/originals/a2/79/cf/a279cf78fe2e7a2d692617b1fdaa403a.jpg,clean_girl_,https://i.pinimg.com/originals/a2/79/cf/a279cf78fe2e7a2d692617b1fdaa403a.jpg,81.0166779880729,14.534519010564637,33.16998485761157,70.76920521983433,56.397855152830644,-0.45202804429267984,8.429913766958654,9.761237126788721,0.5610578891382307,2.033968186674577,4.133194036391264,12.965154237807553,15.855028362768753,9.801994208480785,11.445795469580522,0.2872266930559964,0.030560897735123327,0.10103187791911955,0.3394234180405923,0.24175711324916843,#cbc9c1,#341f12,#644735,#b5ac9b,#928573
1900024839620912,"That girl energy all summer long ☕✨ Early mornings, pilates, study sessions & skincare. 🌿","#thatgirlenergy #thatgirlvibes #cleangirlaesthetic #selfcareideas #healthyhabits #productivity #studyinspo #studyroutine #studyideas #pilatesgirl #glowupjourney #disciplinequotes #wellnessvibes #morningroutine #healthyliving #softlife #slowliving #leveluplife #studyaesthetic #productivitytips #typeagirl #motivationalquotes #selfgrowth #softgirlvibes #girlbossvibes #visionboardideas #workoutideas #fitnessroutine #mentalhealthtips #routineinspo 📌 Follow for more self-love & aesthetic lifestyle inspiration   Youtube: @MindsetMuse222   Instagram: @mindsetmuse222   Tiktok: @mindsetmuse222  Pinterest: @MindsetMuse222   Mine, please don't repost without credit! Thank you🤍",Uploaded by user,That Girl,"Tue, 16 Dec 2025 22:55:17 +0000",https://i.pinimg.com/originals/f6/90/8c/f6908cf4785298382ea77f705190e111.jpg,clean_girl_,https://i.pinimg.com/originals/f6/90/8c/f6908cf4785298382ea77f705190e111.jpg,9.264539080203726,50.04156057700437,67.04156584413671,79.80062498675115,32.203915582881365,3.950364531868454,8.920716528203045,10.285180787372575,0.8828668020884702,3.52452753850349,6.417124294543193,17.65705701525741,20.57896744486888,3.397746551060056,14.667315921214783,0.048667679958201725,0.25491010995796426,0.2521275164066149,0.08019054630663151,0.3641041473705876,#221710,#907059,#c29b7e,#cac5bf,#594934
9640586697949366,,,Uploaded by user,Theresa Sport,"Fri, 29 Aug 2025 13:34:20 +0000",https://i.pinimg.com/originals/ee/ac/98/eeac98d7b6f25d6080852724674443a5.jpg,clean_girl_,https://i.pinimg.com/originals/ee/ac/98/eeac98d7b6f25d6080852724674443a5.jpg,86.26470267838701,44.99905636030248,31.041021198883385,13.884047126613211,58.88058219346127,-0.46168066700780264,-0.1386719032362782,-8.343606163963832,-2.379733009919771,-2.8218271306999148,7.377686407066776,-3.2173058983409084,5.866449832246534,-9.044209918513198,-4.883136861322376,0.5359867199664631,0.13185336567253564,0.0910101509162774,0.06591919690980956,0.17523056653491437,#ddd7c9,#676a6f,#3e4c3f,#16242f,#838f96
774124930762805,,8 Easy Body Care Hacks,Uploaded by user,☆ beauty secrets,"Sat, 17 May 2025 19:13:10 +0000",https://i.pinimg.com/originals/43/3f/40/433f407604999ff23374544b5be534a1.jpg,clean_girl_,https://i.pinimg.com/originals/43/3f/40/433f407604999ff23374544b5be534a1.jpg,73.56768331611403,59.104015627271025,26.253316102742147,47.219470078993176,94.03232266008338,8.267152843262787,16.874712371140546,17.285234753844676,27.074378461107333,0.25593931967870276,12.78504224301442,20.621944409540408,14.704123315838556,28.77980610969454,0.6188523371352055,0.24454522549760646,0.24790627362055934,0.10476946334089192,0.28030990173847314,0.12246913580246914,#ccae9d,#b6826a,#5c3328,#a55c40,#eeedec
AZrPE9_z9gXZKsu7QZ0xWfCZgpFiJ8nWZYPjTtJFyBx3K-Er5w800fvCOoTbRxNgAufjy4Dnbby97f5NUXG9Np8,Neu von Balea: Professionelle Tiefenpflege für gestärktes Haar,Teste den Haarpflege-Trend 2026 „Deep Repair“ mit der neuen Balea Molecular Care Serie und pflege Deine Haare tiefenwirksam 💜✨,dm.de,Nur als Anzeigen gedachte Pins,"Fri, 19 Dec 2025 21:59:42 +0000",https://i.pinimg.com/originals/c5/4a/63/c54a638c79fcbfbdda6f8ffea08dba85.jpg,clean_girl_,https://i.pinimg.com/originals/c5/4a/63/c54a638c79fcbfbdda6f8ffea08dba85.jpg,63.98291998317079,69.68347041363593,22.714644640796884,88.10184203146679,43.73139002374843,27.033925496082553,11.883937668234731,7.382292375333318,-0.04573990304950115,54.37450014199168,-43.56222931974628,16.795464370075297,3.5192226493260463,-3.007844048035615,-73.70378889993687,0.35837528935185187,0.08338445216049382,0.18852141203703704,0.28292438271604936,0.0867944637345679,#a18de8,#caa18c,#423231,#dadde2,#7047e4
AZ1RTGpiH0F_wUQbdskBzVO9jFcYAWLQnqz2z_8Cz6PWQz-x6X6cjDGv-6kLH9fQDjndrRZRbbw87rX2OGfHQpM,So viel Qualität mit so vielen °Punkten.,"Sichere dir jetzt 10fach PAYBACK °Punkte ab 30 € Einkaufswert – mit der Netto plus App! Für dein Geld gibt’s richtig viele °Punkte.
Dann geh doch zu Netto!

#nettomarkendiscount #danngehdochzunetto #payback",netto-online.de,Ad-only Pins,"Mon, 22 Dec 2025 10:57:13 +0000",https://i.pinimg.com/originals/77/d4/28/77d428fbd5ad9803612ae9f8ed512f46.jpg,clean_girl_,https://i.pinimg.com/originals/77/d4/28/77d428fbd5ad9803612ae9f8ed512f46.jpg,37.15234092623267,89.86153462768848,72.15559582025489,47.739348179733206,33.24799029931416,-6.865265816653517,-8.513621801127803,-7.888453853943326,61.49636602288784,-5.720535246011727,-26.43744153214609,88.04489562361766,-14.948697916878604,54.288328349260624,-25.874740731169076,0.27045958719135804,0.043739872685185185,0.008450520833333334,0.008151523919753087,0.6691984953703703,#1a5c81,#fde30d,#90b6cb,#d53213,#145276
Afz3m0fxZMSldZex2BmSg7Mch6gY1baDSWIdqZAhQjgd2dkxpzlDdeG_kmstR4fQvrnMIu5K_xkZGIUC7KPYiG4,"Cropped Wolljacke mit Knopfleiste – Zeitlos, Parisian & Herbstready - S","Diese cropped Jacke mit klassischer Knopfleiste und breiter Kragenform ist ein Statement in zurückhaltender Eleganz. Sie lässt sich hervorragend mit Jeans, High-Waist-Hosen oder Strickteilen kombinieren – ob für einen City-Walk, Office Day oder Café-Besuch. Das strukturierte Material sorgt für einen hochwertigen Look und verleiht jedem Outfit direkt eine moderne Silhouette. Merkmale: Cropped Fit mit gerader Linie Strukturierter Wollmix-Look Breiter Hemdkragen & sichtbare Knopfleiste Dekorative Ärmelabschlüsse mit Knopfdetails Ideal für Übergangszeit, Büro oder City-Looks Spezifikationen: Passform: Locker, leicht oversized croppedDesign: Langarm, Frontknöpfe, große Knöpfe an ÄrmelnGeeignet für: Herbst, City Style, Business CasualLieferumfang: 1x kurze Wolljacke mit Knöpfen",habermannmode.de,Products,"Sat, 27 Sep 2025 13:32:11 +0000",https://i.pinimg.com/originals/c1/eb/fe/c1ebfef09065818eb502b86706e63caf.png,clean_girl_,https://i.pinimg.com/originals/c1/eb/fe/c1ebfef09065818eb502b86706e63caf.png,37.87356623636675,70.21457611908266,66.90142634648458,12.832871641102258,54.11037119180688,-1.451045496509994,-4.774959835282676,-2.148417899584997,-3.6751186110612837,-4.8092363844464305,-0.1131228690643753,-8.560320552483581,5.658623266402028,-0.5760775491825698,-6.745473071782982,0.21826037877837703,0.3241811948660061,0.19420209874994773,0.12435762364647351,0.1389987039591956,#565959,#99aeba,#a3a398,#1b2221,#71848c
4714774602839266,🎀♡,,Uploaded by user,It girl,"Thu, 28 Dec 2023 16:31:38 +0000",https://i.pinimg.com/originals/0b/b3/ac/0bb3ac450f9404896abee36adbdad999.jpg,clean_girl_,https://i.pinimg.com/originals/0b/b3/ac/0bb3ac450f9404896abee36adbdad999.jpg,29.63697338956354,63.384409327217625,12.335389994155939,47.53369930220503,82.67766455811312,3.7363206934651183,3.7012998618519504,2.4128306584777093,3.9340202960445505,2.321563292704811,10.723532562655425,13.966264671036054,5.408904942159377,13.32823870613884,11.148867890725594,0.1916286568103177,0.33718101211072665,0.10189180953129916,0.27191874410191885,0.09737977744573766,#514335,#a99680,#261e18,#7f6d5a,#dacbb9
24488391719014797,,,Uploaded by user,That girl 🌸✨🧠,"Thu, 07 Nov 2024 01:28:05 +0000",https://i.pinimg.com/originals/c9/fe/30/c9fe3089d2e08f8ad9aa42393355a50d.jpg,clean_girl_,https://i.pinimg.com/originals/c9/fe/30/c9fe3089d2e08f8ad9aa42393355a50d.jpg,56.18236537393605,24.05676527718859,84.62122307114646,39.74630792236333,71.5784651150257,-0.3874634268913646,-11.252048716397432,-0.43975712196657657,-0.34777440097033874,-0.38817301338752186,6.859014062827622,21.352553250296992,2.521774998468552,7.969522450899863,5.596308253916261,0.251120987654321,0.11134074074074074,0.2472074074074074,0.15961851851851852,0.23071234567901236,#8b867a,#323d17,#d4d3ce,#625d50,#b3afa5
15692298698010884,,,Uploaded by user,makeup,"Tue, 28 Oct 2025 18:24:51 +0000",https://i.pinimg.com/originals/4c/81/a0/4c81a0c37cde5f4af1d202a6dd53b2b7.jpg,clean_girl_,https://i.pinimg.com/originals/4c/81/a0/4c81a0c37cde5f4af1d202a6dd53b2b7.jpg,82.76401534966347,7.265854619366046,28.459734660095783,61.16216276335142,48.166767088611124,1.1658548395086097,4.820197692934252,8.440759446347881,19.91190132133292,2.673804173180148,2.274453745102104,5.078335197947274,13.166764308364254,27.437596821710272,3.6645860709356732,0.15297503909603555,0.29065186182623903,0.13920682248084384,0.2922905111517211,0.12487576544516046,#d2cdc9,#1e130d,#563d2f,#c38564,#79706c
1407443629229158,,,Uploaded by user,Health & Fitness,"Fri, 17 Jan 2025 13:55:11 +0000",https://i.pinimg.com/originals/35/e5/71/35e57111fd9276fb638d9c75f088d3a7.jpg,clean_girl_,https://i.pinimg.com/originals/35/e5/71/35e57111fd9276fb638d9c75f088d3a7.jpg,77.10240461881354,99.00462248101027,9.018455599955686,78.32676761490052,45.56444282485782,0.11227184042896382,-0.0185957979452121,-0.005075026610745492,-7.185809761103386,-3.65863332149601,1.0294955953749805,0.19796574924448573,0.4493337720109585,24.427373657170396,9.77276975153099,0.11909625771604938,0.7453780864197531,0.03988329475308642,0.03651909722222222,0.05912326388888889,#bfbebc,#fcfcfb,#191918,#c5c494,#6c6d5b
11188699074838047,,,Uploaded by user,Holiday gifts for Jordyn,"Wed, 15 Oct 2025 23:59:30 +0000",https://i.pinimg.com/originals/df/b3/b1/dfb3b15e987673aa5710eccb3051401f.jpg,clean_girl_,https://i.pinimg.com/originals/df/b3/b1/dfb3b15e987673aa5710eccb3051401f.jpg,91.48440707476442,31.129818820378155,74.48563553929894,71.10438481823712,76.22626849997957,-0.3224629136574179,4.929871812230896,-60.31325475089177,16.395986470526417,0.8226687861214403,2.895406322957527,9.280055098662057,41.67058186715792,19.207631402615554,2.723760945111099,0.8051283950617284,0.028266666666666666,0.003312345679012346,0.03738148148148148,0.1259111111111111,#e8e6e1,#56463b,#40d066,#d6a28c,#bfbbb7
1548181186358304,The It Girl Mindset: Cultivate Confidence and Charm in Your Daily Life⋆ ˚｡⋆୨୧˚,THE IT GIRL MINDSET: CULTIVATE CONFIDENCE AND CHARM IN YOUR DAILY LIFE⋆ ˚｡⋆୨୧˚,everlastingfabric.com,Rebrand ‘26 💐,"Sat, 13 Dec 2025 20:00:44 +0000",https://i.pinimg.com/originals/c3/57/06/c35706882a3ee6b12b55737844e5d573.jpg,clean_girl_,https://i.pinimg.com/originals/c3/57/06/c35706882a3ee6b12b55737844e5d573.jpg,79.45822122303646,32.270551455692555,7.781270045781717,52.28247783966113,69.36370659708803,-0.5284186190901468,8.677652067734165,2.852092398006627,6.474989616048818,-0.8456277065904809,3.9754886673850347,11.739948937536528,4.016070147276914,7.802670146322452,4.119784526702205,0.2745926966292135,0.12354400749063671,0.0703932584269663,0.17497659176029962,0.3564934456928839,#c7c4bd,#5f4639,#1d1511,#8d786f,#aba9a1
196891814956058426,,,Uploaded by user,2026 vision board,"Wed, 31 Dec 2025 22:54:10 +0000",https://i.pinimg.com/originals/cf/03/0a/cf030a15e173ab898749f1c9e905d004.jpg,clean_girl_,https://i.pinimg.com/originals/cf/03/0a/cf030a15e173ab898749f1c9e905d004.jpg,44.65062901523744,81.89487308052216,61.90601412297532,47.58590020557688,13.847920460702284,5.665401045412214,-1.0901551949417108,1.945631572678618,-1.0094897821437747,1.9415760443959464,18.37266518476267,2.8080340983554724,9.976709093279872,-8.691194626362268,4.692349106384507,0.18603877314814815,0.3542404513888889,0.2927396797839506,0.08024353780864198,0.08673755787037037,#7d654b,#cbccc6,#a09384,#67727f,#28221c
369084131983831124,,fond d'ecran clean girl,Uploaded by user,👑E’marie4.0👑,"Sat, 01 Nov 2025 12:56:29 +0000",https://i.pinimg.com/originals/d0/32/8b/d0328b3a209f0cbcfddb6f38e2b659b1.jpg,clean_girl_,https://i.pinimg.com/originals/d0/32/8b/d0328b3a209f0cbcfddb6f38e2b659b1.jpg,99.78481427208406,0.9599782161173351,56.50357852013012,26.94801704945685,84.96969409436032,-1.1953382913515755,-0.07838617465556919,-0.7091129118082663,-0.7075522266018917,-0.7543681073082467,2.267270147651154,0.1638450583132971,1.5012847452783413,1.5171418440692208,1.5226153603291568,0.9720278742283951,0.020531442901234567,0.0020495756172839506,0.002115162037037037,0.0032759452160493825,#fdfef9,#030303,#878784,#3f3f3d,#d3d4d1
5488830790306117,,,Uploaded by user,It girl ⭐️,"Mon, 08 Jan 2024 12:44:22 +0000",https://i.pinimg.com/originals/23/70/2a/23702a1427d545c486805fcb648835bd.jpg,clean_girl_,https://i.pinimg.com/originals/23/70/2a/23702a1427d545c486805fcb648835bd.jpg,62.36280913097174,53.17434816798188,37.63671982700184,20.468271586058382,72.78342185453099,6.8356234728203455,2.3414872193913663,4.085048895563214,11.174785204078923,3.5778300703269013,-12.8202228478881,10.820997727305441,8.916390555609887,14.680093872817553,12.30183768663704,0.040069914571244356,0.2859848484848485,0.21431989442295293,0.19994408849129594,0.2596812540296583,#9893ad,#8a7c6c,#64554a,#462a1c,#c2af9c
351912463747466,healthy lifestyle fitness girl,,shopltk.com,2023 vision board,"Mon, 23 Jan 2023 23:56:36 +0000",https://i.pinimg.com/originals/22/5d/89/225d89cbd92b4de37d72ab7189d89129.jpg,clean_girl_,https://i.pinimg.com/originals/22/5d/89/225d89cbd92b4de37d72ab7189d89129.jpg,42.11942897322465,80.4217331380486,50.05225359465908,15.613774630933328,62.13117430303329,17.663178489287414,1.6600452457367538,0.7214689655178228,2.259062472178561,-0.17730863974639277,23.029917522586253,5.2544610299632915,-4.834883787702539,2.584308574302014,22.498079292803283,0.2813287649653434,0.29961700535601765,0.16177585459987398,0.14049700693131695,0.11678136814744801,#89573e,#cfc6bd,#74767f,#2b2523,#a4946e
70437490936772,,,Uploaded by user,journal,"Thu, 01 Jan 2026 17:44:12 +0000",https://i.pinimg.com/originals/5f/35/fd/5f35fd016a8de064a28ebce0494f8df8.jpg,clean_girl_,https://i.pinimg.com/originals/5f/35/fd/5f35fd016a8de064a28ebce0494f8df8.jpg,56.88594164467126,34.50089664657622,81.9390712162532,63.49206605919689,11.720699661883003,-0.07358277956658876,-2.9745652000551,-0.7025392732285889,12.211303760583073,-1.9592642007443892,8.818845579036392,-1.8575075413107864,6.255228309116801,23.42686472444296,-1.2414525283345874,0.2576042835015756,0.14722199967953853,0.3134213267104631,0.15010615286011858,0.13164623724830424,#8e8779,#4a5253,#cfcbc0,#bc9070,#1b1f20
5066618330951335,,,Uploaded by user,2026 mood,"Thu, 04 Dec 2025 03:47:40 +0000",https://i.pinimg.com/originals/7f/3f/7d/7f3f7d88d7ab6ffa551047786b4223fe.jpg,clean_girl_,https://i.pinimg.com/originals/7f/3f/7d/7f3f7d88d7ab6ffa551047786b4223fe.jpg,76.48657253323812,46.99520346563962,8.12380473093183,32.558770985821305,61.619696573765935,-1.426232739988719,0.15020929945600395,1.3985866495549786,7.013237252812783,-0.474243576758729,4.250614928068442,6.777603556009683,3.6777590141080587,15.021494206842409,6.78880987163263,0.3475940986278514,0.2886324565823832,0.058911009256156104,0.10593488623294459,0.19892754930066472,#bdbdb4,#746e64,#1b1612,#5f4835,#999488
10977592837270426,,,Uploaded by user,Visionboard 2026,"Thu, 01 Jan 2026 12:29:02 +0000",https://i.pinimg.com/originals/41/f5/e9/41f5e9db0af8c972205644a041863eb4.jpg,clean_girl_,https://i.pinimg.com/originals/41/f5/e9/41f5e9db0af8c972205644a041863eb4.jpg,22.02590411401995,56.21633596962265,33.130028916880164,48.225611842793384,69.21427830648447,8.374650703415169,6.792236321522966,5.1978158541210036,13.416317710794214,2.1470756332909104,14.916888902698368,12.813586203694838,15.903204472880823,18.525245889298603,9.683589485498102,0.05100527279997768,0.16144811360233602,0.49905377883998403,0.12884416876679716,0.15964866599090513,#472f1e,#9a8270,#5e4a35,#926953,#b4a797
115052965475943777,Water,,Uploaded by user,Visión board 2025,"Mon, 13 Jan 2025 22:46:02 +0000",https://i.pinimg.com/originals/0e/36/0e/0e360e7b502ee8461aa6b041de495955.jpg,clean_girl_,https://i.pinimg.com/originals/0e/36/0e/0e360e7b502ee8461aa6b041de495955.jpg,65.74281287789329,20.542581673582866,51.77679258620857,73.92972651403407,77.14068893281211,0.1388046769765039,-4.9494336058350425,3.2873808494141903,11.674501685092332,0.2625906484757381,4.826593240475432,14.401501773058428,10.052586783679477,21.307674570761392,3.4583788844864958,0.42377820512820513,0.04345897435897436,0.17781153846153847,0.06898717948717949,0.28596410256410254,#a39f97,#31331c,#87786a,#d8ad8f,#c1beb8
53691420554299028,,Aesthetic selfcare clean girl,Uploaded by user,Cleangirl,"Thu, 25 Dec 2025 09:13:49 +0000",https://i.pinimg.com/originals/94/7c/aa/947caab015af838529bcafa712010051.jpg,clean_girl_,https://i.pinimg.com/originals/94/7c/aa/947caab015af838529bcafa712010051.jpg,53.5652080308804,11.018237988155192,82.52347712358299,31.25874326158066,67.79165420812605,0.9429299215234529,1.1724257819942192,-0.10680334615375675,2.336451749666958,0.2255727499135987,4.89803293514117,-1.8780347962694384,2.079611820211343,0.46629014299266247,2.2399667388966296,0.19055931401208273,0.09922492274283805,0.3148745789136669,0.129131100531752,0.2662100837996603,#857f77,#1d1d20,#cecdc9,#4d4848,#a7a4a1
3377768468639549,,,Uploaded by user,2026,"Mon, 15 Dec 2025 06:03:43 +0000",https://i.pinimg.com/originals/a8/38/28/a83828532ba6f6b88322ef97e7c24871.jpg,clean_girl_,https://i.pinimg.com/originals/a8/38/28/a83828532ba6f6b88322ef97e7c24871.jpg,65.37586827759499,83.9487713110567,12.808114984141007,50.32284059035608,31.771495643291008,1.0734205543189261,-0.43381903714706826,6.411855216820071,3.138165419213663,9.589047026776935,7.586976932944765,1.4971580379143399,8.937720556231307,9.21368368235307,14.699491784110533,0.29584367123503463,0.3347757167611846,0.022000039382482673,0.18732770163831128,0.16005287098298676,#a69d91,#d1d1ce,#2d1d15,#837568,#604434
19984792092589528,,Clean tips,Uploaded by user,Want,"Thu, 26 Jun 2025 02:50:49 +0000",https://i.pinimg.com/originals/25/42/a4/2542a402db789e9521bc9a193573c765.jpg,clean_girl_,https://i.pinimg.com/originals/25/42/a4/2542a402db789e9521bc9a193573c765.jpg,13.408632053381979,80.71856225559432,59.0895431063828,42.147199649150224,75.6936260983087,3.990869229801884,-0.04332024389408673,0.8681976063103072,7.170453830042976,6.545079459276836,6.728032577999941,3.320914638564634,7.680292759989328,17.16924856580453,23.125234239976482,0.0718358024691358,0.2713851851851852,0.2412753086419753,0.22310617283950618,0.19239753086419753,#2b2019,#cbc8c2,#958d80,#785e47,#d5b590
16466354885102927,,,Uploaded by user,2026 vision board,"Wed, 14 Jan 2026 13:07:32 +0000",https://i.pinimg.com/originals/dc/5b/3c/dc5b3c97b60f7d1f0360ec37b386859a.jpg,clean_girl_,https://i.pinimg.com/originals/dc/5b/3c/dc5b3c97b60f7d1f0360ec37b386859a.jpg,57.16936093246508,25.522771934053125,83.4295513058247,70.91372456966543,43.32164864005178,4.980940683035073,8.556539362392128,1.4533850686039593,2.8051924518217817,7.876560482684006,11.56509395633428,13.776032944085514,3.5545737558629407,6.937846362366034,14.128007591550043,0.22105916219972205,0.08694163192376414,0.23880451326847993,0.24697240420885447,0.20622228839917942,#998575,#4f3728,#d5cec9,#b8aba1,#7b614f
211174978933643,Girl Doing Makeup in Yellow Pajamas with Hair in Towel,"cozy morning routine, feminine aesthetic, pajama beauty look, soft girl vibe",amazon.com,NY No Stress,"Wed, 17 Dec 2025 04:50:30 +0000",https://i.pinimg.com/originals/cc/ee/43/ccee43d1943cd09fe3910385e78c72fd.jpg,clean_girl_,https://i.pinimg.com/originals/cc/ee/43/ccee43d1943cd09fe3910385e78c72fd.jpg,66.38861865622775,45.383803679091784,27.768830439894142,87.8339628317045,13.5121437198573,0.9181366350734692,0.8738666637870409,9.78842942619125,-6.366338251432402,4.291869534738385,4.414193255784848,10.775281849687957,16.79151177358156,8.216304035196849,8.575986536337394,0.1361278270457958,0.3645422766516517,0.2160299948385886,0.13975694444444445,0.14354295701951952,#a6a099,#746a59,#573b28,#d6dfcc,#2c2016
1900024839687603,,You taught us how to care for others.  You taught us how to care for skin.  Happy Mother’s Day to the quiet givers.  You are everything.  #VowelSkin #CareGivers #MothersDay,instagram.com,Vision board 2026,"Sun, 11 Jan 2026 16:22:08 +0000",https://i.pinimg.com/originals/c3/2d/13/c32d134341491c434bad1e987146c11e.jpg,clean_girl_,https://i.pinimg.com/originals/c3/2d/13/c32d134341491c434bad1e987146c11e.jpg,76.16030781241442,52.426733272747796,96.1284984618489,28.773040991426633,63.31960923032055,6.156233165607633,16.747650401068142,0.0233752789217192,14.304082814411938,11.01402326870182,8.447752833464257,24.97163463117065,0.019840172754461705,17.164970293696534,19.25456868070681,0.07855538408779149,0.2347625171467764,0.3269212962962963,0.0665895061728395,0.2931712962962963,#cdb7ac,#a47153,#f3f3f3,#5f3a2a,#b89177
152418768634137925,Start today,#cleangirl#beauty#aesthetics,Uploaded by user,Clean girl aesthetic,"Sun, 07 Dec 2025 22:38:12 +0000",https://i.pinimg.com/originals/99/86/1a/99861a6c2d593532bc6015a073c1b12a.jpg,clean_girl_,https://i.pinimg.com/originals/99/86/1a/99861a6c2d593532bc6015a073c1b12a.jpg,94.63835905045349,27.785978101361117,51.09859889578507,4.666440797864752,74.72135436815778,0.12564499967907913,0.006908683273057797,0.006688457578307813,-0.0356060446294046,0.007306277261830085,2.736766111874518,2.6067608714642727,2.386770713730825,1.889073502515261,2.2187095727818544,0.934502447300932,0.007705968130355914,0.006601555169825483,0.04258880262087947,0.008601226778007131,#f2efea,#43413d,#7b7975,#110f0c,#b9b7b3
AQInsy3kgXw2g_M-FxoTQpWNoDopfCPES_cU50iY4l6N4nz6P1lZB8cHJktuA2acRrnd_GZZk0iW4ji6AHQRPrU,Overnight Oats mit Extra Zero Topping,Du suchst ein leckeres Frühstück mit viel Protein und ohne zugesetzten Zucker? Dann teste mal unsere Overnight Oats mit Extra Zero Topping. Viel Spaß und noch mehr Genuss beim Nachmachen.,amazon.de,Nur als Anzeigen gedachte Pins,"Wed, 14 Jan 2026 14:16:11 +0000",https://i.pinimg.com/originals/e9/50/1f/e9501fe385a861d171a0074d430cf3df.png,clean_girl_,https://i.pinimg.com/originals/e9/50/1f/e9501fe385a861d171a0074d430cf3df.png,61.50699746033487,62.66073251781073,84.86260399884128,20.21140978742126,43.299573660533454,-10.797513182606925,20.256564346773015,4.56635766491188,18.942926221482146,4.849399564783224,-42.48570721395859,31.959224838535953,8.232904790666808,12.962228734037264,6.639543893443545,0.36628666666666665,0.19003933333333334,0.19524666666666668,0.100618,0.14780933333333332,#0a9ddf,#c9885f,#e3d0c4,#4e241e,#72635b
13510867627993971,,,Uploaded by user,2026 vision board,"Sun, 28 Dec 2025 20:20:32 +0000",https://i.pinimg.com/originals/42/e0/30/42e0309d6e09fbf65805b11c16733045.jpg,clean_girl_,https://i.pinimg.com/originals/42/e0/30/42e0309d6e09fbf65805b11c16733045.jpg,59.99383893927228,75.85284911060785,23.24609698063238,49.29522816333001,88.14385803206349,0.9093226486778301,2.540339443443383,10.290638845696531,17.24098385153719,-0.15349971564171838,12.858234741907863,15.156879263172383,15.033389858258879,25.269152082110686,7.737519411308046,0.20777488425925925,0.37269675925925927,0.012241994598765432,0.19053096064814815,0.2167554012345679,#9b8f7a,#cab89f,#4c3121,#9d694b,#e3dcce
294352525665975074,,,Uploaded by user,2025 🌟,"Thu, 02 Jan 2025 15:14:44 +0000",https://i.pinimg.com/originals/af/00/4b/af004b382a5e1a1a556fe8e6dd6ed84e.jpg,clean_girl_,https://i.pinimg.com/originals/af/00/4b/af004b382a5e1a1a556fe8e6dd6ed84e.jpg,22.95989654226203,78.29717978565262,43.577871674771394,51.31083062833953,6.517990502991161,3.6753317750967325,2.085642246843021,4.252256990141201,13.304220159958822,2.131740176799902,2.247267295058464,8.076856781250376,7.723324742982042,27.14096002224263,-0.11854254144360077,0.1753628972653363,0.25260458240946043,0.10848780487804878,0.17669327420546932,0.28685144124168516,#3d3433,#ccbfb2,#73645a,#9d704c,#171314
AVQjhvgR-GQXp7wt9MoZDgzUKnIo9rAr4gm3LQo0LuuPFC36a-dzOaVnt795NhykYRZDG1HxswWi1i6PRZOzLVo,Tauche ein in die Welle von Fa.,Nimm dir Zeit für dich – mit den langanhaltenden und beruhigenden Düften von Fa.,de.fa.com,Ad-only Pins,"Fri, 19 Dec 2025 10:14:32 +0000",https://i.pinimg.com/originals/7e/30/57/7e3057f5cf82569425d113faeea49cc8.png,clean_girl_,https://i.pinimg.com/originals/7e/30/57/7e3057f5cf82569425d113faeea49cc8.png,66.76357255542409,17.35639312935762,80.07314539835917,15.260521167688147,60.99879998806145,4.6686395541157655,20.929813285981886,0.9736111920826325,10.625749699359432,-3.535652049318946,32.71880011287106,-44.1330484334421,6.675036103428922,2.387099391393595,-17.719057100139132,0.20822466666666667,0.182366,0.41292466666666666,0.045594,0.15089066666666667,#bd9d67,#07236b,#cdc5ba,#352023,#7996b2
AcRTC4SbL-vTIthtS0IZ1mew7DRMhqzKEiH0CwoF1E8xb_H4QUyfnaw0luM-jVKbyxlceF816S9G50I_W5D3tyA,"Leckere vegane Rezepte, die du lieben wirst! 🍴","Von herzhaft bis süß – 10 vegane Rezepte, die deinen Veganuary rocken!",pinterest.com,Veganuary Ads,"Tue, 23 Dec 2025 16:25:51 +0000",https://i.pinimg.com/originals/50/0e/9e/500e9eb8ad55ab85281d2b664ea2dc1e.png,clean_girl_,https://i.pinimg.com/originals/50/0e/9e/500e9eb8ad55ab85281d2b664ea2dc1e.png,73.32113730439633,26.5315574236849,88.35478156240136,43.507715603961344,59.942282305251275,4.87356943505081,18.092719562682827,0.23481904492856742,45.42846560500882,28.347042718171146,29.719733404537315,19.94515902574892,2.348048913701133,-1.4037844451936614,62.60444000694632,0.20197866666666667,0.05853733333333333,0.5098953333333334,0.14187333333333332,0.08771533333333334,#cfaf7d,#5f3321,#e0ddd9,#a8436a,#d37a15
25895766604725200,,,Uploaded by user,2026 vision board,"Wed, 14 Jan 2026 06:40:24 +0000",https://i.pinimg.com/originals/30/94/04/309404351978e367c8bc5c2969ec5cbd.jpg,clean_girl_,https://i.pinimg.com/originals/30/94/04/309404351978e367c8bc5c2969ec5cbd.jpg,33.74062996895935,86.51131128538802,22.577782766260626,61.21473797985793,65.9616676425221,11.62939594380778,0.19384917666399026,-1.357716540687134,15.695879583339071,2.7091713893776803,17.675909507098808,2.1858401942505914,-0.9462274818266785,21.292174267413834,11.682290532138584,0.2428448109567901,0.2793007330246914,0.10799286265432098,0.22768084490740742,0.14218074845679013,#694733,#dad8d4,#333637,#ba886f,#ad9d8b
31736372372313988,,,Uploaded by user,Ästhetik,"Tue, 30 Dec 2025 20:30:23 +0000",https://i.pinimg.com/originals/d5/1f/a4/d51fa40a593f24befa6445b27559aa7a.jpg,clean_girl_,https://i.pinimg.com/originals/d5/1f/a4/d51fa40a593f24befa6445b27559aa7a.jpg,74.92543753325505,87.06011501528839,56.03894713364015,33.95945002135507,84.35649445931391,7.803311454790171,-0.3508673425942628,14.292277170002825,19.70776876600799,1.0219778277306673,10.983198336710025,2.090422484607534,19.56832159905081,24.167123950738226,2.1156687132423735,0.09556331506094966,0.45196741007734476,0.061625491226752774,0.031999199018798025,0.3588445846161548,#ceb2a4,#dbdad6,#a97c65,#75422a,#d6d1ce
5981412002065292,,#cleangirl,Uploaded by user,things i want,"Wed, 10 Dec 2025 02:11:00 +0000",https://i.pinimg.com/originals/bc/bc/e2/bcbce2bc31e44d2ebe892070c626ab79.png,clean_girl_,https://i.pinimg.com/originals/bc/bc/e2/bcbce2bc31e44d2ebe892070c626ab79.png,55.07681287214971,65.69586065517817,16.215902369242812,40.00484078310965,82.02893066689757,1.9331216160595304,4.788195911689816,3.7687507686919486,8.569745153063424,0.5559324490507125,3.10162858403536,11.092888388675462,7.006160445380731,14.240720839331356,-2.154700865372914,0.2445611739745403,0.18829455445544555,0.14927086280056578,0.1370021216407355,0.2808712871287129,#89827e,#b09c8c,#31261e,#735847,#cbcbcf
8444318046391748,,"I became more at peace within once I realized people are actually at war with themselves, not with me.",instagram.com,liebe am leben!🩷,"Sun, 02 Feb 2025 12:00:00 +0000",https://i.pinimg.com/originals/b2/cd/87/b2cd8750f9436602dc025ea3064410de.jpg,clean_girl_,https://i.pinimg.com/originals/b2/cd/87/b2cd8750f9436602dc025ea3064410de.jpg,53.54007614608014,69.90787604748277,37.4336507874829,13.046849820774206,86.74988499808067,7.511065757233721,3.2308159951075517,5.346305834979558,3.6282104047430095,-0.33871588697218247,16.791585884424162,13.076037862073813,14.730314089383565,8.528560603043669,7.716034258279968,0.25071626890359167,0.3125498434546314,0.21697409617202268,0.13657475779773157,0.08318503367202268,#967a63,#baa893,#685440,#2a1f16,#ded8ca
78039006039964249,,,Uploaded by user,Carla Julie 💓💋✨,"Sat, 13 Sep 2025 18:34:39 +0000",https://i.pinimg.com/originals/eb/38/38/eb383800a71c3d05d6abbde18f9c32d1.jpg,clean_girl_,https://i.pinimg.com/originals/eb/38/38/eb383800a71c3d05d6abbde18f9c32d1.jpg,81.16958580291589,4.788678535143404,32.912192110683236,58.81729279431883,65.8965899596741,3.5805068278821315,0.6289880661107095,9.233785692820048,17.162875753275813,2.107245146264895,10.122884869990834,-1.1885565222063583,12.507616848435472,20.63288582292405,12.3021923426194,0.2368827160493827,0.3655623070987654,0.05720582561728395,0.1893412422839506,0.15100790895061728,#d8c6b6,#101012,#62473a,#b5816a,#ac9e8a
19632948394690381,"✨ Clean Girl Aesthetic Essentials | Wellness, Beauty & Lifestyle Inspiration","Embrace the clean girl aesthetic — minimalist, fresh, and effortlessly chic. From skincare must-haves and Olaplex hair care to green smoothies, yoga routines, and cozy self-care moments. Discover how to glow from the inside out with these clean lifestyle picks 🌿🧖‍♀️ Amazon Finds    #cleangirl #aesthetic #selfcare #minimalstyle #wellnessroutine #beautypicks #morningroutine #lifestyleinspo",Uploaded by user,2026 Inspo,"Wed, 03 Dec 2025 12:35:44 +0000",https://i.pinimg.com/originals/59/96/88/599688b174d82e71b3d815f090672a6d.jpg,clean_girl_,https://i.pinimg.com/originals/59/96/88/599688b174d82e71b3d815f090672a6d.jpg,81.17176256855295,22.116700321476408,56.598163707674175,63.36473664983953,98.14434029418308,-0.3967991048298428,0.0654073413126296,1.2778576164584976,-5.76185405974215,-0.1171670101762401,3.5659295235635113,5.08325795184643,9.401092660427903,33.753007094334954,0.5962768009671695,0.293515625,0.05102334104938271,0.10658034336419753,0.06891589506172839,0.47996479552469135,#cbc9c2,#38342d,#908677,#a39a5c,#f9f9f8
774124928709854,,,Uploaded by user,2023,"Fri, 02 Jun 2023 06:08:35 +0000",https://i.pinimg.com/originals/ed/32/e5/ed32e53b3fc635cf66116f70c1204025.jpg,clean_girl_,https://i.pinimg.com/originals/ed/32/e5/ed32e53b3fc635cf66116f70c1204025.jpg,42.86776205538182,55.07797509133944,68.78638136207644,26.900120710985753,69.9379572082913,3.1008432083968995,3.566901225637089,12.86546234615562,11.963786070092501,3.567570381469923,14.33218435914272,15.309804475227809,35.630885015896126,20.02163353140556,17.13102924619119,0.21799913108150898,0.3513302553000346,0.05342007790811555,0.17488089189328504,0.20236964381705583,#73624d,#948069,#d19d67,#583721,#bda78c
1196337405197339,,,Uploaded by user,vision board 2026,"Wed, 31 Dec 2025 07:08:01 +0000",https://i.pinimg.com/originals/33/e1/7c/33e17c66efd6f1c9c3a8dbdafadfa657.jpg,clean_girl_,https://i.pinimg.com/originals/33/e1/7c/33e17c66efd6f1c9c3a8dbdafadfa657.jpg,37.83610366837146,81.7184163700538,64.86920137662898,19.92855307892571,53.45510289021938,19.259932880471904,3.9902597196542855,8.319451693657388,2.3440744058067615,15.401186998477971,26.292607797203967,15.425146437397427,26.56998849136799,18.5316400471504,30.345583755486345,0.19773795013694465,0.1537073578548246,0.2395504049226889,0.11175134340878191,0.2972529436767599,#804b2f,#dec7ae,#bb966e,#3b2e14,#a7744b
3448137209431409,clean girl aesthétique ✌️,,Uploaded by user,2025 🎀✨,"Sat, 28 Dec 2024 02:35:30 +0000",https://i.pinimg.com/originals/0d/2e/ce/0d2ece4b3840df61177e4ff874f4deab.jpg,clean_girl_,https://i.pinimg.com/originals/0d/2e/ce/0d2ece4b3840df61177e4ff874f4deab.jpg,99.83567900738348,69.36532957230474,26.561938237597616,46.378439325630296,92.47677743483715,-0.008328360822433677,0.14302796949066743,1.2253720703868516,0.38775417408564644,0.03263428529492346,0.01847051601345847,0.2965526743854698,1.5861041506375069,0.6313679336676222,0.1123306346954191,0.9354508801984878,0.011188317186515438,0.013998011184625079,0.010662807183364839,0.02869998424700693,#fefefe,#a9a9a8,#413e3c,#6f6d6c,#e9e9e9
633387442780535,,,Uploaded by user,2024 Vision,"Fri, 06 Sep 2024 02:20:39 +0000",https://i.pinimg.com/originals/8c/2f/9b/8c2f9bc8a130e39e9b5599380731eb6f.jpg,clean_girl_,https://i.pinimg.com/originals/8c/2f/9b/8c2f9bc8a130e39e9b5599380731eb6f.jpg,55.33442531375463,33.81575819218075,66.43005840516449,41.59851394503958,19.715469350889972,1.2316977294898477,20.37337308712184,21.81294192140132,2.875321305462214,3.872371490400158,7.529953351683451,25.133383798581434,32.16246067266797,12.748561602053295,10.792551469682493,0.36044880082584163,0.041502550688034316,0.04451927798991752,0.40207161971195765,0.15145775078424886,#8c8377,#764128,#d79168,#6e5f4d,#3a2d20
31595634885494523,Body care routine with glowy skin (clean girl aesthetic),"Body care routine with glowy, hydrated skin and soft clean girl vibes. Simple self-care moment with coconut lotion and fresh, cozy bathroom details — perfect inspiration for everyday bodycare, after-shower routines and aesthetic wellness content.",instagram.com,Visionboard 2026,"Tue, 30 Dec 2025 14:24:40 +0000",https://i.pinimg.com/originals/e3/9d/e7/e39de7268f9e79d4ad7b84b618d05161.jpg,clean_girl_,https://i.pinimg.com/originals/e3/9d/e7/e39de7268f9e79d4ad7b84b618d05161.jpg,60.53825374239829,58.92147997800673,86.11049639761816,15.771527118676346,36.3183483063437,1.1819544126319474,18.589123975035836,0.05895845809673528,5.101372334568543,9.358635592693446,1.6775506097934656,29.605549921800318,3.4806225873596084,8.119429900044087,15.726772224916973,0.15926697530864198,0.19126543209876543,0.3828149112654321,0.17572096836419754,0.09093171296296296,#95918f,#bb805a,#dad7d0,#32241c,#6c4f3c
2744449768165740,The Ultimate Glow Up Guide for 2024,"Transform into that girl with our ultimate glow up guide. Discover glow up tips, such as self care, journaling, and fitness to start the year on the right foot. Upgrade your routine with our glow up checklist and create a 2024 vision board to visually affirm your 2024 goals. Find inspiration for a dream lifestyle with aesthetic journal ideas. Plus: glow up 2024, it girl, clean girl, journal prompts, journaling ideas, journal aesthetic, glow up aesthetic, journaling inspo, productivity aesthetic",bycorineolivier.com,Aesthetic🤍🌷,"Thu, 08 Aug 2024 10:45:48 +0000",https://i.pinimg.com/originals/25/b6/cb/25b6cb3729a825c73b78399528c7c38d.png,clean_girl_,https://i.pinimg.com/originals/25/b6/cb/25b6cb3729a825c73b78399528c7c38d.png,81.18131331699021,39.75455447178704,53.0915721051958,18.49411704653093,68.62299345054936,-0.9947680598364718,0.3286867985364319,-0.8414881247264954,0.8868366681734527,0.25561007011836623,7.032717930437809,-3.1055781644055385,11.343435202529736,6.396734982001261,-5.0691606616430525,0.28884692321680866,0.15903870633821535,0.33747394631191685,0.07882272301257572,0.13581770112048344,#cdc9bc,#5b5d62,#857e6b,#312c23,#a3a7b0
10062799164133730,,,Uploaded by user,Skin care|work outs,"Tue, 13 Jan 2026 21:54:52 +0000",https://i.pinimg.com/originals/5b/2b/49/5b2b49de850f67aeaf68c87c1290c6b9.jpg,clean_girl_,https://i.pinimg.com/originals/5b/2b/49/5b2b49de850f67aeaf68c87c1290c6b9.jpg,34.64718480026927,71.86076574936,62.763191886525746,85.70781247074979,55.851999999127194,6.868923780422463,0.35502617016858995,15.11110364860243,0.07194502811200998,0.8809322991030446,11.494599513464099,-1.2517871813837935,15.646219379168656,-1.8135466285309496,1.4702903059372998,0.19468605324074073,0.26944444444444443,0.15530044367283952,0.24700810185185185,0.13356095679012345,#624d3f,#afafb2,#bb8d7c,#d4d6d9,#888583
10062799161590129,,,Uploaded by user,2024,"Mon, 18 Dec 2023 22:30:38 +0000",https://i.pinimg.com/originals/26/7f/59/267f59f03936196165dcf848e1e9e204.jpg,clean_girl_,https://i.pinimg.com/originals/26/7f/59/267f59f03936196165dcf848e1e9e204.jpg,39.103005086043936,62.37001460614456,79.49901476401286,79.93843216594571,16.614724559373947,5.323436522485432,2.6146926808032056,0.1669833478562337,3.483961882117623,3.874462912527134,16.052763426107013,15.254390149709867,9.002458183234518,-20.267177705312434,9.908703579140166,0.21850660950339407,0.4165387638442301,0.15341907824222936,0.11137549124687389,0.1001600571632726,#6d5842,#a5947c,#ccc4b4,#b8c5eb,#33261b
19140367162722585,,,Uploaded by user,Gods Plan,"Thu, 14 Aug 2025 18:34:22 +0000",https://i.pinimg.com/originals/05/f1/6c/05f16c82d851452a5efeacb2f2504dd7.jpg,clean_girl_,https://i.pinimg.com/originals/05/f1/6c/05f16c82d851452a5efeacb2f2504dd7.jpg,86.88344638863155,30.95204058571203,12.95799529291535,52.66458629538589,47.746041679014624,0.4784944790715171,16.033981738263535,4.3373886409010804,17.401353775804075,2.1934937008315947,2.1403261633053674,17.641129512995576,4.951200904760016,23.669531272369845,4.74319865341157,0.43469327549527986,0.18080728127908524,0.1459174727429863,0.1472138429065284,0.0913681275761202,#dcd9d5,#673e2e,#291f1a,#a67155,#786f69
AbxznQ0j8qD3wsK39dKlNNIPUmza0SAHXay4urR9n0L0Q0wAweyQxLW3NpIsLo_6LBod6qdDZWfebHiEfRZ8VB4,Verkaufe smart und ohne Gebühren bei eBay.,"Lust, deine Artikel bei eBay zu verkaufen? Jetzt mit smarter KI-Unterstützung und ohne Gebühren loslegen!",ebay.de,Ad-only Pins,"Tue, 16 Dec 2025 16:12:44 +0000",https://i.pinimg.com/originals/83/4f/ab/834fab667f9e13007f6d988d645a2cc4.jpg,clean_girl_,https://i.pinimg.com/originals/83/4f/ab/834fab667f9e13007f6d988d645a2cc4.jpg,54.668971255125086,35.59947151376154,78.56013082652365,36.94097284841868,17.16719890598347,-1.4580392888035179,-1.1688444233207105,-0.5082536933413141,41.123375520942005,0.014828780487406767,2.9046405236859725,2.121427815023343,1.864420736479826,14.111644329683305,1.7618007741633954,0.5545953896604938,0.15780623070987654,0.20641396604938272,0.03951147762345679,0.04167293595679012,#82837d,#535450,#c2c2be,#953642,#2b2a27
2603712278432584,🤍,,tiktok.com,Clean girl,"Fri, 16 Dec 2022 22:44:55 +0000",https://i.pinimg.com/originals/0d/8d/fe/0d8dfe6d924fa3f676792ae0dfce480b.jpg,clean_girl_,https://i.pinimg.com/originals/0d/8d/fe/0d8dfe6d924fa3f676792ae0dfce480b.jpg,17.238788802535275,70.95165033322087,47.767377193242105,38.06250754043922,64.64904524993003,-4.398874807378824,-7.508687422688093,1.535238538946901,-5.700903849471148,7.546554092011908,-4.05572480141374,-2.982707055257059,15.732986333188357,-4.476434344168763,24.513267299203797,0.3337498329228008,0.20622338698898246,0.09561708770120868,0.17123742147371637,0.1931722709132917,#1f2c30,#9bb1b2,#7d6f57,#4b5c60,#b99671
10203536651195277,The Ultimate Self-Gift Guide: Pamper Yourself with the Coziest Bedroom Essentials,Season Restart: Easy Spring Dorm Ideas for a Fresh Look,everlastingfabric.com,that girl,"Tue, 29 Apr 2025 13:44:48 +0000",https://i.pinimg.com/originals/1f/b9/44/1fb944c3c5137adbb1d5e5580152cf57.jpg,clean_girl_,https://i.pinimg.com/originals/1f/b9/44/1fb944c3c5137adbb1d5e5580152cf57.jpg,69.91214704263942,6.047660857619583,45.090454240733415,85.58407137909217,59.15206121633479,2.203869178788969,1.7664525693388815,5.6259805235005516,1.5162350216252338,0.40794134840565843,7.201508212202205,1.9065216834739172,9.412404935298895,10.51294656517001,5.961797850082385,0.2609877800407332,0.09886456211812628,0.09217922606924643,0.1844399185336049,0.3635285132382892,#b4a99d,#171210,#7a675b,#e1d4c2,#938d84
1125968723766441,,random dump 🎀🪞🩰🦢🕯️ follow me @isabellathatgirll for more Pinterest inspired girly content pics are from Pinterest,instagram.com,Quick saves,"Sat, 21 Jun 2025 07:32:14 +0000",https://i.pinimg.com/originals/58/20/29/5820293aab056a62dc7d62593ffb0918.jpg,clean_girl_,https://i.pinimg.com/originals/58/20/29/5820293aab056a62dc7d62593ffb0918.jpg,47.540580612348194,68.37282969247728,83.40669911648875,54.79259150188018,22.457870779460926,3.3581986290223527,3.5574055232937254,2.965417201086237,12.84140811615116,13.358049842158481,15.788828048649997,8.716449493412116,3.81351586266264,1.2638859431201013,2.529909155871506,0.12963284822642443,0.26227444073662093,0.23168875911506612,0.27298271227289583,0.1034212396489927,#806e56,#b3a497,#d8cdc8,#9a7b81,#492e32
65091157110064928,,,Uploaded by user,2026,"Mon, 05 Jan 2026 10:50:52 +0000",https://i.pinimg.com/originals/40/2f/5e/402f5e72708745970613ba2546b20cef.jpg,clean_girl_,https://i.pinimg.com/originals/40/2f/5e/402f5e72708745970613ba2546b20cef.jpg,51.87132007515921,75.46300997306847,39.88526403761159,60.72034936585237,20.62093100186123,2.820655715098631,0.6045979826272039,0.13566539370005337,0.9376152650015371,6.385821079359335,10.668620833184892,8.541759417343766,-0.772844693889783,0.32065512959316145,8.374056671519648,0.2897679012345679,0.1492740740740741,0.1517604938271605,0.3501925925925926,0.05900493827160494,#877969,#c1b8aa,#5d5d5f,#949191,#3e2d25
7459155630198182,,a clean fyp for the girlies 🫧🤍   #cleangirlaesthetic #cleangirl #fyp,instagram.com,NEW ME 🫧🥗🫐,"Mon, 22 Dec 2025 12:20:32 +0000",https://i.pinimg.com/originals/47/ae/de/47aedeb15f905dda0eb925d171a59b9a.jpg,clean_girl_,https://i.pinimg.com/originals/47/ae/de/47aedeb15f905dda0eb925d171a59b9a.jpg,64.46442007683062,90.89566587436956,79.50775596171243,42.40634786648724,67.99765752129338,2.2384455055863586,-1.2734167724481589,1.8671477183791576,6.607655890914669,13.567303094261472,3.792183291814969,0.21150177736397158,6.022167447080174,11.38205478894358,20.241828159520168,0.16906635123239436,0.2296572403169014,0.327583076584507,0.13692644146126762,0.13676689040492956,#a39a95,#e2e5e4,#cdc3b9,#755f51,#ca9c81
46443439902713431,,clean girl edition💞 #cleangirlaesthetic #clean #cleangirl,Uploaded by user,Dahlia’s,"Sun, 07 Dec 2025 02:39:13 +0000",https://i.pinimg.com/originals/17/25/81/17258134f7c8c9654639a9d775511254.jpg,clean_girl_,https://i.pinimg.com/originals/17/25/81/17258134f7c8c9654639a9d775511254.jpg,91.56219283554584,82.61258877951522,41.169982317459905,11.689387040788034,66.73550791452871,0.13347620658004689,1.0563841975449955,7.526470097469748,3.9968395547046565,4.0212199592636395,0.5944804538112449,5.877199187293328,15.031825422725387,5.816705346117788,17.438961819764675,0.7579774305555556,0.15920042438271606,0.028112943672839508,0.015085358796296296,0.03962384259259259,#e7e6e5,#d4ccc2,#755c48,#271c17,#b59e83
3096293489796607,fitness goals aesthetic,,shopltk.com,Mind+ Body,"Tue, 19 Nov 2024 20:38:05 +0000",https://i.pinimg.com/originals/fb/ad/0b/fbad0be1ae646da6f718e8a0dcf9b000.jpg,clean_girl_,https://i.pinimg.com/originals/fb/ad/0b/fbad0be1ae646da6f718e8a0dcf9b000.jpg,44.32102926957286,6.393286085180939,62.777469459706566,36.22616010825182,20.318815483306455,-1.149666996429538,0.6706698309317125,-1.2171715459124568,11.747574104125496,8.96921611546213,7.1768987029374935,2.1004200088090643,7.707638891183682,20.017431843786504,17.25410445712238,0.4155910326086957,0.08331412558229814,0.30166682841614906,0.04298088121118013,0.15644713218167702,#6b685c,#161310,#9b988a,#704d35,#442b17
13933080092136485,How to be a clean girl in 2025?🪽,,Uploaded by user,life,"Mon, 21 Apr 2025 20:37:39 +0000",https://i.pinimg.com/originals/f8/46/d8/f846d8bd48ee6ef3932f132fb052830a.jpg,clean_girl_,https://i.pinimg.com/originals/f8/46/d8/f846d8bd48ee6ef3932f132fb052830a.jpg,42.695716027930544,60.142809198081245,85.2858318292607,74.1550562399509,10.529214504690621,4.818163000460542,2.8206946262292787,-0.5488983127442268,2.1383863273959016,1.5561942279900522,16.142754599269185,7.430615655567533,3.8375566125920635,8.274241762622868,2.38276524270257,0.11977527006172839,0.21562934027777778,0.26592447916666667,0.3487273341049383,0.04994357638888889,#76614a,#9b8e84,#d7d5cd,#c0b4a7,#201b19
3870349675429927,How to Keep Your Bedroom Allergy-Free,13 Ways To Keep Your Bedroom Clean and Allergy-Free,everlastingfabric.com,2026 Life💐✨🍀,"Wed, 14 Jan 2026 17:14:45 +0000",https://i.pinimg.com/originals/2e/d0/8c/2ed08c6d5a52fc1ae64b59097f3aadab.jpg,clean_girl_,https://i.pinimg.com/originals/2e/d0/8c/2ed08c6d5a52fc1ae64b59097f3aadab.jpg,67.51453798962748,81.1080957326935,21.461354700047217,49.44237946730889,35.234936209359155,2.583406403098944,-0.06899357433872977,5.452593870210375,5.471034399582501,14.601023065417609,12.983669092262687,10.178669795367114,8.13697261158786,15.713289451910114,23.142021318068494,0.28513074484944534,0.31979397781299523,0.06322900158478606,0.25943740095087164,0.07240887480190174,#b2a28d,#d1c8b6,#3f3027,#88715b,#72492e
9148005521971450,⋆·˚ ༘ * 愛 ੈ✩‧₊,,Uploaded by user,My Dream Home 🤍,"Sun, 18 Jan 2026 16:12:52 +0000",https://i.pinimg.com/originals/06/ec/78/06ec782f80178486aba723ee396e43b7.jpg,clean_girl_,https://i.pinimg.com/originals/06/ec/78/06ec782f80178486aba723ee396e43b7.jpg,87.13383922486574,64.81440134429967,57.37949132627572,71.8539150480314,39.61880513991645,-1.6101348755630838,2.759614002485926,3.4828068714809532,2.6064170674490414,3.433779675127394,7.367609763329792,10.6184718674364,11.483468004808246,9.947166957488934,15.721517333332551,0.05148653449491763,0.34394846429757586,0.34084558233386664,0.23163638098975042,0.032083037883889456,#dddacc,#a99a8a,#978776,#bcad9e,#6b5a43
69594756738022200,,𝓒lean 𝓖irl ⋆˚𝜗𝜚˚⋆,Uploaded by user,clean girl,"Sun, 13 Apr 2025 21:09:59 +0000",https://i.pinimg.com/originals/18/31/1c/18311c1611051325ba7902b9d74b9926.jpg,clean_girl_,https://i.pinimg.com/originals/18/31/1c/18311c1611051325ba7902b9d74b9926.jpg,62.39658593831535,86.70298620790557,71.91326350803796,27.43350487450418,48.32979552648543,16.009755830616704,1.164272021895103,11.2753498603184,10.520828578788034,24.062731826865953,14.097961076534304,1.1479445317001158,10.221287321331028,9.017509519900461,15.83104861962898,0.3176364776234568,0.2245143711419753,0.2862273341049383,0.03868055555555556,0.13294126157407407,#bb8c7e,#dcd8d6,#cba89e,#543a33,#a06259
31173422418728971,The Best 10 Clean Girl Aesthetic Products 2024,The Best 10 Clean Girl Aesthetic Products 2024 | by Alice | Medium,medium.com,2026,"Tue, 23 Dec 2025 02:12:36 +0000",https://i.pinimg.com/originals/d1/9c/b3/d19cb3f06506569065e08e592df414ba.webp,clean_girl_,https://i.pinimg.com/originals/d1/9c/b3/d19cb3f06506569065e08e592df414ba.webp,55.05475126323201,50.13932165159325,74.52040905595983,83.86943851486473,23.53696180941146,1.187952982938051,13.838870078317669,0.2237188902949896,11.53927020197681,8.14585649783775,4.662115091927961,26.71338554248078,3.3003536415937145,6.836820586053997,13.608228536136194,0.1237701779191705,0.2858489454459762,0.2382498863808514,0.20762110959618912,0.14450988065781278,#89827b,#9b6d4a,#bab6b1,#ecc9c4,#493324
53902526786813672,,,Uploaded by user,2026,"Sun, 28 Dec 2025 10:07:52 +0000",https://i.pinimg.com/originals/dc/0d/40/dc0d407a49cf8f06cdc22949eab29c6e.jpg,clean_girl_,https://i.pinimg.com/originals/dc/0d/40/dc0d407a49cf8f06cdc22949eab29c6e.jpg,22.357280719342164,71.16118948462906,43.33497047836575,85.60659476673612,58.2537771880754,3.165122560437131,0.30513988751280186,1.5777937057462237,-0.8341075326687788,1.8444423269413313,8.032467749934659,3.64059112582854,5.658159602302682,2.264638640433034,6.214276808412116,0.056610311750599523,0.26321342925659474,0.24361750599520385,0.1558201438848921,0.2807386091127098,#3e3329,#b1ada7,#6c655d,#d6d6d1,#938a81
281543724987218,THE HEALTH BENEFITS OF MATCHA | CLEAN GIRL AESTHETIC,,classicallycait.com,2025,"Thu, 02 Jan 2025 01:24:40 +0000",https://i.pinimg.com/originals/f2/dc/21/f2dc2160807ad68e8b58a9061d18777e.jpg,clean_girl_,https://i.pinimg.com/originals/f2/dc/21/f2dc2160807ad68e8b58a9061d18777e.jpg,18.8560508353548,50.763645490003896,39.90379852658792,45.86058469714661,65.0382442428639,1.8560845128584305,2.230378839112507,0.1447567584640841,-9.142209447288359,0.16928837664271768,12.96747084566829,6.775060961266741,5.549781125214895,26.976194541723455,2.3341051486660245,0.10922127376452768,0.2071672258320239,0.3180270664345069,0.15998676406053142,0.20559766990841014,#362c1b,#81776d,#625d55,#6d6f3e,#a09d99
AUOX7zeWIufhjaCumpp0eL9gA_uNksOD8Z1Cp7kfcADHnu3Ly2d_vce14WpUqy5iud44UyWc2YvQ-ZRs1dZQAVk,"""Wuthering Heights"" – Sturmhöhe – ab 12. Februar nur im Kino.","Inspiriert von der größten Liebesgeschichte aller Zeiten. ""Wuthering Heights"" – Sturmhöhe – ab 12. Februar nur im Kino. #WutheringHeightsMovie",warnerbros.de,Nur als Anzeigen gedachte Pins,"Thu, 22 Jan 2026 17:39:37 +0000",https://i.pinimg.com/originals/06/59/4e/06594e9081c5e85c2d1a9359934b9807.jpg,clean_girl_,https://i.pinimg.com/originals/06/59/4e/06594e9081c5e85c2d1a9359934b9807.jpg,73.83100872054902,32.42568797384337,83.82553396617195,44.9157618311587,57.67007882009467,-0.9265695045395527,1.5001389444752529,-0.6767619936613328,4.158828407322522,-0.39154155614693187,2.3606935741404045,5.247737293186173,4.182062438369187,2.712899687218124,0.7771877677339414,0.22365885416666667,0.12027633101851852,0.2448456790123457,0.2355271026234568,0.17569203317901236,#b5b5b1,#524b44,#d3d1c9,#736765,#8a8a89
152418768634137948,,Clean girl aestheticִֶָ. ..𓂃 ࣪ ִֶָ🪽་༘࿐,Uploaded by user,Clean girl aesthetic,"Sun, 07 Dec 2025 22:40:38 +0000",https://i.pinimg.com/originals/6e/f5/ea/6ef5ea07ca8d1a06592a0e174c5523f1.png,clean_girl_,https://i.pinimg.com/originals/6e/f5/ea/6ef5ea07ca8d1a06592a0e174c5523f1.png,29.856524330364568,80.97992871236636,60.231976925707414,28.994624008620985,59.8820634295349,4.236500203884793,-1.8381455262696025,-0.7581370522961013,32.446133956717055,5.458613791387858,12.656387415167424,5.635371876024196,1.7206000661430885,24.218664408053968,23.33021040879191,0.16551378038194445,0.29467010498046875,0.379974365234375,0.048638237847222224,0.11120351155598958,#534332,#cac9be,#91918e,#772b20,#a78b67
16466354883766186,,Clean gurl 2024 #pinterest #fyp #thatgirl #cleangirlaesthetic,instagram.com,Delise room ideas,"Mon, 25 Nov 2024 17:09:58 +0000",https://i.pinimg.com/originals/18/5c/40/185c404c094d0cf6edca8521f3139dc4.jpg,clean_girl_,https://i.pinimg.com/originals/18/5c/40/185c404c094d0cf6edca8521f3139dc4.jpg,99.87442227594072,27.948711768249524,79.63606783772536,53.31008899424299,95.07283920157947,-0.0057854616048498946,-0.008927958864898278,-0.006559099380478599,-0.037298170065659116,-2.1522552588039963,0.0157458897711078,0.29640704740924484,0.21567961685816558,0.3907238567088657,15.988419584330032,0.9382735339506173,0.03302314814814815,0.013222222222222222,0.006670138888888889,0.008810956790123456,#fefefe,#424141,#c5c5c4,#7f7f7e,#f9f0d2
45106433762683840,,,Uploaded by user,cele,"Wed, 07 Jan 2026 03:44:59 +0000",https://i.pinimg.com/originals/c9/29/d7/c929d731819781883f399babda8d56e8.jpg,clean_girl_,https://i.pinimg.com/originals/c9/29/d7/c929d731819781883f399babda8d56e8.jpg,30.978270182459358,85.91334488006049,9.1793965569953,65.6679095149593,49.49943527317676,5.545751179243682,6.2964164014543,2.3516417837517665,8.409038272673426,5.516957538151925,8.599384395168808,3.6065221621761747,3.04783990439311,-0.8075377198258877,7.14404369977866,0.21557166802112962,0.1536329236082893,0.10592238927265339,0.24335001015847216,0.28152300893945553,#56453b,#e6d2d0,#1e1815,#ae9aa1,#837269
68749657468,a dream.,,Uploaded by user,2026 Vision board,"Thu, 01 Jan 2026 22:40:50 +0000",https://i.pinimg.com/originals/3e/1f/74/3e1f7476d0d0f4258e4dd882365f0f2f.jpg,clean_girl_,https://i.pinimg.com/originals/3e/1f/74/3e1f7476d0d0f4258e4dd882365f0f2f.jpg,77.31158025188584,35.567748693648966,17.80104652961949,60.84533875957762,55.06937705755239,-0.12814872180338233,9.442661564366562,1.4230031564823071,18.128239373031768,0.29903823499580584,6.686224754058357,18.214976848076166,2.9176326405577706,30.162712272724544,9.151269208747,0.23067665704688461,0.1387968964375266,0.28710761934049295,0.08430418223967451,0.2591146449354213,#c4beb2,#6b4d36,#2f2a27,#c0855e,#8a8374
14847873767351986,day in my life 🧘🏼‍♀️,@selfcarewluc on tiktok  #fyp #foryou #foryoupage #viral #blowup #selfcarewluc #Vlog #Lifestyle #dayinmylife #spendthedaywithme #timestamps #summer #grwm #getreadywithme #productivity #cleangirl #thatgirl #routine #aesthetic #hairtok,Uploaded by user,💛cute stuff💛,"Mon, 03 Nov 2025 00:46:00 +0000",https://i.pinimg.com/originals/08/bb/97/08bb972a7b9b4ca399a46be8aed53a47.jpg,clean_girl_,https://i.pinimg.com/originals/08/bb/97/08bb972a7b9b4ca399a46be8aed53a47.jpg,58.99817059560971,82.40096112423664,55.79426349566712,33.991603403991554,70.59007316468482,17.518060620325322,0.5855519237493754,2.374871916256866,15.587424659328427,2.6380636232829087,19.44354220543401,3.8340096151905216,6.275958556985466,19.940150968792352,6.320562456231306,0.07525634765625,0.4276987711588542,0.1303829616970486,0.1337771945529514,0.23288472493489584,#b6816c,#d1ccc5,#8e837a,#6f4531,#b6aaa1
1688918606515553,,,Uploaded by user,Spare room office,"Tue, 26 Aug 2025 16:58:47 +0000",https://i.pinimg.com/originals/69/9a/90/699a90f61f5f79242a8a0b9a9797e128.jpg,clean_girl_,https://i.pinimg.com/originals/69/9a/90/699a90f61f5f79242a8a0b9a9797e128.jpg,76.5328580316874,47.42576483209375,61.23835447117529,67.16721954502573,34.120279747125856,2.5210779724348695,5.55851220029636,4.05583040726351,16.79901866798669,7.144952039953226,6.874862094977992,13.272369298746955,11.018485108248948,21.296482010273422,15.563802817715665,0.15227086380357222,0.25946654921774587,0.34361426893586844,0.0349105836989762,0.20973773434383725,#c7bab0,#826c5a,#a29080,#cd977e,#634b37
5629568280033195,12 Glowy Makeup Looks That Ooze Health and Wealth—You're Welcome,12 Glowy Makeup Looks That Ooze Health and Wealth—You're Welcome,whowhatwear.co.uk,2026,"Tue, 30 Dec 2025 13:05:51 +0000",https://i.pinimg.com/originals/29/01/7f/29017f4822e314e57cf7d1548f2124c8.jpg,clean_girl_,https://i.pinimg.com/originals/29/01/7f/29017f4822e314e57cf7d1548f2124c8.jpg,60.31653245312807,6.146534801788093,49.816362132029994,26.013308827099817,82.93711922512337,18.71317516596548,5.1497402020961465,-4.423893583071813,9.265295331389945,3.6012205322648967,24.150306158154166,5.375092075941616,31.818358721631085,16.673555381364213,5.884034064832347,0.39807073954983924,0.19314193844740468,0.18651201959883631,0.17352932169652427,0.0487459807073955,#bd8467,#1d1009,#80773f,#523724,#dacbc3
6473993209824009,,,Uploaded by user,vision board,"Thu, 01 Feb 2024 13:54:18 +0000",https://i.pinimg.com/originals/26/56/38/265638f9200a196cca58790368786e9e.jpg,clean_girl_,https://i.pinimg.com/originals/26/56/38/265638f9200a196cca58790368786e9e.jpg,85.23820126510401,42.296961726466535,73.76703958338572,57.48755175984339,26.618760211892532,0.2642595912507424,-0.148225401769495,-0.6578342567841957,0.32520300587177536,5.844701514062121,-6.752055972874378,0.4931266768666209,4.448226643679051,-0.25883377863548085,11.630855206473964,0.09040617283950618,0.3033740740740741,0.29295432098765434,0.23880123456790123,0.0744641975308642,#cfd5e1,#636363,#b7b5ad,#8a898a,#4d3b2d
15903404929416000,,,Uploaded by user,2025,"Sun, 05 Jan 2025 04:41:12 +0000",https://i.pinimg.com/originals/77/60/e6/7760e6dfa60addac453f39642516ec87.jpg,clean_girl_,https://i.pinimg.com/originals/77/60/e6/7760e6dfa60addac453f39642516ec87.jpg,58.21170169948657,84.85777298252877,18.353627180380734,41.240767145443215,70.62518780792661,3.2589659187711972,1.6372742793754456,-0.16219724062457086,11.451184446276283,1.7255231485947302,12.936050883026589,5.2738120650072045,12.367193416162369,17.083961978226583,4.761117745176338,0.237892235075123,0.2675986404733413,0.03377522104773301,0.09936033273500865,0.36137357066879405,#9a8975,#dbd2ca,#322c1a,#7c5945,#b3aba4
122230577383566861,clean girl 🌊🥥🏖,#cleangirl  #kiaraishere,Uploaded by user,Salvataggi rapidi,"Tue, 25 Nov 2025 16:23:18 +0000",https://i.pinimg.com/originals/5a/2e/7b/5a2e7ba641d7ab64a4fbecf95c95cba8.jpg,clean_girl_,https://i.pinimg.com/originals/5a/2e/7b/5a2e7ba641d7ab64a4fbecf95c95cba8.jpg,93.92190688451751,41.804306493387855,74.30917929609504,15.323802391996047,59.96651477453305,-0.983882932105766,3.191415740969439,-0.24721519878146703,3.8956023793735906,1.464984308684131,1.9726371566519312,11.620319269469142,3.211661098566349,6.410499337765554,11.719723158900965,0.13500063860283162,0.2188279036324675,0.20939313809431453,0.10134626937686554,0.3354320502935208,#edede9,#6f604f,#b8b6b0,#2f241d,#9b8e7c
82050024457718366,,,Uploaded by user,That girl aesthetic,"Sat, 03 Jan 2026 01:29:45 +0000",https://i.pinimg.com/originals/a8/a4/ce/a8a4cef59cd613e68b5732c86138522f.jpg,clean_girl_,https://i.pinimg.com/originals/a8/a4/ce/a8a4cef59cd613e68b5732c86138522f.jpg,57.082906719199265,17.365984056693094,88.82764139574282,41.2153167627758,70.734315329452,0.8825386038433154,2.0985915933496324,-0.4700266953460108,1.9150908561861488,-0.4508935907707332,8.845654657981523,7.317539213142183,-0.4523289128465837,12.244546979512192,2.3899230401393834,0.2864604938271605,0.0715320987654321,0.1638777777777778,0.2050604938271605,0.2730691358024691,#918779,#312920,#dddfdf,#6c5f4d,#aeada8
16466354884619317,,,Uploaded by user,Nails,"Sun, 10 Aug 2025 19:19:37 +0000",https://i.pinimg.com/originals/92/b9/c7/92b9c7b53441d46995e66c8ce3f13b34.jpg,clean_girl_,https://i.pinimg.com/originals/92/b9/c7/92b9c7b53441d46995e66c8ce3f13b34.jpg,90.81584743867259,32.535215906005554,78.21166542842577,46.94350848657571,63.7811703686165,-0.21230831327887145,18.733893988368592,2.346452110906651,13.552611430206104,7.19625368126596,-0.7802315051746218,15.980942563647137,9.576180363614377,15.481200017474283,14.160188878789802,0.5365740193761814,0.11773947010869565,0.15282741611531192,0.09759163811436673,0.09526745628544424,#e3e4e6,#6e4034,#cdbfaf,#8d6656,#b09581
ASAqh70ANy1Mh8gA6bvLyUXFoQFavVAqgZa6x5trFe9P2RKX8Mx_e47VlDXPIwlnyL1ujpMoYOd0S3_dHtlJ1wc,,"Sichere dir jetzt 10fach PAYBACK °Punkte ab 30 € Einkaufswert – mit der Netto plus App! Für dein Geld gibt’s richtig viele °Punkte.
Dann geh doch zu Netto!

#nettomarkendiscount #danngehdochzunetto #payback",netto-online.de,Ad-only Pins,"Mon, 22 Dec 2025 11:39:58 +0000",https://i.pinimg.com/originals/55/6f/7b/556f7b1a33a0bb622fa0d6d33321f0fe.png,clean_girl_,https://i.pinimg.com/originals/55/6f/7b/556f7b1a33a0bb622fa0d6d33321f0fe.png,92.9054981069994,30.561582037251686,47.03946753196065,90.21944092482408,33.21724323504729,-3.0608114584890465,-3.8985261604645216,70.05489745149721,-8.530011642048285,17.041096330652227,-8.119288906569713,-26.067372026787577,53.50546426464823,89.42191483701404,-52.2035745550084,0.4180888310185185,0.3746701388888889,0.04806471836419753,0.055187596450617285,0.10398871527777778,#dcedf9,#134b70,#dd1516,#fee400,#0e4aa1
AQdVxwpRClSwBg15sXjzgJRkqGa3PvfrfbzIdOh5pjkbRccJ9hLAXByYg9CIVWSitc2Y5l0tZhiZeZhOAd0koMs,Mit glanzvollem Haar durch das Jahr,Mach mit Balea 2026 zu Deinem Haarpflege-Jahr & bring mit der neuen Molecular Care Serie Dein Haar zum Glänzen 💜✨,dm.de,Nur als Anzeigen gedachte Pins,"Fri, 19 Dec 2025 22:00:54 +0000",https://i.pinimg.com/originals/0f/13/83/0f13831fbd4dec4543aee4cf0de2025e.jpg,clean_girl_,https://i.pinimg.com/originals/0f/13/83/0f13831fbd4dec4543aee4cf0de2025e.jpg,72.42405156037428,39.5468167273435,25.535439009177253,67.00861794353078,94.39303483067462,3.0151219368059206,50.26898080523982,14.189075793154725,16.28480741510205,0.11716284809899591,-6.299644795489835,-65.86771453646234,17.93551051168955,35.57860656711148,0.07348035621754256,0.10110253772290809,0.23698902606310013,0.13410922496570646,0.14903978052126202,0.37875943072702334,#b1b0bd,#693fca,#573321,#d19663,#efeeee
AS1_Gtmti3yNDDOs_Bhckp3-Cu9q5mXWhaZnk8Z5L7wz6ziJQRgNnyqy7ITwjaR6jIVGBa2krJoTLnfkwVvOdsw,GLISS Total Repair,Trockenes & strapaziertes Haar? Die GLISS Total Repair Sprühspülung reduziert Haar- und Hitzeschäden nach nur einer Anwendung,schwarzkopf.de,Ad-only Pins,"Mon, 01 Dec 2025 14:22:11 +0000",https://i.pinimg.com/originals/c1/61/40/c16140b668eefe919e296e4dc3d04aef.jpg,clean_girl_,https://i.pinimg.com/originals/c1/61/40/c16140b668eefe919e296e4dc3d04aef.jpg,72.88283475617067,1.591746409972984,59.71861357853092,32.80455583073187,93.67992435829927,-9.978500267716964,0.49434702681496434,28.406472657265887,4.737855297613779,-1.196338251533716,-10.444750431154102,0.16741120884293936,35.19580639053066,10.579773245051513,3.1327221772686693,0.21836564429012345,0.3683588927469136,0.08588589891975308,0.2640002893518518,0.06338927469135802,#92b9c5,#070505,#cd7a53,#5a4a3c,#edede6
21392166974340971,,,Uploaded by user,2026 vision board,"Tue, 06 Jan 2026 18:20:05 +0000",https://i.pinimg.com/originals/61/52/0b/61520ba71a9a6f391846ab5aaf0a9b9b.jpg,clean_girl_,https://i.pinimg.com/originals/61/52/0b/61520ba71a9a6f391846ab5aaf0a9b9b.jpg,80.98593482299478,38.23210577271085,54.06158526183033,67.7020302772897,8.844654139783486,13.454760365922207,0.3662008501828842,0.642670727803921,8.774394531835199,2.255296173593837,25.327834500454472,-0.6624890026608314,-5.300311545331224,11.18287555374283,0.9949649243184555,0.1301256831400309,0.20850823180690234,0.35109436473461747,0.27002617992482414,0.040245540393625163,#f1be9a,#5a595b,#7d818a,#bc9e91,#1c1817
1829656095340352,.𖥔 ݁ ˖,,Uploaded by user,2026 Mood Board,"Sat, 03 Jan 2026 23:07:13 +0000",https://i.pinimg.com/originals/0f/53/a3/0f53a3a4cfb477dd7130186d929d0fd3.jpg,clean_girl_,https://i.pinimg.com/originals/0f/53/a3/0f53a3a4cfb477dd7130186d929d0fd3.jpg,66.11678684489587,16.658273483149564,53.264494135194184,48.12737839418155,42.59018906128999,1.0757830443896468,4.127119585231417,1.4377838290134257,0.568961652038644,13.824876366856348,1.2840505482473823,3.55285785513032,5.072528067677507,-8.625508670936696,21.972813430864733,0.48553356158312283,0.07089593582413686,0.26483346629437576,0.09945347471524177,0.07928356158312282,#a39f9e,#302624,#857e76,#6b7280,#845b40
4433299627903154,,,Uploaded by user,2024 MOOD BOARD PRAYING,"Sun, 24 Dec 2023 17:26:58 +0000",https://i.pinimg.com/originals/4c/d6/62/4cd662c31c350878d58508cb19633834.jpg,clean_girl_,https://i.pinimg.com/originals/4c/d6/62/4cd662c31c350878d58508cb19633834.jpg,80.28951331022327,45.445846404970965,46.487358460108034,64.26997181960684,24.11688028884219,-0.7868180305000569,12.930051786563093,1.7207665479426244,0.18123126796197386,5.700398918469908,4.329899337464809,26.560071835747976,11.979964196569318,6.4244903426557975,13.43235553679502,0.3415432098765432,0.0777,0.19112222222222222,0.22914567901234567,0.16048888888888888,#c9c7bf,#8c623f,#786c5a,#a19b90,#483525
34551122139448567,clean girl aesthetic board,clean girl board,Uploaded by user,2025 Vision Board ✨,"Tue, 17 Dec 2024 19:40:29 +0000",https://i.pinimg.com/originals/d8/15/9d/d8159df2cffbe1ff36df634507efca3f.jpg,clean_girl_,https://i.pinimg.com/originals/d8/15/9d/d8159df2cffbe1ff36df634507efca3f.jpg,46.590350182356204,81.87275573650246,51.05040517584289,68.64403957768407,26.84637950677577,14.65262777940038,-1.5939036696576592,0.9090956342308589,-0.19550671225977911,12.310272546943274,22.124104732182886,-1.2203203348484237,8.026412154559537,5.630677160544893,17.289493291393477,0.10191936728395062,0.12343460648148148,0.24496672453703705,0.4200072337962963,0.10967206790123457,#90644a,#c7cccd,#80786c,#aba79d,#583725
914862420623486,❦︎. j͟u͟s͟t͟ l͟i͟k͟e͟ a͟n͟d͟ s͟u͟s͟c͟r͟i͟b͟e͟ ♡︎,,Uploaded by user,2025,"Tue, 31 Dec 2024 17:19:28 +0000",https://i.pinimg.com/originals/bb/b5/d2/bbb5d2e09d7efedab1107f26abb33a38.jpg,clean_girl_,https://i.pinimg.com/originals/bb/b5/d2/bbb5d2e09d7efedab1107f26abb33a38.jpg,83.21225649281548,25.103235941267727,70.68785826623309,93.35534913790913,48.624730345692925,-0.46476196049869545,14.874607561486132,5.002084032303571,-0.33647613048112657,12.004234512615556,1.06196808076528,12.784709142749989,6.954416696467609,1.0566612911523472,14.459853361553971,0.4355942907667046,0.10449123946660892,0.10166549378372039,0.3186488388458832,0.03960013713708295,#cfcfcd,#553228,#bba9a0,#ecece9,#8f6b5b
99290366782101209,,𝓤𝓼𝓮 𝓪𝓼 𝔂𝓸𝓾 𝓹𝓵𝓮𝓪𝓼𝓮 𝓫𝓾𝓽 𝓹𝓵𝓮𝓪𝓼𝓮 𝓭𝓸 𝓷𝓸𝓽 𝓻𝓮𝓹𝓸𝓼𝓽 𝔀𝓲𝓽𝓱𝓸𝓾𝓽 𝓶𝓮 𝓹𝓮𝓻𝓶𝓲𝓼𝓼𝓲𝓸𝓷!!,Uploaded by user,2026 ♥️🌺🌸🌷🥥,"Sat, 17 Jan 2026 02:18:30 +0000",https://i.pinimg.com/originals/d2/f6/0e/d2f60e22c2641b3f1b3a0c9927c4ebd6.jpg,clean_girl_,https://i.pinimg.com/originals/d2/f6/0e/d2f60e22c2641b3f1b3a0c9927c4ebd6.jpg,8.683493473575695,96.51729259391226,37.36685301503081,57.45850901322442,75.42488036347181,3.5224614342182403,-0.35286322016790217,4.3684689089448,0.8805991121325979,-0.640511780787885,3.835584013879668,1.4034449515170193,13.025124018139664,10.44094231363465,7.523076279920754,0.04112222222222222,0.15847654320987653,0.19343703703703705,0.2973395061728395,0.3096246913580247,#1f1713,#f5f5f2,#665443,#938877,#beb9ac
511158626480266324,,,Uploaded by user,Estasbarbara.ok,"Wed, 26 Nov 2025 15:15:10 +0000",https://i.pinimg.com/originals/85/c2/6b/85c26bc7ed4a88d3a2e3ee43ff3ac9de.jpg,clean_girl_,https://i.pinimg.com/originals/85/c2/6b/85c26bc7ed4a88d3a2e3ee43ff3ac9de.jpg,51.266736838037296,81.33300385296911,24.74576763081162,65.95702668707884,52.41451042302772,6.030924860822074,-0.0660320001858703,3.2723820892541218,3.7699085239660937,-16.349482894257545,14.801090535762352,3.331041341657845,12.553746462511333,6.578172546888096,31.76051703594132,0.26479753086419755,0.32532962962962964,0.11156543209876543,0.2551358024691358,0.0431716049382716,#8d7561,#ccc9c3,#463828,#ac9d94,#738344
657736720621549881,,"it girl, vanilla, goop, that girl aesthetic, lifestyle, clean girl, fashion, fancy, luxury, chanel, selfcare, body care, inspiration, summer, girly, white linen, coastal, chic, classy, aesthetic, clean girl, clean girl aesthetic, matcha, new year new me, cute, clean, pink, outfits, style, clean #aesthetic #board #clean",Uploaded by user,it girl,"Sat, 10 Jan 2026 02:49:15 +0000",https://i.pinimg.com/originals/73/9b/34/739b3499baaf19d2dfb9420a18927e51.jpg,clean_girl_,https://i.pinimg.com/originals/73/9b/34/739b3499baaf19d2dfb9420a18927e51.jpg,84.2824980152236,56.10380797396752,71.99336411190036,6.893879514894643,37.36489262904229,6.416192880176791,11.177973691033593,9.82339937116147,6.136146879512777,14.700633276736932,13.395291029332892,23.71213032908003,17.570837957833447,5.5046235004526345,25.94927727234724,0.33282259787427226,0.2075021364097634,0.3525076109597821,0.02472560487101426,0.08244204988516797,#e8cdb9,#a67e5d,#cda991,#1f110b,#794e2e
547680004705536251,,,Uploaded by user,stranger things,"Sun, 04 Jan 2026 01:55:00 +0000",https://i.pinimg.com/originals/f2/d8/31/f2d8310a8acb4740b11504052168f0c1.jpg,clean_girl_,https://i.pinimg.com/originals/f2/d8/31/f2d8310a8acb4740b11504052168f0c1.jpg,77.00538563382682,12.020279677579467,61.195812065647814,37.09225268854746,57.4763366833523,-1.7633091419596671,-0.2440832939183462,-0.008772455995230244,1.765927062768837,4.251220280101413,0.12429553434204266,1.4404532818384221,0.2855402469280177,8.433166307014847,17.819529150970506,0.35468011578449904,0.0823546786389414,0.26081049149338376,0.13570268194706994,0.16645203213610585,#babfbd,#201f1d,#939393,#5f5549,#9c866b
563018698998474,,Clean girl must haves <3 #cleangirl #fitcheck #lovekrys #thatgirl #vanillagirl #gracieabrams #outfitinspo #cleangirlaesthetic,Uploaded by user,Gabriella,"Tue, 19 Aug 2025 22:19:28 +0000",https://i.pinimg.com/originals/ae/44/cb/ae44cbcf6ffc95c52e6e410827e7cd48.jpg,clean_girl_,https://i.pinimg.com/originals/ae/44/cb/ae44cbcf6ffc95c52e6e410827e7cd48.jpg,90.75978870260379,59.95835647852188,26.817440705779404,77.51801647537447,72.92358116839172,0.32577544359986144,13.770838263098378,6.831538464619481,3.60790879911187,27.374652076104628,0.7285083244373678,34.37740611734041,9.181645197827002,11.045333393340062,3.9949817889651786,0.7372829861111111,0.05305459104938272,0.03765335648148148,0.14980420524691357,0.022204861111111113,#e5e4e3,#b98654,#4e3b31,#cebcab,#e5a0ac
1337074889943760,Hair Mask Night,How is it only $7?!?! #koreanhaircare #hairmask #hairwashday #washdayroutine #bondingtreatment #haircare,amazon.com,Vision Board 2026,"Sun, 07 Dec 2025 22:03:42 +0000",https://i.pinimg.com/originals/45/96/6c/45966cca96c9dbe76783a05a0c7c7768.jpg,clean_girl_,https://i.pinimg.com/originals/45/96/6c/45966cca96c9dbe76783a05a0c7c7768.jpg,36.593990373738855,8.217059414473152,72.20341576966409,53.44942305481712,22.677152643217354,8.097992077885085,2.8988799153984988,8.569913000479977,14.892322860894073,4.16758245458656,18.212578777285483,6.480297084349015,24.63787825141734,26.74236133099018,12.639847608785589,0.27515186869880276,0.17102212310964082,0.05952539185570258,0.14662221368935097,0.34767840264650285,#6b5039,#1f160d,#d0aa84,#a57552,#423323
140806234138867,French Morning: Linen Shorts & Soft Towel for a Slow Start,"French bathroom aesthetic, white linen shorts soft girl outfit, towel hair cozy moment, Nancy Meyers European home style, barefoot luxury slow living look, dreamy heirloom-inspired summer morning vibe.",amazon.com,Rest > Hustle,"Sat, 21 Jun 2025 03:52:21 +0000",https://i.pinimg.com/originals/14/0d/59/140d59c8845aab80e4ae196cd513d12f.jpg,clean_girl_,https://i.pinimg.com/originals/14/0d/59/140d59c8845aab80e4ae196cd513d12f.jpg,10.899205932411817,59.05174734741803,27.537197430736267,83.58202682527721,45.13219545542915,7.360746285822049,1.9344037820646522,8.0459838539927,-3.062106148891038,5.144840825019314,11.797664641106502,14.107297942166324,19.80510283019045,0.08654706875091378,17.18833246178094,0.10208438340053763,0.23610971102150538,0.22632728494623655,0.09978893649193549,0.33568968413978495,#2b190b,#9b8c75,#553b22,#cad2d0,#7d664e
2392606048698741,my mantra,follow @cleancozycc,Uploaded by user,2 6,"Sat, 27 Dec 2025 14:02:25 +0000",https://i.pinimg.com/originals/56/1e/05/561e05af6a922046a52505cdfc170e30.jpg,clean_girl_,https://i.pinimg.com/originals/56/1e/05/561e05af6a922046a52505cdfc170e30.jpg,78.06518274918957,28.08257488895125,53.098544171427136,40.01245390851242,66.55169247698889,-0.001990725677835481,-0.0009329308805879639,-0.0014623502784429766,-0.0011854059814277542,-0.0017470627192964605,0.003773490614330151,0.0017684033319940275,0.0027719364410458565,0.002246978775064216,0.003311618897197949,0.9525307984735104,0.04209180271909285,0.001685098859133069,0.0017351851308610106,0.001957114817402621,#c0c0c0,#424242,#7e7e7e,#5e5e5e,#a1a1a1
3729612269261013,,"Hello Monday, it’s time to wake up 🧊  Goodmorning! Sometimes we wake up with puffiness around the eyes and sometimes even the entire face (rough nights and lack of sleep are a favorite). For an instant fix and to flush your lymphatic system try: The Ice Plunge.  1. Fill a bowl with cold water and 10 ice cubes. Add sliced cucumbers if you like to be fancy. 🥒  2. Plunge your face with 3 scoops at a time or stay and hold your breath, rest, and repeat 4 times.  3. Dry your face with a towel, appl...",instagram.com,2026,"Sun, 04 Jan 2026 04:49:21 +0000",https://i.pinimg.com/originals/ef/cb/2e/efcb2e77844e88f7d86a259acec79520.jpg,clean_girl_,https://i.pinimg.com/originals/ef/cb/2e/efcb2e77844e88f7d86a259acec79520.jpg,80.1016532836833,27.940745894438145,53.23625033643271,70.91304683935991,63.90591315123073,-0.5579530507566717,13.141199579139299,4.294489314611173,1.8938423492255556,1.4552488978765394,5.450171931710168,17.834829093551765,14.157014029349906,13.894699766942727,8.486445852684792,0.33604950361383634,0.11539492269594005,0.16659815792071925,0.2295445981861302,0.15241281758337413,#cac6bc,#5c3927,#8f7b67,#bbab94,#a3998b
281543725364715,,,Uploaded by user,april vision board,"Tue, 08 Apr 2025 07:45:06 +0000",https://i.pinimg.com/originals/6d/a6/3a/6da63a5df03a983ea9537697f300af3a.jpg,clean_girl_,https://i.pinimg.com/originals/6d/a6/3a/6da63a5df03a983ea9537697f300af3a.jpg,28.161247276145104,56.086695478661696,50.01424855039995,85.84971281554311,39.2631536946559,5.613437252235366,9.428488427540959,1.944711280336659,0.00572474072569662,8.291230436354434,13.684377780326,23.9058570514401,8.721524863920326,1.9178508895899569,23.807173906858274,0.217833751393534,0.08814179982658243,0.2699770841075189,0.10416782794500186,0.3198795367273628,#513e2d,#a37f5d,#807568,#d8d6d3,#755635
41165784088684528,🌙,"Clean girl aesthetic, no makeupmakup",Uploaded by user,Pins von dir,"Wed, 03 Apr 2024 13:22:16 +0000",https://i.pinimg.com/originals/f7/db/37/f7db37c9014b65dfba03cdb8b533db18.jpg,clean_girl_,https://i.pinimg.com/originals/f7/db/37/f7db37c9014b65dfba03cdb8b533db18.jpg,56.40598430122217,19.769376537952716,68.29079822778019,37.47803529004841,78.84303117874813,1.8733903151372666,10.297583005865725,13.343256783263794,11.925492392624971,-0.1321908299905905,3.3199145147631963,12.84432119178043,18.41845369504275,18.42913567437399,0.2988862438418822,0.3084939236111111,0.10386525848765432,0.1273924575617284,0.17161795910493827,0.2886304012345679,#8d8581,#43291d,#c99d86,#73503b,#c3c3c2
940267228471108315,outfit clean girl,she's a CLEAN GIRL 🥰,Uploaded by user,Épingles créées par vous,"Sat, 24 May 2025 17:57:25 +0000",https://i.pinimg.com/originals/e1/a3/26/e1a326e651c2110af999ea91bcec080c.jpg,clean_girl_,https://i.pinimg.com/originals/e1/a3/26/e1a326e651c2110af999ea91bcec080c.jpg,84.07393603740695,16.213136668794434,70.47156480307208,90.99308899569432,48.73512603688175,2.1057667279361403,2.7622537663414235,3.506003634316007,0.019532352507713457,5.701297134844592,4.539925814756149,6.4764596668342485,15.553147134745029,0.49894058953096376,16.91590227518069,0.1745414921552985,0.014468862185879536,0.06631951369498737,0.6939735407525595,0.050696591211275094,#d9d0c9,#2f261f,#bda990,#e5e5e4,#876f57
AftBDpfsUDGMxD06g1Ju71xlYYILIiSc9FDWYJk40ZaFCFO4r8U1yw_evkHqLh7sDRWy5KrLeAnoRPrLUS-M5eQ,syoss Intense Keratin,Entdecke jetzt die syoss Intense Keratin Pflege für dein stärkstes Haar,syoss.de,Ad-only Pins,"Thu, 08 Jan 2026 12:57:55 +0000",https://i.pinimg.com/originals/64/a2/b7/64a2b7462f3b6d6c3a0ba2e543ea6873.jpg,clean_girl_,https://i.pinimg.com/originals/64/a2/b7/64a2b7462f3b6d6c3a0ba2e543ea6873.jpg,66.12876340598777,38.66114490576976,13.746242459971711,93.18770342808399,65.28192100425274,1.1441033401542597,9.101112141478257,10.130650513697251,0.938460010993948,15.883145262732567,9.710306873023274,19.272777189990677,12.17043080679872,3.4214125781121947,27.64219967594768,0.4238590494791667,0.23275716145833333,0.13364637586805556,0.11276638454861111,0.09697102864583333,#aa9f8f,#73543c,#341d12,#f0eae4,#c9926d
AS3SyBLi9VWS3ModiDrrIhf5WRSCp2vNJ7xGy0g9XtsfDdn-EYZ9HvgyjShGEFU2Ok_vjkJPINnQIftHTvwlAnY,Sport Essentials von UNIQLO,"Sport Essentials, die dir beim Training und im Alltag besten Komfort bieten.",uniqlo.com,ads2,"Thu, 07 Aug 2025 12:22:07 +0000",https://i.pinimg.com/originals/b2/a3/76/b2a3762199efa4d0bb5fda882f66e281.png,clean_girl_,https://i.pinimg.com/originals/b2/a3/76/b2a3762199efa4d0bb5fda882f66e281.png,21.51761532947402,70.28521060938229,48.065090288793385,50.94074088207816,89.73813214232331,2.718119845091948,3.141783014329188,3.0778207040108145,72.09711383720064,0.7901897080105753,-4.108517998035418,3.213884876850937,1.1882564159599436,51.81352238096317,-0.9508192266071831,0.13603877314814813,0.21464699074074073,0.1431052276234568,0.010887827932098765,0.4953211805555556,#343239,#b4a9a6,#787070,#ec2224,#e2e1e3
19984792092947665,,clean girl,Uploaded by user,Want,"Thu, 16 Oct 2025 18:57:04 +0000",https://i.pinimg.com/originals/34/0d/54/340d544c9ac90d3fee0bba53fb8c1016.jpg,clean_girl_,https://i.pinimg.com/originals/34/0d/54/340d544c9ac90d3fee0bba53fb8c1016.jpg,69.15284853444992,46.320666131631505,91.49391043694617,54.64067599619501,81.36304609927377,3.6893801581402483,9.455012198548722,0.9510245216570361,15.84448531481495,0.10403742029146779,5.760826592227906,7.891390853410483,2.5360507139049266,21.96735882618918,0.4213590535353058,0.13918354552469137,0.04631269290123457,0.24020929783950618,0.056829185956790124,0.5174652777777777,#b4a69e,#826760,#eae5e1,#a8775d,#cacac9
9007268002272800,Self care 🤍,,Uploaded by user,Self care • day routine,"Wed, 24 Sep 2025 00:11:11 +0000",https://i.pinimg.com/originals/37/61/a6/3761a648d17ace5c1e569e6c3f723260.jpg,clean_girl_,https://i.pinimg.com/originals/37/61/a6/3761a648d17ace5c1e569e6c3f723260.jpg,81.56628521640523,52.42014517932898,65.58882217876317,13.341997997216389,33.56283768847305,-0.08256462333570225,4.9214761016986,2.585883802784425,8.242154156016644,9.563912342049441,2.7161230104417706,11.479587142017879,7.085601436964449,11.244239207827484,17.33797399782538,0.32462962962962966,0.1781568287037037,0.2570394483024691,0.06936101466049382,0.1708130787037037,#cccac5,#8d7969,#a99d92,#311d12,#654833
68328119342131510,,#cleangirlaesthetic,Uploaded by user,2026 vision board,"Sat, 20 Dec 2025 20:20:04 +0000",https://i.pinimg.com/originals/60/b6/dd/60b6dd6ffdb5742705d67aa73288d4ff.jpg,clean_girl_,https://i.pinimg.com/originals/60/b6/dd/60b6dd6ffdb5742705d67aa73288d4ff.jpg,99.61368874617061,43.22062230573813,87.60104184820041,65.31421415097594,7.152334746953926,0.017589864123455506,0.7849611848780761,0.6296887460004925,-0.24135033992566376,-0.5014338057488452,0.00582964025289856,22.85569847892237,0.896950361830259,6.606838816762871,1.3157252445486884,0.6724782986111111,0.03371190200617284,0.2518359375,0.03667293595679012,0.005300925925925926,#fdfdfd,#746440,#dddbd9,#a39e92,#151513
245516617181892857,Упражнения фитнес,five day,youtube.com,Year 2026 <3,"Tue, 20 Jan 2026 19:32:32 +0000",https://i.pinimg.com/originals/22/4a/80/224a80e49ed935abdadd43264d1d1a83.jpg,clean_girl_,https://i.pinimg.com/originals/22/4a/80/224a80e49ed935abdadd43264d1d1a83.jpg,46.32499889650782,84.01363786655801,26.717423269224955,47.60492542901109,60.37866529044814,-0.5738843966183718,-0.6069638252600884,1.8525956522538607,15.886371826997497,-0.3069412173234023,12.261983359559201,4.330593605559889,14.026169388632118,31.501162749327197,9.988491376718605,0.29518976231933297,0.15963640095695134,0.2032796109907844,0.11859791056185501,0.2232963151710763,#746d59,#d3d1c9,#493d29,#98653c,#989180
3025924745149919,How to be productive in 2024 ULTIMATE GUIDE | FREE GUIDE,"this guide will change your life, made by a girlie for the girlies <333 The guide will give you all of the tips you need to be more productive, successful and that girl. #productive #thatgirl #aesthetic #visionboard #haileybieber #itgirl #aestheticgirl #girlsgirl #quotes",medium.com,vision board 2025,"Wed, 08 Jan 2025 15:01:58 +0000",https://i.pinimg.com/originals/03/66/46/0366461a9ad75565e4fc91b855225a31.jpg,clean_girl_,https://i.pinimg.com/originals/03/66/46/0366461a9ad75565e4fc91b855225a31.jpg,36.35292654526475,67.63134807109816,49.54103599228662,15.558057445413198,83.0998482614385,12.520399208060105,1.53344896798095,2.855416312762188,4.764862727897597,-0.4099466127679148,32.22643839819932,8.867523084436739,9.570212852682484,6.20770365035229,3.2882064918983716,0.1933651124285638,0.2099222880948566,0.21736300272392245,0.09955001869358543,0.27979957805907174,#754c20,#aea394,#817365,#30241e,#d0cec8
105342078781319092,,Clean Girl🫶🏻😍,Uploaded by user,Clean girl,"Wed, 23 Apr 2025 07:07:57 +0000",https://i.pinimg.com/originals/54/de/cd/54decd1927b0d73f1d64a97f337945dd.jpg,clean_girl_,https://i.pinimg.com/originals/54/de/cd/54decd1927b0d73f1d64a97f337945dd.jpg,66.47648266310908,62.26561764473892,37.27642823938275,6.528871365483411,84.72052095561185,17.030525008658724,-0.699976403070361,6.225726275647702,0.4641603586395502,0.7183572570292431,17.771608703861276,5.535448816104029,16.68748314004813,1.9845676412599627,3.43926158780038,0.07837673611111111,0.23082175925925927,0.19220630787037038,0.08324556327160494,0.4153496334876543,#ca9582,#99968c,#6a533d,#161411,#d7d2cd
152981718588377587,,,Uploaded by user,Dream life core/life goals ✨💖,"Tue, 02 Dec 2025 18:57:33 +0000",https://i.pinimg.com/originals/65/3b/d4/653bd4d0eb20cde9283f13eae3fbd6b1.jpg,clean_girl_,https://i.pinimg.com/originals/65/3b/d4/653bd4d0eb20cde9283f13eae3fbd6b1.jpg,55.32658708631343,39.570218330398376,81.30022065203029,17.88148216888689,70.01460370239343,-0.052564878633481804,-7.081251392588554,-1.4950566808490349,-2.5922534311865784,-0.5984504111343506,7.277255421704555,21.90060301071533,2.7959562841971,6.799054500710495,5.520495226245775,0.2088821416353062,0.06221490477819592,0.3315906887900559,0.03762187820732125,0.3596903865891208,#898477,#5e5f39,#c9cac4,#2b2c21,#aeaba1
844493674428600,,,Uploaded by user,BUFFERS,"Tue, 13 Aug 2024 19:42:16 +0000",https://i.pinimg.com/originals/d4/6e/c7/d46ec718159caae57c87bb9282fe6655.jpg,clean_girl_,https://i.pinimg.com/originals/d4/6e/c7/d46ec718159caae57c87bb9282fe6655.jpg,68.42343224564102,62.43419371055556,23.20403436922078,45.40204851887389,78.58988570185335,4.686341028268156,1.0436842455552133,5.0183301867585435,3.9215085398028533,0.05087157638048634,22.829680717612582,8.745508003277983,13.860763510966287,13.227635161604574,6.250350836102004,0.06740987654320987,0.3150469135802469,0.11823333333333333,0.24612592592592591,0.25318395061728394,#bea27d,#9f9587,#453422,#7a6855,#c7c1b6
1266706141294715,Amazon gym finds!,"Top amazon gym finds!  Amazon, matching gym sets, workout sets, affordable fashion, clean girl aesthetic",amazon.com,Picture ideas,"Sun, 17 Aug 2025 01:16:54 +0000",https://i.pinimg.com/originals/6e/54/b2/6e54b27bc799bd0bce8983f9cde9e4ae.jpg,clean_girl_,https://i.pinimg.com/originals/6e/54/b2/6e54b27bc799bd0bce8983f9cde9e4ae.jpg,44.98626413503166,77.54195677464652,53.094525676391726,54.17795216982602,23.72827864381482,-0.6981078373577474,2.94874253654183,-17.373852028146576,12.357661889450105,-9.410595842140518,5.606142249347338,-0.6247978476582823,47.112683694628885,25.160345478846786,20.628839761211886,0.19896653163580247,0.20721257716049382,0.1426147762345679,0.20300636574074074,0.24819974922839505,#6d6a61,#c4bdc0,#798526,#a37856,#343b18
2251868559030702,,,Uploaded by user,2026,"Mon, 29 Dec 2025 01:54:12 +0000",https://i.pinimg.com/originals/0c/56/c3/0c56c38e9e52f1b15aaea60134f3c429.jpg,clean_girl_,https://i.pinimg.com/originals/0c/56/c3/0c56c38e9e52f1b15aaea60134f3c429.jpg,78.98002734814845,40.5474385587927,62.34163905339637,33.541146718824095,16.90896242415392,2.9346533507631842,0.9028384162099333,0.14892416361822458,5.726841084124759,2.4304374674928946,19.11279908917247,-0.4261160237449655,-0.0776267021927195,17.696324878033302,4.541810536782991,0.31545773262675586,0.22171279476083586,0.2999685665579031,0.0924104629008246,0.07045044315368061,#d6c0a0,#605f60,#969696,#604a33,#2f2823
115967759149158740,,,Uploaded by user,Quick Saves,"Sat, 26 Jul 2025 03:33:27 +0000",https://i.pinimg.com/originals/89/59/f2/8959f294638d1928a6a86d02ffb43ef1.jpg,clean_girl_,https://i.pinimg.com/originals/89/59/f2/8959f294638d1928a6a86d02ffb43ef1.jpg,55.60013421565313,17.422601022489964,88.94719792210594,39.53830088695513,69.83757426349779,-1.7348965399206469,0.6079460972785458,-3.2875207536853606,-1.1059490068219522,-2.3218594918013715,4.669510708320144,5.11650348794045,0.8632926781640866,5.757425906805578,3.9377388087523166,0.2428606807348408,0.11480696159987547,0.21609026777017004,0.17027239299688904,0.2559696968982247,#85857d,#2e2a23,#d9e1dd,#5f5d53,#a9aba3
222435669092349099,Clean girl,#girlythings #pinterest #girlygirl #aesthetic #coffeetiktok #coffeetok #pinterestaesthetic #girlygirlaesthetic #girlythings #pinterest #aesthetic #softgirlaesthetic #morningvlog #morningaesthetic #coffeetok #vanity #makeup #resets #CleanTok #soft # pink #softgirlaesthetic,Uploaded by user,Annie,"Tue, 23 Dec 2025 02:21:01 +0000",https://i.pinimg.com/originals/e0/75/0d/e0750ddfda4a10a317dd5d1c6d05aa0b.jpg,clean_girl_,https://i.pinimg.com/originals/e0/75/0d/e0750ddfda4a10a317dd5d1c6d05aa0b.jpg,86.99046003649842,46.51400581043164,19.632551467275036,72.3182875106584,70.75765268412509,0.7167313814889269,18.854518250094948,2.570967695767062,1.436565829077276,20.79937603756351,-3.7068583583945163,19.10815902445004,-0.6833529474346394,-0.2252783116274557,19.24521006676033,0.3672386587771203,0.16816568047337277,0.05192800788954635,0.28897435897435897,0.12369329388560157,#d7d9e0,#95614f,#322e30,#b3b0b1,#dc9e8b
6896205673780894,"Your Skin, But Better 💧","Perfect for sensitive or acne-prone skin. No harsh ingredients, just results. #Celimax #KBeautyRoutine #GlassSkinGoals #SkincareLovers #CleanBeauty#water#cucumberwater",amazon.com,Vision board,"Fri, 26 Dec 2025 19:15:36 +0000",https://i.pinimg.com/originals/76/03/45/760345af9e7a478b2114b27a742fc724.jpg,clean_girl_,https://i.pinimg.com/originals/76/03/45/760345af9e7a478b2114b27a742fc724.jpg,22.617332205382105,72.22681839625989,52.335592563937816,78.3018602904271,60.26638335401105,-1.3759107473863896,-0.16110589823430824,-1.514744584941895,-5.995558151403567,11.136238807145821,4.801237363056686,-0.8091074486071967,2.28822415424613,26.1132896315887,21.133864088025845,0.12605854552469137,0.26286120756172837,0.2830873842592593,0.18006269290123456,0.14793016975308643,#36362e,#b0b1b2,#7b7d78,#c9c391,#b0896c
AXZhZImxyefb4isYlHvD_ShARYJOUyj8MBLw4YOc--Ikw2FVqhS5DNF27j4spDoH7JkSYE8yObuqHvd4CJ7TC-0,Syoss Permanente Coloration,Syoss Permanente Coloration für bis zu 100 Tage Farbintensität.,syoss.de,Ad-only Pins,"Tue, 16 Dec 2025 11:10:02 +0000",https://i.pinimg.com/originals/94/45/a8/9445a8b12a8c576b65175c5850c5be65.jpg,clean_girl_,https://i.pinimg.com/originals/94/45/a8/9445a8b12a8c576b65175c5850c5be65.jpg,10.477360765185134,98.56371861517283,43.45432572099166,30.37657462080825,3.5942539347249536,0.39112811981836004,0.04723018019061742,12.629938141106294,8.190811426752607,0.15496160953915195,-1.1697628819750288,0.22034041733612142,11.7627111195363,6.866806725362412,-0.23825625953310192,0.0908984375,0.02709442515432099,0.08248408564814814,0.053000578703703706,0.7465224729938271,#1c1c1d,#fbfafa,#815e53,#57423d,#0c0c0d
85498092922549206,Your skincare bestie 🥛🤍🫐,All of my favorites linked below !! #SkincareRoutine #GlowingSkin #SelfCareDaily #SkincareGoals #SkinCareTips #HealthySkin #GlowUp #SkincareAesthetic #MorningRoutine #NightRoutine #SkincareAddict #RadiantSkin #SelfCareRituals #SkincareCommunity #SkincareObsessed,amazon.com,2026 Vision Board,"Sat, 03 Jan 2026 01:50:02 +0000",https://i.pinimg.com/originals/d0/6b/2a/d06b2a66d0828bed6f609df2824b7a78.jpg,clean_girl_,https://i.pinimg.com/originals/d0/6b/2a/d06b2a66d0828bed6f609df2824b7a78.jpg,67.76334449821587,29.225121484908776,82.20115846323449,46.492447804294486,58.05803366249971,-0.6874886735938581,12.755079013086563,-0.4517694988532619,11.28653229216964,-0.5337807412969808,2.97837641295393,18.91135310229107,1.5496189888644185,16.1098586396379,3.690185983904991,0.2615625,0.1516724537037037,0.17550636574074074,0.06209780092592593,0.3491608796296296,#a6a59f,#5f3c28,#ccccc9,#896653,#8d8b85
600526931592866377,,,Uploaded by user,porcelain,"Thu, 11 Jul 2024 05:28:55 +0000",https://i.pinimg.com/originals/cb/f5/90/cbf5900f7f330b9393e0695c7ce15123.jpg,clean_girl_,https://i.pinimg.com/originals/cb/f5/90/cbf5900f7f330b9393e0695c7ce15123.jpg,52.52518471998006,80.42806914014577,35.71310881165245,87.54879907947472,66.70459027749745,0.45201668137594875,-0.7991539052714467,0.6080106560148992,-0.49368320443712366,-0.789743550308925,7.934767078344628,-4.226554215070666,3.150507860130607,5.1957141984775745,3.169966562984672,0.24937333333333334,0.24776533333333334,0.12564133333333333,0.118996,0.258224,#837c6f,#c2c8cf,#57534f,#dedbd1,#a3a29c
23432860625557567,,,Uploaded by user,2026 vision board,"Sun, 14 Dec 2025 22:32:35 +0000",https://i.pinimg.com/originals/cd/c8/dc/cdc8dca57f94ccf8edb6436cf8d8a0d9.jpg,clean_girl_,https://i.pinimg.com/originals/cd/c8/dc/cdc8dca57f94ccf8edb6436cf8d8a0d9.jpg,15.039330653234671,59.69653972736084,38.908278523220815,77.57428068766673,61.94069746129543,3.7402545974174735,1.2993549467918881,4.975165728951319,1.123739441235859,8.047761881578888,6.94085966102878,5.512797104798177,12.538263730912291,6.930223668875468,24.44578640070791,0.09912345679012345,0.30086666666666667,0.18361234567901236,0.2912679012345679,0.12512962962962962,#2e231c,#968e86,#6b5847,#c7beb2,#b28f6a
4151824652812669,,"monday i guess?   mondays used to be my least favorite days of the week. now it’s my favorite. no actually I’m lying, I didn’t even know its monday   do something today that will make you love mondays, the everyday life, routines. over the past few years I’ve been building my life in a way that I can feel like this. just happy, fulfilled, excited   just a lil reminder for today in case you needed it <3  and hiiii from bali, this house is so cute @houseofcbali   #pinteretinspired #pinterestgir...",instagram.com,Aesthetic,"Thu, 27 Nov 2025 01:21:27 +0000",https://i.pinimg.com/originals/dd/91/7a/dd917a8ed7df01466d1ccd21f2686f66.jpg,clean_girl_,https://i.pinimg.com/originals/dd/91/7a/dd917a8ed7df01466d1ccd21f2686f66.jpg,83.59696125352238,54.82955208780598,70.87634713651885,27.07668904863479,36.843241472952755,0.8625652691299128,1.7990441358452138,1.4336559900438968,15.368810227576851,1.8524160950371404,5.258851607713204,7.1864131020223345,8.075666206738472,25.293317009550023,-0.787079726460127,0.29898763020833335,0.17832501446759258,0.3891229021990741,0.07280237268518519,0.06076208043981481,#d6cfc6,#8b8176,#b6ac9e,#5e3519,#595557
32862272279475115,,Soft life aesthetic #cleangirl #cleangirlaesthetic,Uploaded by user,my mindset 🧘‍♀️🕊️,"Thu, 25 Sep 2025 15:45:09 +0000",https://i.pinimg.com/originals/96/08/7a/96087ad505fab0fd8ea4aa876d52f878.png,clean_girl_,https://i.pinimg.com/originals/96/08/7a/96087ad505fab0fd8ea4aa876d52f878.png,53.54792687057699,70.87362716660874,15.529614502474466,84.2829305199012,35.28789482852933,2.0669408770066116,0.9062988706152031,5.671605200341643,0.699657696776145,6.3302526549511065,7.635963921995872,3.9598338358106604,6.18348442483919,-3.42480861579143,13.78255754348244,0.26541133333333333,0.246434,0.118338,0.20032866666666665,0.169488,#897e72,#b2aca6,#31231e,#d0d2d8,#644e3d
2814818512754916,,,Uploaded by user,2026 visionary board,"Thu, 01 Jan 2026 03:36:27 +0000",https://i.pinimg.com/originals/63/57/1d/63571d8ec79a08ad875ed5d243cc8546.jpg,clean_girl_,https://i.pinimg.com/originals/63/57/1d/63571d8ec79a08ad875ed5d243cc8546.jpg,78.59412401053783,40.51876826351549,60.44091152664523,12.90938651891853,58.566877421789826,0.5103058953200965,1.1113122167793839,-0.289857743606758,4.267760775689524,10.655704919481886,4.772452532579562,13.005248557033235,8.948613940251839,6.462740274586263,32.033184022972435,0.20340617283950618,0.22455308641975308,0.3201481481481481,0.1357395061728395,0.11615308641975308,#c7c1b9,#695e4a,#979182,#2a1f18,#af8454
1829656093609359,Selfcare Aesthetic,,Uploaded by user,"NEW ME, NEW LIFESTYLE - MINDSET","Mon, 19 Aug 2024 14:19:57 +0000",https://i.pinimg.com/originals/fb/2a/2a/fb2a2aa78cbe8d12a2069e86c2bbc262.jpg,clean_girl_,https://i.pinimg.com/originals/fb/2a/2a/fb2a2aa78cbe8d12a2069e86c2bbc262.jpg,41.989947504023675,72.46974267776375,45.070722765867345,21.74255409586268,55.32127464152147,14.462301080898238,0.030721774750963604,1.010823083447593,7.949236829780794,11.433284931286355,22.29198637335656,-0.3498132976794768,4.785830589977051,11.357286157125662,17.486913247390525,0.1950366512345679,0.25555796682098764,0.22723427854938272,0.16151765046296296,0.16065345293209876,#84593f,#b1b1b2,#6f6962,#442f23,#a27c66
1125968743114040,,,Uploaded by user,Clean Girl,"Wed, 22 Oct 2025 10:48:09 +0000",https://i.pinimg.com/originals/5e/17/24/5e17240b1f270c8f4348073120c396dd.jpg,clean_girl_,https://i.pinimg.com/originals/5e/17/24/5e17240b1f270c8f4348073120c396dd.jpg,97.47224204563088,82.46510643324406,91.60111575391078,67.28667696535777,45.63473058270825,-0.0252520883805466,0.8971458302231694,-0.47467745584783816,1.7684506380337421,3.751538856737101,0.20567390100793226,13.98109722638515,8.248252616079402,11.588776143606484,12.108214337210894,0.6813773738945987,0.14396349791318547,0.0900267814223911,0.04382310527159109,0.040809241498233645,#f7f7f7,#d9cbb3,#ece6d7,#afa28f,#7a6958
4151824652692983,,,Uploaded by user,Feels good to be me,"Sat, 18 Oct 2025 16:50:01 +0000",https://i.pinimg.com/originals/76/8e/3f/768e3f1a45146532e9cf49390a87fe2f.jpg,clean_girl_,https://i.pinimg.com/originals/76/8e/3f/768e3f1a45146532e9cf49390a87fe2f.jpg,43.14077851834407,17.75507394979728,68.99645299481104,71.02439373366006,51.80120208595375,18.81244016722366,15.177120132585747,15.294718018603808,5.717809141591889,9.135029094231417,19.45889813976846,10.797474598277235,18.611368378218348,3.401044427525296,7.08271060794501,0.378635495431632,0.11989381498109641,0.25287245982986767,0.08611595187460618,0.16248227788279773,#8c5946,#43221c,#ce9d87,#bbaaa7,#8f756f
51298883251041261,,#Cleangirl #Clean girl #girl #doitforyou,Uploaded by user,melody,"Sun, 19 Jan 2025 22:28:03 +0000",https://i.pinimg.com/originals/fe/d0/cf/fed0cfed46fff99ad7bf984a7c64c391.jpg,clean_girl_,https://i.pinimg.com/originals/fe/d0/cf/fed0cfed46fff99ad7bf984a7c64c391.jpg,82.57164422151831,42.296134777559764,12.87770447749525,63.24121035657227,42.81618623735684,0.17414499375376802,0.5154151684525119,1.3665621453945351,1.1246609324531756,15.214579969745875,4.988772889779931,8.226769592820434,4.733595021280598,8.229334866828873,22.65699554848956,0.2822579089506173,0.21833960262345678,0.09703125,0.31399498456790126,0.0883762538580247,#d1cdc4,#6a6356,#25201a,#a1978a,#875a40
1125968650723104,Ponytail Goals,,luxyhair.com,HAIR,"Wed, 13 Sep 2023 04:58:44 +0000",https://i.pinimg.com/originals/77/e4/58/77e458f3137118ab315bb4b86ba78383.jpg,clean_girl_,https://i.pinimg.com/originals/77/e4/58/77e458f3137118ab315bb4b86ba78383.jpg,45.405436764285476,13.703092965453415,78.3730529076603,33.48666108536612,61.60187717231303,8.46170318321407,0.544823075258898,0.36383505543955985,-0.584442281258277,0.0438069117376263,15.527049019221206,-2.7374934827506356,4.133363970137685,-9.604880681999056,4.59987834263271,0.13401187446988974,0.20354128694229393,0.31266730430284106,0.10870042529129748,0.24107910899367777,#826552,#212226,#c5c1ba,#454f5d,#98948c
633387442336616,,,Uploaded by user,Self Care,"Sat, 06 Apr 2024 10:44:37 +0000",https://i.pinimg.com/originals/66/55/4e/66554e94c20774d623b4bef5685c0401.jpg,clean_girl_,https://i.pinimg.com/originals/66/55/4e/66554e94c20774d623b4bef5685c0401.jpg,63.51556211836247,71.93557005130734,48.83085246442374,84.1955990453306,22.010234512566434,-1.7597426721489586,-1.835518086918364,-2.763090297550654,-1.3072796671014182,-1.0188326554230283,3.7230527638224302,1.5059497335173924,5.628523412386906,-0.39129293958514344,4.284486658781398,0.3019001503980045,0.28844808823349594,0.18511182030495335,0.19572649572649573,0.028813445337050488,#999a93,#adb1ad,#73756a,#cfd2d2,#35342e
449937819043080839,Clean girl 🤍,,Uploaded by user,Clean girl pics,"Wed, 19 Mar 2025 20:29:48 +0000",https://i.pinimg.com/originals/7e/d5/cb/7ed5cb741f21594b9e2cbb051ab85d76.jpg,clean_girl_,https://i.pinimg.com/originals/7e/d5/cb/7ed5cb741f21594b9e2cbb051ab85d76.jpg,75.40568627961557,20.601649087820093,55.30117100818186,49.9080181092604,63.80294754176756,-2.086397189827534,-1.6918009013688913,9.17726174376387,-4.322506600967801,-1.3416914380905076,4.336578065176861,4.587336143053288,7.749140884349789,6.191166276598876,5.9202127297151605,0.5910892048800036,0.026606233245422283,0.06558607928776136,0.1457789917186152,0.17093949086819757,#b9bab1,#31322a,#997e77,#73786c,#9c9a90
9570217952745829,clean girl aesthetic,,amazon.com,25 glow up and vision board⭐️,"Sun, 30 Mar 2025 04:09:40 +0000",https://i.pinimg.com/originals/d6/e1/d6/d6e1d69e6f780e51a0b827d9312ef75e.jpg,clean_girl_,https://i.pinimg.com/originals/d6/e1/d6/d6e1d69e6f780e51a0b827d9312ef75e.jpg,32.77882174407796,89.32326429828743,75.76232861232293,62.65987871052517,47.787360352605475,0.021988952174423065,-0.6699415199382266,-0.6447868800028218,-0.15193061633025406,0.4092030988834397,4.492583708498955,-2.0211326834668917,-0.48308066746629397,4.046844715428697,4.584177249149293,0.1467804646752015,0.11638013953803428,0.22931653457969248,0.31503623924676555,0.19248662196030616,#504c46,#dde0e4,#b8bbbb,#9a9790,#757069
AaD1MJH_jw7Qu9M2PpvV7CbSGMUaZ_YlklmOYcjDj3CnLLRGjYlqKFrhZk4vDNmiknvo_9f4dBNqSU-5MpdVH6M,Verbesserter Auslaufschutz für die ganze Nacht.,Von Babys empfohlen!,pampers.de,Ad-only Pins,"Mon, 07 Oct 2024 15:03:29 +0000",https://i.pinimg.com/originals/75/f5/4f/75f54f6e6e296c489aba865079c7fa4c.jpg,clean_girl_,https://i.pinimg.com/originals/75/f5/4f/75f54f6e6e296c489aba865079c7fa4c.jpg,66.86439449758319,98.88665809982231,30.751756737919713,49.90851250222926,60.822945032058826,8.818710903282708,-0.16146693707953474,3.655204447690235,4.482110138160914,-33.80200176972871,15.06659632097654,0.20637115150160312,6.896613735621198,9.240289842071977,-9.311283804062526,0.26545816186556925,0.23481824417009603,0.24540809327846366,0.23536008230452674,0.01895541838134431,#bc9c88,#fbfbfb,#52463d,#847367,#15a3a2
115967759149158791,,clean girlsss♥︎♥︎♥︎♡,Uploaded by user,Quick Saves,"Sat, 26 Jul 2025 03:35:25 +0000",https://i.pinimg.com/originals/d8/84/86/d88486f075c04793339f5266e5829959.jpg,clean_girl_,https://i.pinimg.com/originals/d8/84/86/d88486f075c04793339f5266e5829959.jpg,19.730621844052905,91.16600355656591,81.07972897797454,50.39616137154404,71.43453573541149,-5.277982125814635,0.12026608070566236,1.7568474369229512,3.0155679736068337,7.850735026425284,13.505144041654294,1.5685483105121794,10.474802729136119,12.853083774890795,28.779123827897013,0.02837818287037037,0.5729619984567901,0.23807002314814815,0.08878327546296297,0.0718065200617284,#2f311b,#e7e5e2,#d4c7b5,#857562,#cea87a
12525705209152394,,🤍🎀🫧✨  follow @poppylaydenfritz for more ☁️  #cleangirlaesthetic #grwm #grwmaesthetic #makeup #girlythings,instagram.com,2026 vision board,"Wed, 31 Dec 2025 15:21:43 +0000",https://i.pinimg.com/originals/f7/73/4c/f7734c22b2d46df1660abd78a3bc7a33.jpg,clean_girl_,https://i.pinimg.com/originals/f7/73/4c/f7734c22b2d46df1660abd78a3bc7a33.jpg,55.51850687344842,21.340368793335326,86.5998172813716,38.58523312863299,70.61512959999118,-0.26171245518602154,0.7667907463054859,-1.2691740679827528,1.2688440032076878,-0.24130136390215695,5.456548528296929,7.2004445884328785,2.1904758642139437,8.479736156288093,4.328815617981792,0.26210664875548145,0.12779321845469704,0.11526117905008956,0.280397288617133,0.21444166512259896,#88847b,#383228,#d8d9d4,#62594d,#afaca4
11259067812618504,,"clean girl aesthetic, clean girl, healthy, healthy tips, glow up, lifestyle",Uploaded by user,Style,"Fri, 11 Oct 2024 14:44:57 +0000",https://i.pinimg.com/originals/3c/f4/7e/3cf47e483bbb9f77d3411fe2f5597b94.jpg,clean_girl_,https://i.pinimg.com/originals/3c/f4/7e/3cf47e483bbb9f77d3411fe2f5597b94.jpg,94.72036920208859,58.43602368766206,75.24866453162633,37.71061152918759,10.350564287004232,-1.6854894219837815,2.414623130260052,-0.06119285714288558,0.7027118137502879,2.287389535293009,3.723306762024371,13.588369813071566,8.149506797068403,9.36779111079946,5.313465784872399,0.7537567515432099,0.07460985725308641,0.08649980709876544,0.06421055169753087,0.020923032407407408,#eff0e8,#9a8a74,#bfb8aa,#5f5749,#211a15
4362930883988158,,All posts • Instagram,instagram.com,2025 vision board,"Wed, 23 Jul 2025 11:31:46 +0000",https://i.pinimg.com/originals/48/df/6a/48df6a26bbbefe663da02ac1bdf49bea.jpg,messy_girl_,https://i.pinimg.com/originals/48/df/6a/48df6a26bbbefe663da02ac1bdf49bea.jpg,11.485987331875439,87.71080266566668,48.64545827481666,68.35462339515304,28.22905666812739,5.355648360523227,-0.27488307539292833,12.410433802763588,14.499876061786786,10.458511307380462,5.749417631821462,1.3036370517250813,22.077347409555262,26.7518999499239,14.054456551528046,0.35110356652949243,0.15948765432098766,0.1244156378600823,0.22253909465020577,0.14245404663923183,#281b16,#dcdbd9,#936a4e,#cf9c77,#583c2d
51087777020120409,messy girl,,Uploaded by user,messy girl,"Sat, 08 Nov 2025 09:03:42 +0000",https://i.pinimg.com/originals/ca/b0/64/cab0648276e617c574e0d41ae72a356a.jpg,messy_girl_,https://i.pinimg.com/originals/ca/b0/64/cab0648276e617c574e0d41ae72a356a.jpg,55.61458670240331,23.244142141909464,8.755530606340209,71.0949881896693,34.79378644602578,6.930356991369865,7.6540310645741,4.114724804204811,6.434862417693045,8.198770150538548,20.414332840906027,17.911835153342825,2.3600012417178604,23.575978218919843,20.734463468614145,0.26297333333333334,0.11525066666666667,0.08124933333333334,0.3155906666666667,0.224936,#9d8062,#49321c,#1f1715,#c8a883,#684c31
865817097129438495,brat core,#messygirl #aesthetic #inspiration #visionboard,Uploaded by user,the things that represent me the most,"Sun, 18 Jan 2026 16:11:02 +0000",https://i.pinimg.com/originals/1e/16/13/1e161373a854760906ef14e5cade405f.jpg,messy_girl_,https://i.pinimg.com/originals/1e/16/13/1e161373a854760906ef14e5cade405f.jpg,99.62192407404484,13.073938752563336,61.52641381359882,36.92827760916219,83.33471891825212,0.011296760638478582,0.025041428522258047,0.005049882390940712,-0.05095662641269338,-0.032132296402833244,-0.003913743244291044,-0.04149163181218632,-0.010845329714505404,0.03777940968127971,0.045433058958322156,0.7825888888888889,0.06616597222222222,0.04543958333333333,0.04553472222222222,0.060270833333333336,#fdfdfd,#212121,#949494,#565656,#cfcfcf
2392606048282786,,,Uploaded by user,VISION BROAD  ig,"Fri, 22 Aug 2025 04:19:21 +0000",https://i.pinimg.com/originals/f0/50/79/f050792a243d1cea0ac864b24333576b.jpg,messy_girl_,https://i.pinimg.com/originals/f0/50/79/f050792a243d1cea0ac864b24333576b.jpg,41.09035267986854,46.55967236593761,78.62163723590244,69.61355849474421,16.44203551916079,6.447752013806724,-5.135856177226362,-4.1751865094797544,5.160891966393706,1.2494260383330478,15.147862333417747,-6.745593029215982,-11.80204432869787,13.835621864985157,2.651611345422182,0.20150055555555554,0.22729222222222223,0.24847444444444444,0.21780722222222224,0.10492555555555555,#735c48,#5e7179,#adc5d8,#bda691,#2c2724
36521446972877706,,chessa subbiondo,Uploaded by user,full body skinny,"Mon, 24 Nov 2025 17:05:04 +0000",https://i.pinimg.com/originals/b3/05/db/b305db9cce46c084051300e932c32bb8.png,messy_girl_,https://i.pinimg.com/originals/b3/05/db/b305db9cce46c084051300e932c32bb8.png,37.070419798354465,14.87351063282054,26.790141308488337,51.780780445746316,2.063975548193568,1.2893013677900258,0.14377682761722105,-0.6757664926429796,2.525261815558348,-0.26382186906352384,10.44743986933519,8.435224740789634,9.519269273992991,13.029937904547246,1.4595366168447592,0.23814255903908796,0.1442376450529316,0.32399194574511403,0.14414635077361562,0.14948149938925082,#5f5546,#2a2419,#433f30,#887965,#080703
77546424828504793,,MESSY GIRL 💋 #vintage #messy #messygirl #messygirlaesthetic #music #wallpaper,Uploaded by user,Inspo,"Wed, 11 Dec 2024 12:45:00 +0000",https://i.pinimg.com/originals/03/7f/8e/037f8e4f824f61c639bcddb9692ea6ea.jpg,messy_girl_,https://i.pinimg.com/originals/03/7f/8e/037f8e4f824f61c639bcddb9692ea6ea.jpg,57.63797445412917,10.569698650228414,78.0433809197207,39.30124083132505,33.29239166733316,9.040254487540228,1.4445847950033617,1.6749118598160329,-23.750917866262064,11.323397543120192,16.26049881082304,3.5029504919833014,5.580584983616919,20.136931624709312,12.662339997113666,0.25854841820987656,0.26328800154320986,0.1942361111111111,0.03645206404320988,0.24747540509259258,#a4846e,#201b17,#c8bfb6,#3d653a,#65473a
67483694412509690,,,Uploaded by user,Beauty,"Tue, 20 Jan 2026 02:36:02 +0000",https://i.pinimg.com/originals/09/d4/2d/09d42db47f39f65a154961ceb28a8a6c.jpg,messy_girl_,https://i.pinimg.com/originals/09/d4/2d/09d42db47f39f65a154961ceb28a8a6c.jpg,31.67089398141678,12.360317552074704,59.01640049989528,36.5559701306676,81.15744866005696,13.871942013328255,4.772590116770939,7.8316185732682,1.389557349076294,0.18816417065688995,15.140900302437402,3.6936810661341393,11.202594486213506,-3.106377828559573,-3.452915847562261,0.23513449923468333,0.13547785752699293,0.2918067161709345,0.14345292268233154,0.1941280043850577,#664133,#281d1b,#a3887a,#55555a,#c6c9cf
63894888473949887,anksiyete,,Uploaded by user,2016 flashback,"Sat, 27 Dec 2025 22:23:01 +0000",https://i.pinimg.com/originals/8f/ff/c8/8fffc82ca9af4b35b0244edc20fed916.jpg,messy_girl_,https://i.pinimg.com/originals/8f/ff/c8/8fffc82ca9af4b35b0244edc20fed916.jpg,80.79414554143798,16.683989865727494,29.724347402421202,56.192759111357546,55.2146154984508,4.503932047638372,3.2723009247797226,15.47420948921385,19.429477559054597,0.9385373363969522,8.489807930133953,-3.0409335283420527,6.914839153985137,21.897399130176026,-12.152708483933413,0.24534762866963955,0.38315652870680045,0.14643719806763286,0.18271263006317354,0.042346014492753624,#d7c5b8,#2c272d,#603c3b,#b27961,#7a8499
11681280280275493,,,Uploaded by user,𝒂𝒆𝒔𝒕𝒉𝒆𝒕𝒊𝒄𝒔,"Thu, 18 Dec 2025 20:15:41 +0000",https://i.pinimg.com/originals/0b/68/bb/0b68bb571fbb9c057fb3d5bca7a2f6cd.jpg,messy_girl_,https://i.pinimg.com/originals/0b/68/bb/0b68bb571fbb9c057fb3d5bca7a2f6cd.jpg,27.983544969748664,13.722733807505158,47.87277322707415,3.432088279959981,71.45932032436181,26.119274694412304,16.92640688908422,31.637720067157225,4.295103908712322,18.543947801090926,30.785492792465156,15.37548084169782,46.63636115679899,2.4112689202692508,47.197486319867906,0.19640427599611274,0.1583645703179231,0.16787172011661808,0.23999722337914758,0.23736221019019854,#6e2f12,#3c180c,#b05920,#160806,#e5a058
106608716174228103,it actually so helpful!,+ it gives u tips at the end on where to shop,astyleset.com,Stuff,"Sun, 18 Jan 2026 20:35:09 +0000",https://i.pinimg.com/originals/2d/dc/a7/2ddca77be6ee43d42cffb922074f3d03.png,messy_girl_,https://i.pinimg.com/originals/2d/dc/a7/2ddca77be6ee43d42cffb922074f3d03.png,8.265581307513301,75.88998623942567,29.922217491558992,93.82737949349024,55.307633850825056,0.7071610104974398,1.0492729668700278,1.2752170179758935,-0.5408187906449295,3.456874972878812,-1.3209392722943392,11.386240866672367,1.0343705334216082,4.31581126323013,10.83718052795166,0.2811206744738928,0.2566299969182002,0.12193700287634646,0.1692641836165654,0.17104814211499517,#181719,#c5b9a6,#494544,#efede4,#918171
30821578697289475,,,Uploaded by user,Shes that girl,"Mon, 08 Dec 2025 16:19:27 +0000",https://i.pinimg.com/originals/f9/bb/c6/f9bbc6a02fc2d8fcf11142f0eca5302f.jpg,messy_girl_,https://i.pinimg.com/originals/f9/bb/c6/f9bbc6a02fc2d8fcf11142f0eca5302f.jpg,31.893275825119144,4.837706342278732,55.97192249243763,53.92050472409613,16.76495309478778,9.643897979158774,0.6367178428853819,5.31109342066785,28.57622241287073,5.289114730231413,16.63983714259195,2.7660823983594867,15.32477201947632,32.858460768399645,10.709644405709637,0.12252933057280883,0.2672248102139406,0.3175258799171843,0.12832298136645962,0.16439699792960663,#614431,#130f0a,#99826b,#bb6b49,#35261a
73042825199559143,Kingsephi on instagram !!,,Uploaded by user,Messy cinematic girl,"Thu, 25 Dec 2025 23:50:02 +0000",https://i.pinimg.com/originals/3e/4c/c1/3e4cc1bfdb9061d486e071b9689f1759.jpg,messy_girl_,https://i.pinimg.com/originals/3e/4c/c1/3e4cc1bfdb9061d486e071b9689f1759.jpg,9.74257043475627,51.29768690891126,21.323808209718873,35.24327433911497,87.11650610741437,0.9505680470254914,1.0869266064616883,0.30015095035961925,-1.4243512825874007,-1.3451384515090246,3.7267657472761435,5.0871946145407705,5.219668732207067,2.970817627767676,-1.5586790690556764,0.276298353909465,0.12055692729766804,0.29867626886145404,0.22560013717421123,0.07886831275720164,#1e1a16,#7f7971,#36322b,#52534e,#d6dbdd
97038566967141468,,,Uploaded by user,2026,"Sun, 04 Jan 2026 02:35:21 +0000",https://i.pinimg.com/originals/e7/f3/a2/e7f3a2db2cd18420bf03f926e279f33d.jpg,messy_girl_,https://i.pinimg.com/originals/e7/f3/a2/e7f3a2db2cd18420bf03f926e279f33d.jpg,55.44465922052902,35.71538447252755,66.27997420002279,8.515475775260093,20.075409506241495,12.082286652947364,2.2166818256196352,-0.2978120822144823,2.770576353389717,22.398478443753692,16.729599568741282,7.455103923682182,4.846888514149536,3.385968223841924,7.703870213244178,0.1178641975308642,0.19399382716049382,0.49391851851851853,0.1059283950617284,0.08829506172839506,#a37c68,#5c5248,#a4a098,#1d1713,#502126
974747913110907367,,,Uploaded by user,Pins by you,"Tue, 16 Dec 2025 20:04:45 +0000",https://i.pinimg.com/originals/3b/8e/aa/3b8eaa03d4bef9c1e8d1abc92bfd219a.jpg,messy_girl_,https://i.pinimg.com/originals/3b/8e/aa/3b8eaa03d4bef9c1e8d1abc92bfd219a.jpg,40.35293857838637,13.574605165024991,64.55168242692787,3.0487495914351754,26.082777081771567,11.136614661879808,6.883214125516734,15.51896295459481,1.7770637199442936,6.357669297031631,19.840779720480228,11.363355841785378,26.743714301172737,2.8120283171473304,13.859028634022735,0.09056309001462572,0.3332543877143997,0.09982881265789124,0.23359870141381908,0.2427550081992643,#7a573f,#301e13,#c6916d,#110904,#4d3928
45106433762506459,,,Uploaded by user,vibe,"Mon, 03 Nov 2025 05:53:04 +0000",https://i.pinimg.com/originals/34/97/f9/3497f9bc6219e501d5ab50005042d0d6.jpg,messy_girl_,https://i.pinimg.com/originals/34/97/f9/3497f9bc6219e501d5ab50005042d0d6.jpg,65.76454165184518,26.68811741795309,10.577378757592676,41.96870179237164,71.53004799125179,1.1925852131949992,1.4595255653328496,0.23555358446867736,2.4895180212995367,4.409691629355335,7.125780787202276,9.626405816795673,5.194588059950286,12.122330085661007,35.60699041917418,0.07154135088419093,0.3894179630368302,0.25486831316757524,0.23534243008465186,0.04882994282675176,#a79e93,#463d30,#1f1c15,#6e604f,#ccaa6e
16184879904481125,,,Uploaded by user,plastic princess slippers,"Wed, 10 May 2023 14:50:38 +0000",https://i.pinimg.com/originals/94/ab/a0/94aba0d351c24775186a393db2f1833b.jpg,messy_girl_,https://i.pinimg.com/originals/94/ab/a0/94aba0d351c24775186a393db2f1833b.jpg,46.420687061095606,19.423725489776928,80.73269420448136,31.64706628513066,3.167188828501917,3.9073481242546855,2.265569679098433,4.595570436809005,2.8962798414326794,1.436874265863033,0.574228500150546,5.22918156475424,-5.831774963975467,4.073226148715327,1.3685801782008107,0.22687419179936494,0.2650552262714764,0.022638880826609392,0.31970842405970834,0.16572327704284096,#756b6d,#352d27,#ccc6d3,#514844,#0f0a08
633387442750681,,,Uploaded by user,me,"Mon, 26 Aug 2024 22:37:53 +0000",https://i.pinimg.com/originals/fa/87/1c/fa871c38432213bcf97849426f642311.jpg,messy_girl_,https://i.pinimg.com/originals/fa/87/1c/fa871c38432213bcf97849426f642311.jpg,38.72259852246776,89.21556835743124,56.649017851843546,19.419143603126606,76.8538850452493,-0.0011581084398471597,-0.0022267041589487157,-0.0015374898669390975,-0.0007495826446183432,-0.0019650906727166463,0.002195235323866911,0.004220796133874376,0.0029143661766614856,0.0014208602941902847,0.0037248985595206945,0.11512486659551761,0.2590409107079331,0.10099893276414088,0.36842689434364995,0.15640839558875844,#5b5b5b,#e0e0e0,#878787,#2f2f2f,#bdbdbd
9570217953126609,,,instagram.com,brb,"Mon, 04 Aug 2025 19:25:30 +0000",https://i.pinimg.com/originals/57/82/fe/5782fe6c83cb37239ec09b66bd70ba51.jpg,messy_girl_,https://i.pinimg.com/originals/57/82/fe/5782fe6c83cb37239ec09b66bd70ba51.jpg,9.617654207714502,61.58939284953351,41.082676858326124,85.28112795108152,33.32298553606844,1.4204392373892314,0.7081186061912872,19.026448036680463,-1.0288323960337726,0.06149264245610819,-0.6467916395707629,3.2217211730577278,12.486718307157975,-0.9830692350167549,-0.22288639811393063,0.16818930041152264,0.3261467764060357,0.08638614540466392,0.1796851851851852,0.23959259259259258,#1c1a1b,#98948f,#84544d,#d2d5d6,#4e4e4e
2744449769641303,,trained professionals 🍷 @cloudynoir on #35mm,instagram.com,elegant mysterious femme fatale librarian core,"Wed, 03 Dec 2025 03:01:12 +0000",https://i.pinimg.com/originals/53/88/13/53881324372a2586c814c54a4ab5c85e.jpg,messy_girl_,https://i.pinimg.com/originals/53/88/13/53881324372a2586c814c54a4ab5c85e.jpg,17.315222484257557,77.8883599784071,56.035549861298804,35.266223894852615,88.36087659778326,0.914192562281084,3.7110675933338184,-1.8931320981205386,2.5305517881751243,0.5876123795855861,4.690644228881071,34.454246880873285,2.657254446410666,10.246284324950754,0.34753527813436413,0.3659183304398148,0.02526511863425926,0.22736183449074074,0.21008716724537038,0.1713675491898148,#2e2923,#dcbc80,#848781,#5d5142,#dfdddd
48976714692261267,,,Uploaded by user,fit inspo,"Fri, 26 Dec 2025 08:55:17 +0000",https://i.pinimg.com/originals/34/2f/db/342fdba583f8b63e70412c7d83df3aed.jpg,messy_girl_,https://i.pinimg.com/originals/34/2f/db/342fdba583f8b63e70412c7d83df3aed.jpg,14.38267927802476,55.40379303406446,31.857247643358278,34.15069092846147,72.61560221565267,0.1709023285982405,16.221182371309347,-1.8547508525897713,7.709742412610068,-0.859056415208002,11.05430988529505,47.76835924946306,0.9074483215910334,25.212505765748098,15.689693048867063,0.28585294150649115,0.18421771150084343,0.21743285346139893,0.20575210481629844,0.10674438871496804,#292314,#b2782e,#484b49,#674a28,#bcb195
2111131073195587,,,Uploaded by user,stephani,"Tue, 28 Oct 2025 03:07:47 +0000",https://i.pinimg.com/originals/c3/3e/89/c33e896266cea32c219e5d27d3e7642c.jpg,messy_girl_,https://i.pinimg.com/originals/c3/3e/89/c33e896266cea32c219e5d27d3e7642c.jpg,17.606988946713738,63.62560452562116,60.42393713103711,58.51625846206651,32.29303614321593,3.968046501786375,7.557317982955501,-0.34559921982918596,16.923733984853417,11.290775801000823,-1.2074895670324857,27.11493236880421,-2.044482173114787,54.87351321955387,24.712392979819256,0.24338830441430662,0.12374414140406861,0.29875203596596195,0.14108309234144395,0.19303242587421884,#30292c,#b7946a,#8f9195,#be7f26,#674425
20055160840117158,🧠,,Uploaded by user,Cute,"Wed, 29 Oct 2025 21:31:40 +0000",https://i.pinimg.com/originals/ee/f9/31/eef9315282cbaac79e10aa9d35dc605e.jpg,messy_girl_,https://i.pinimg.com/originals/ee/f9/31/eef9315282cbaac79e10aa9d35dc605e.jpg,49.76227708332329,8.531336681194887,34.15437791318125,79.24892543209545,64.03139112144153,10.2876393604928,0.7304740768691103,5.7278986349117975,3.136603068196109,5.6380843945853405,22.831568118963453,2.7602737632851007,15.413234327698683,16.932444304579246,20.15551112532348,0.19204981508504543,0.34907465313969377,0.16990711787459756,0.11795489464866159,0.17101351925200164,#936f50,#1b1814,#614c38,#d6c1a5,#b29677
4011087181366587,lizzie young,,Uploaded by user,Hairstyle inspo,"Tue, 23 Dec 2025 01:19:24 +0000",https://i.pinimg.com/originals/2f/a3/9c/2fa39ce43f108c17efc5a682c5b0c59a.jpg,messy_girl_,https://i.pinimg.com/originals/2f/a3/9c/2fa39ce43f108c17efc5a682c5b0c59a.jpg,36.619643886063784,8.404426554447952,77.67651993512828,60.80979252567383,30.24528047806856,1.0853175168816385,-0.027064981662301757,0.6031558787966194,1.8563321697834723,-0.6421830870891422,9.782005027724624,-3.6188560323995884,9.049714835851068,13.054640183552547,-11.266224764827523,0.13528599605522681,0.2471268902038133,0.1888202206150924,0.20348016655708964,0.22528672656877785,#5e5546,#15181d,#c8beaf,#9f907b,#3b4858
140806234384323,,,Uploaded by user,random✨💗,"Mon, 08 Sep 2025 15:39:43 +0000",https://i.pinimg.com/originals/82/8c/e5/828ce5e4e907308da884533e05dca532.jpg,messy_girl_,https://i.pinimg.com/originals/82/8c/e5/828ce5e4e907308da884533e05dca532.jpg,75.04972590607755,49.69649137641079,61.941263599683175,13.471301527351294,30.03264098240911,-1.1058901481602401,4.966007757952815,0.6998079982240699,13.9383621813333,2.1402647008647566,3.156170897446705,9.76124816759583,6.855849975395806,5.900749770395227,9.505356800657141,0.20462200113995543,0.1528872702508642,0.31301991961093467,0.12762467337315775,0.2018461356250879,#b9b9b2,#857265,#9c9489,#361a1a,#4f4538
118360296452074146,,,Uploaded by user,What a lie - powerpoint,"Wed, 29 Oct 2025 15:33:21 +0000",https://i.pinimg.com/originals/10/ef/5a/10ef5a1723c46677263318fcec10ac23.jpg,messy_girl_,https://i.pinimg.com/originals/10/ef/5a/10ef5a1723c46677263318fcec10ac23.jpg,86.57518699769778,37.34226070227017,67.68852219683646,64.75707410472599,27.660779569403026,0.39415617418080706,2.4174178186159097,1.2815453165622694,15.13127679384228,0.8709000587143503,2.359028364317475,7.758113010400376,4.027091380358366,24.007038935242758,6.2893166438989025,0.11854423435760678,0.35873795737933356,0.06517780634104542,0.06638557207953935,0.3911544298424749,#dbd8d4,#60564b,#aaa39d,#c49273,#464037
1337074889759546,,,Uploaded by user,Faces,"Thu, 09 Oct 2025 19:54:56 +0000",https://i.pinimg.com/originals/ef/45/07/ef4507c44ca976dba0cc8ac64e819b2a.jpg,messy_girl_,https://i.pinimg.com/originals/ef/45/07/ef4507c44ca976dba0cc8ac64e819b2a.jpg,65.09615656784678,4.330315009442195,46.56746764193032,78.84680523460733,25.547670646274888,14.711296864884229,-0.0069917555100520445,6.738169983097666,3.9566545560288855,4.173547989600549,25.14715716915594,1.8421124778583806,20.156378736180727,13.40489602422081,12.535728322930975,0.16630494335019358,0.32730360240099526,0.15376570620801966,0.22743315686078647,0.12519259118000503,#c59371,#100e0b,#84694c,#d4bfaa,#493929
16255248651185560,party disco girl fun,,Uploaded by user,2010’s,"Sun, 28 Dec 2025 18:29:57 +0000",https://i.pinimg.com/originals/c1/bd/e1/c1bde111205e8fe31c383900bf394600.jpg,messy_girl_,https://i.pinimg.com/originals/c1/bd/e1/c1bde111205e8fe31c383900bf394600.jpg,13.388858640353714,57.98782301199624,40.43563880415948,25.99240113804022,4.056223811997722,-21.07493359178647,-53.556624926857666,-40.87870032390819,-30.071398102354507,-5.914395382362233,14.191152781362257,32.387654317256384,25.271767068669227,19.99013422420409,4.251232437330366,0.28222236479117213,0.09260675809723093,0.14211688100184924,0.17364075585670505,0.3094132402530427,#03280c,#09a04f,#066e33,#06471d,#041104
5348093303795645,,maysilee donner,Uploaded by user,Beauty,"Fri, 18 Jul 2025 23:27:59 +0000",https://i.pinimg.com/originals/2d/c7/45/2dc7454455e01600924a49b2e063083e.jpg,messy_girl_,https://i.pinimg.com/originals/2d/c7/45/2dc7454455e01600924a49b2e063083e.jpg,39.91934149511463,14.367080314481449,74.14028916334401,60.68030228545986,46.118789575731384,-6.513680257892279,2.660367334520948,2.1080957950793935,-1.8330015711563208,8.135054410086939,4.246542692623176,6.9411086854574044,12.192820767004557,-7.729385043884634,15.984129273414052,0.19198044009779952,0.3195680521597392,0.18124490627546863,0.18497249388753056,0.1222341075794621,#556056,#2b221a,#c3b4a0,#87939f,#836752
436075176443890690,,carrie bradshaw • sex and the city,Uploaded by user,Photography,"Sat, 06 Dec 2025 01:19:57 +0000",https://i.pinimg.com/originals/07/d6/35/07d63581fb1b234f09231e70493d3ab8.jpg,messy_girl_,https://i.pinimg.com/originals/07/d6/35/07d63581fb1b234f09231e70493d3ab8.jpg,84.45314752177234,20.797422530953092,46.84076543153182,39.78587998935144,68.72135374751095,1.8999075635850051,6.595793809863932,3.0414618795569712,14.053008521792155,3.26633329067005,4.410586435662476,10.888919958318084,7.833523266571828,25.287195208533596,8.133614964051203,0.429975,0.13515208333333334,0.0899951388888889,0.10390138888888889,0.2409763888888889,#dad1ca,#402e22,#796c62,#7e5434,#b3a599
3729612267677686,,,Uploaded by user,…Outfit…,"Sat, 10 May 2025 13:11:35 +0000",https://i.pinimg.com/originals/c9/80/84/c980849030882b68b04c8420f79bc081.jpg,messy_girl_,https://i.pinimg.com/originals/c9/80/84/c980849030882b68b04c8420f79bc081.jpg,12.428658831010123,48.60846179389342,34.402723148988294,22.86468524672767,74.74059575753822,3.2258813909257342,1.0567481718221252,2.0683746940315086,2.907934371044388,0.15505977607702404,7.761614086384295,2.6138821883871155,3.835968704967576,5.542724715110996,0.8886724322025419,0.3414874074074074,0.06608355555555556,0.21191348148148148,0.3442773333333333,0.03623822222222222,#281e15,#77726f,#564f4a,#3e342e,#b8b7b6
14918242511938663,,,Uploaded by user,"Hair, Makeup & Nails","Fri, 19 Dec 2025 01:36:34 +0000",https://i.pinimg.com/originals/55/dd/69/55dd695009d8c6b3a26cbf7d9f3456ba.jpg,messy_girl_,https://i.pinimg.com/originals/55/dd/69/55dd695009d8c6b3a26cbf7d9f3456ba.jpg,10.283792400824005,83.7286449220556,29.21783815381589,19.513815813038693,65.71043311144325,1.7287058649516516,-4.340046235134235,5.49494880895641,6.483018083865029,2.5758912771045845,-0.6757686458221901,-5.052581169862252,11.571304531694622,-26.264598011023942,7.9328964816943675,0.237979012345679,0.19147530864197532,0.2464851851851852,0.043771604938271605,0.28028888888888887,#1e1b1c,#c2d3d9,#534133,#1a2e55,#aa9d91
43699058881981481,party aesthetic,,Uploaded by user,visionboard 2026,"Thu, 23 Oct 2025 05:30:37 +0000",https://i.pinimg.com/originals/c3/15/6c/c3156c9a32622e541b04430438b3dd7f.heic,messy_girl_,https://i.pinimg.com/originals/c3/15/6c/c3156c9a32622e541b04430438b3dd7f.heic,23.18097119978053,3.1801779038182048,50.1553458635769,35.521372259212946,11.356298285721182,14.89689115894694,3.7062149443646923,15.61635890786358,16.481417928511682,11.316770366819245,11.258762231691719,1.9423328870167094,12.900370497307119,12.47852606374002,8.060057384595344,0.218050578074367,0.26343662464985995,0.11345248883867272,0.2238249057793052,0.18123540265779514,#502e27,#140807,#986d62,#724940,#2f1713
19984792093149610,,,Uploaded by user,vision board,"Mon, 22 Dec 2025 04:59:07 +0000",https://i.pinimg.com/originals/06/83/e3/0683e3bb3a30c8234a15cb53adcc5436.jpg,messy_girl_,https://i.pinimg.com/originals/06/83/e3/0683e3bb3a30c8234a15cb53adcc5436.jpg,28.183527770294912,60.33184073024126,9.787594389210135,44.09928398902736,82.94240505429497,2.2609006415364337,2.420694912777456,1.6237879156140376,1.8490278985454673,1.1367781568199027,10.334861521607507,12.87259719178205,6.089452316172133,10.353130535124809,13.188223588618834,0.17666230125907545,0.22665770609318997,0.15936724565756824,0.2611524676040805,0.17616027938608583,#4b4032,#9e8f7b,#201a12,#726657,#daccb5
37084396931282597,,,Uploaded by user,Girly🎀,"Thu, 08 Jan 2026 19:46:15 +0000",https://i.pinimg.com/originals/30/98/a3/3098a3d4b9c9a175ab5e6f5013b6da09.jpg,messy_girl_,https://i.pinimg.com/originals/30/98/a3/3098a3d4b9c9a175ab5e6f5013b6da09.jpg,55.87599959065127,2.1133709646475225,35.38124233829973,46.29522872541562,22.570447643677362,4.9596585872913685,3.496396663084985,12.768819382671099,16.656979113826047,9.92918260026775,16.835201635070547,1.9997715961867257,29.526750138807046,37.80852044326048,18.304844007357264,0.5546338373406042,0.08253876449365172,0.1478421328045388,0.11378446115288221,0.101200804208323,#998269,#110402,#724a23,#97612d,#4b2f1a
33495590972406013,,,Uploaded by user,Life I suppose,"Tue, 02 Apr 2024 23:30:32 +0000",https://i.pinimg.com/originals/05/29/62/05296271135e30348fb3d38e275e97cf.jpg,messy_girl_,https://i.pinimg.com/originals/05/29/62/05296271135e30348fb3d38e275e97cf.jpg,79.71101642438825,13.195240439830691,36.4987578431646,78.62683158980082,59.93581843334074,3.4655433705459355,1.9681612319888226,5.672104953196805,-0.9201532548593336,8.706539423624672,39.34131395434818,9.076491405330327,17.32303887151187,1.1460689262393995,29.76507765555815,0.09810510071474984,0.2335891812865497,0.3629540285899935,0.15918778427550356,0.14616390513320338,#e4c17b,#282015,#67513a,#c1c2c0,#af895c
9148005521635260,,,instagram.com,Foto ideen,"Wed, 01 Oct 2025 20:18:40 +0000",https://i.pinimg.com/originals/1d/05/0c/1d050c4f5b1e1fe71f6e0326da24fedd.jpg,messy_girl_,https://i.pinimg.com/originals/1d/05/0c/1d050c4f5b1e1fe71f6e0326da24fedd.jpg,8.726310456912643,53.4595168166763,85.26473418213553,41.35220416487128,28.166997622037705,2.9650820334014405,39.82560566535054,4.197748214425859,4.7652055001023506,31.189307274901438,0.6443023646527628,30.795316079453606,15.823859065750245,2.674878894607824,15.573731789349882,0.4758058984910837,0.1348525377229081,0.07471604938271605,0.10604663923182442,0.20857887517146775,#1d1718,#c8604c,#e8d1b7,#6b5e5d,#712b2c
15129348744723225,Flossie Clegg,,Uploaded by user,PHTS,"Thu, 28 Aug 2025 21:33:30 +0000",https://i.pinimg.com/originals/63/b8/4e/63b84e67433b32ce73c8d38f03253b69.jpg,messy_girl_,https://i.pinimg.com/originals/63/b8/4e/63b84e67433b32ce73c8d38f03253b69.jpg,59.25853626628412,4.059976153968584,20.595979214153047,26.03902028321864,47.272150154761206,1.595395067327128,1.110843180576711,-1.6263171156809255,18.363440116353523,0.6638705177010715,-1.440820658533516,-0.6276422102373487,3.4058945328327574,16.82398217556757,-0.4766083808519235,0.32797942687862114,0.12809797798934405,0.14373617055346902,0.07870092366145515,0.32148550091711064,#908d91,#0f0d0f,#31322c,#5d3124,#706f70
93801604734955453,,,Uploaded by user,nice 😎💿,"Sun, 14 Dec 2025 19:56:07 +0000",https://i.pinimg.com/originals/21/88/99/21889919e415e47b39d54e876b56370d.jpg,messy_girl_,https://i.pinimg.com/originals/21/88/99/21889919e415e47b39d54e876b56370d.jpg,9.78218141283731,61.321789132681744,81.89376622334228,30.578176988305266,44.520224175115025,4.622546121537298,11.360086442216279,7.567366809328069,9.902614686182233,-6.655662563119245,11.538442933739601,26.577386097880417,15.89965839256752,23.149248501892316,3.761578115989563,0.3532583645703179,0.16957101207830072,0.1714757739830626,0.19348049423851174,0.11221435512980703,#261807,#b68b65,#e5c5ae,#604123,#606c62
89227636382828223,"even if you get pass or hard pass, you're still pretty / handsome 😻 enjoy my quiz! <3",,uquiz.com,Google docs,"Thu, 25 Dec 2025 16:17:41 +0000",https://i.pinimg.com/originals/4b/c1/c5/4bc1c5709206b75b807081670c387434.jpg,messy_girl_,https://i.pinimg.com/originals/4b/c1/c5/4bc1c5709206b75b807081670c387434.jpg,83.22813867042562,7.847681408056893,22.671217848612542,75.43278454780354,61.40715938302436,0.4338985421706485,0.5316297684072586,21.322290968884037,8.785202109433655,9.64982211905282,2.982934137515434,-4.89435915171542,18.02123594409779,56.32708541329445,14.21865054623107,0.6327508015155932,0.24675488195861264,0.04179150879238317,0.009391236762848539,0.06931157097056252,#d2cec9,#14171d,#58271c,#e5b14e,#ae8d7b
120471358777117143,,,Uploaded by user,Messy Girl°,"Tue, 16 Dec 2025 02:54:17 +0000",https://i.pinimg.com/originals/c6/91/60/c6916094cc11e82313dbbd4a9016adc6.jpg,messy_girl_,https://i.pinimg.com/originals/c6/91/60/c6916094cc11e82313dbbd4a9016adc6.jpg,15.897728302634981,74.18970289932221,90.675917091791,58.29747501543853,42.46863916664273,5.331589822780888,1.9696858799516506,-0.032507767590810754,4.1695278806936535,11.897826510167487,6.903151649649444,5.40537912913915,4.794382818182276,9.446703429820328,14.29820692705165,0.074704,0.179856,0.4661706666666667,0.13370666666666667,0.14556266666666667,#32241e,#beb4ac,#e8e3db,#9a897b,#7e5c4d
2814818512754937,,,Uploaded by user,2026 visionary board,"Thu, 01 Jan 2026 03:37:40 +0000",https://i.pinimg.com/originals/02/b1/5a/02b15a53b43861804575fd9afdf8a381.jpg,messy_girl_,https://i.pinimg.com/originals/02/b1/5a/02b15a53b43861804575fd9afdf8a381.jpg,30.564561582138126,53.17911379939622,73.22018208043839,11.11156262342513,48.35255076223963,6.351646087992359,8.471704377507672,0.8538503484309823,3.0075902466285465,2.9756632676447508,16.648999422962692,31.65003256641597,12.124712124302462,2.062851689293197,12.973609543652627,0.3034745250224273,0.05253838667820069,0.2143972070037165,0.11571070421632705,0.31387917707932844,#59432e,#9d7848,#beb29d,#221c1b,#80705d
227783693649458963,🪶🍂🍁,messy frazzled english woman hair inspo <3,Uploaded by user,hair,"Tue, 20 Jan 2026 00:32:25 +0000",https://i.pinimg.com/originals/71/3e/bc/713ebc5de0533685042a503c25722786.jpg,messy_girl_,https://i.pinimg.com/originals/71/3e/bc/713ebc5de0533685042a503c25722786.jpg,40.424105380600224,7.547684776004953,32.83963836390823,22.7345791203919,57.15348521840228,9.339083740954745,9.732340581317507,-5.186506621418233,8.815968727475548,5.4799473086480335,23.154168031793432,7.868764135342115,10.289483782085396,19.275405456361966,20.027501813031893,0.2545569082140506,0.215113829923625,0.1785197531090313,0.24602821914031586,0.1057812896129773,#795839,#251108,#4b4f3c,#4a3019,#9f8466
6825836929623501,Downtown Girl 🌆🌟,"The ""Downtown Girl"" aesthetic is all about capturing the essence of urban chic and modern sophistication. 🌆🌟",everlastingfabric.com,ours!,"Sat, 12 Jul 2025 20:29:59 +0000",https://i.pinimg.com/originals/01/09/9a/01099ab0313509437c663277fa801342.jpg,messy_girl_,https://i.pinimg.com/originals/01/09/9a/01099ab0313509437c663277fa801342.jpg,5.717792293416689,34.90500897269644,21.90030902824595,45.95622951944654,60.36855728220884,3.5783219824212518,8.606663879112032,8.597048922031913,12.450974856563082,9.950475448739601,5.430569589364726,21.572496330874596,18.235200771845257,25.698224161513338,24.354775183055498,0.1834951111111111,0.32128711111111113,0.16810666666666665,0.2550311111111111,0.07208,#1b1007,#694c2f,#472f19,#8d6442,#b08a67
3237030978340020,,,Uploaded by user,ella!,"Mon, 22 Sep 2025 10:11:09 +0000",https://i.pinimg.com/originals/53/30/f3/5330f3a732beefd2364df6a051b5efce.jpg,messy_girl_,https://i.pinimg.com/originals/53/30/f3/5330f3a732beefd2364df6a051b5efce.jpg,46.50352227535771,8.273748048541037,57.61024698222101,27.4245180707662,71.17964431348082,12.158459040725791,6.149915688221402,9.63188990989879,10.77439515614509,8.670092193077684,23.541527340039888,3.96816618685542,26.406817006109673,16.16230886927833,25.69003547360025,0.23365537853612922,0.2160356893283931,0.25799792369451663,0.10966839440754911,0.18264261403341192,#8d6547,#211412,#a9835c,#573a28,#cda780
4222193395662629,,,Uploaded by user,Preppy slay,"Mon, 17 Nov 2025 00:19:46 +0000",https://i.pinimg.com/originals/53/56/f8/5356f85366329de8716a429ad1163103.jpg,messy_girl_,https://i.pinimg.com/originals/53/56/f8/5356f85366329de8716a429ad1163103.jpg,34.32906755252802,68.76063568789525,51.6880507858236,95.35785755701423,60.38436351098041,6.829349481813052,-25.821368445638626,-23.851631326841215,-1.966346289923254,2.733818680350728,8.93399009927225,40.69174205527243,17.332750299688954,3.6692647744326994,7.517347909547976,0.1722842261904762,0.06248883928571428,0.21781001984126985,0.1915141369047619,0.3559027777777778,#604c42,#91b25b,#59855c,#f0f2ea,#9c8f84
163255555237838968,,#vintage #messy,Uploaded by user,Poetry,"Tue, 20 May 2025 09:37:39 +0000",https://i.pinimg.com/originals/e5/c9/a4/e5c9a4d621d951944b90df6941affe19.jpg,messy_girl_,https://i.pinimg.com/originals/e5/c9/a4/e5c9a4d621d951944b90df6941affe19.jpg,7.155545293739973,33.05807754185168,77.6321200914791,52.6826053595277,26.71984580377525,-0.3282316560402503,3.592572112863819,2.6062698676700062,6.356347140565685,18.59713281529717,3.384277680251653,13.421614278213596,12.579465491946051,13.782941633432635,25.938327238703856,0.3262071679161861,0.1962236079072152,0.0702003636421889,0.3579307437844419,0.04943811674996796,#171510,#5a4b38,#cebda8,#917966,#613217
10203536651922302,,,Uploaded by user,abby,"Sat, 13 Dec 2025 04:32:36 +0000",https://i.pinimg.com/originals/e8/a1/1a/e8a11aa4d5c0239754a2d178357e7896.jpg,messy_girl_,https://i.pinimg.com/originals/e8/a1/1a/e8a11aa4d5c0239754a2d178357e7896.jpg,85.67196302597675,31.00609309829273,46.83120656003586,65.95618266847544,13.139029450220278,2.5353572763223298,13.008809185950707,13.696975080254152,13.084407687101335,6.718055685551768,56.99203554904269,34.55341802597815,49.576939186730016,58.16133354740931,9.431593256373446,0.13600299850074962,0.2196911544227886,0.234215892053973,0.35488755622188906,0.0552023988005997,#fad167,#67400f,#976412,#cf9531,#2e1e15
147352219053379937,,,Uploaded by user,Pretty Things,"Wed, 24 Dec 2025 12:08:52 +0000",https://i.pinimg.com/originals/7d/70/b2/7d70b2868c51e92169fd46a5e5ff746a.jpg,messy_girl_,https://i.pinimg.com/originals/7d/70/b2/7d70b2868c51e92169fd46a5e5ff746a.jpg,69.37971697250222,27.624716463669447,43.06598025645669,4.6667672502926365,58.35129679195637,2.8148807550229904,6.0136941676196605,4.927800773758412,2.0945537169727735,2.611803727333283,14.493306324422559,15.81013838027344,16.426548943632834,4.295480312962484,15.347391951310701,0.25795573122529647,0.1132300395256917,0.26008853754940714,0.1682624505928854,0.20046324110671937,#b8a68f,#513d29,#77624a,#160e06,#9b8971
9781324186551967,,,Uploaded by user,living life ☀️,"Mon, 14 Jul 2025 23:08:13 +0000",https://i.pinimg.com/originals/3b/30/91/3b30918256090b25a4aa95c6c2fe65d0.jpg,messy_girl_,https://i.pinimg.com/originals/3b/30/91/3b30918256090b25a4aa95c6c2fe65d0.jpg,57.09526536607218,38.586358181248265,85.41735564268126,15.317264622070326,27.894996388123687,18.967913285254838,51.15902292627874,1.4820413518507074,10.263850529417379,30.94029715681834,17.873073663002177,28.627647514689624,6.880077993271891,6.421694436028787,18.603853000043458,0.41236151603498544,0.1755328798185941,0.16852607709750567,0.08690962099125364,0.15666990605766115,#b27c6a,#a92a2f,#ddd4c8,#36201d,#712a26
7670261862315280,,,Uploaded by user,Hairstyles 💇🏼‍♀️,"Thu, 11 Dec 2025 13:06:03 +0000",https://i.pinimg.com/originals/4f/76/7a/4f767ad78391285b1182e7c328921aab.jpg,messy_girl_,https://i.pinimg.com/originals/4f/76/7a/4f767ad78391285b1182e7c328921aab.jpg,80.16913822388898,26.56132553034881,52.194693302437,50.70755074090453,76.0070127142923,3.6916461800015936,5.945304291804745,0.10664546311735901,10.092586788540931,-0.8053262821549154,17.320279560198692,8.199602096502407,0.4374970357651975,23.565324369379013,3.8465860677648127,0.23835655996543012,0.19990484975402206,0.15147379005451403,0.29949474803882464,0.11077005218720914,#dac3a6,#4c3b32,#7d7c7b,#967151,#bcbbb4
43417583905432169,Messy girl,Messy girl | #messy #girl #messygirl #bossy #bossygirl #blonde #coffee #trend #smart #fyp #idea #inspo #motivation,Uploaded by user,me core!!!,"Wed, 07 Jan 2026 18:16:47 +0000",https://i.pinimg.com/originals/5f/e0/88/5fe088f8352aa14cc9d268c16c846c65.jpg,messy_girl_,https://i.pinimg.com/originals/5f/e0/88/5fe088f8352aa14cc9d268c16c846c65.jpg,4.995183611160137,83.59974281339714,19.683647401153976,63.343339425903785,42.52733559140882,-1.3812183813794787,-0.892505622695702,15.138692271497645,6.745745872033027,9.34835119392191,1.933389003678176,9.95575155491602,21.480625856369972,22.668115063679316,20.61312818325736,0.2637135317388005,0.28238020997542346,0.171673083171595,0.16840071386630337,0.11383246124787763,#0f110d,#d6d0bd,#4a2610,#b39471,#7e5d42
46795283622513860,,,Uploaded by user,fashion,"Wed, 05 Feb 2025 16:49:54 +0000",https://i.pinimg.com/originals/34/36/06/34360673d31e425e9a48e824a170f8fc.jpg,messy_girl_,https://i.pinimg.com/originals/34/36/06/34360673d31e425e9a48e824a170f8fc.jpg,31.080884924185323,9.398757749561035,85.45229870105607,57.91757070454949,66.03638501856092,9.762081760829425,3.5797546046856574,0.1427167824232516,15.706061318958959,-0.3559159260737683,17.069055402538126,-10.215228944857788,3.742760187902883,29.003978114089783,15.9465435807414,0.2454276467868701,0.14123555247341654,0.2316123439667129,0.23670134073046695,0.1450231160425335,#5f422e,#171927,#d8d5ce,#b47f59,#ab9f84
5840674507985594,,,Uploaded by user,Pics pa' mi feed en insta,"Sat, 16 Jul 2022 06:01:00 +0000",https://i.pinimg.com/originals/45/f0/a7/45f0a7400e9347673f04b3cff294a5ee.jpg,messy_girl_,https://i.pinimg.com/originals/45/f0/a7/45f0a7400e9347673f04b3cff294a5ee.jpg,21.775486886863398,76.3150334684045,55.71495984999633,8.70680459411992,38.73379607968759,3.749147564609246,1.6915355586814969,2.6122078456348086,3.701095178866037,3.636487094609396,-0.22530140381701247,3.9432525291266254,5.290296956288714,-1.1607260681805067,3.9158859762822242,0.17221917519833355,0.16484537738775873,0.11851260913885565,0.4063400257058015,0.13808281256925053,#393234,#c2bab5,#8e837c,#1d171a,#635955
9359111722221297,,,Uploaded by user,"Hair, Makeup inspo✨️","Tue, 06 Jan 2026 05:41:44 +0000",https://i.pinimg.com/originals/b7/56/77/b756774b79054de49c956fa2c2607b6a.jpg,messy_girl_,https://i.pinimg.com/originals/b7/56/77/b756774b79054de49c956fa2c2607b6a.jpg,56.82224897674145,3.503510853428093,37.044302899570575,17.744285342212468,74.32925640948268,14.466746019705354,3.339358836341834,10.719689391993372,6.76169211513974,14.111484562669393,21.560092056788612,2.338429228887195,17.779240659804085,11.55808173653228,21.722600749545787,0.18961982904178978,0.26154759392148585,0.19272899957788095,0.20196285352469395,0.15414072393414943,#ac7e63,#140907,#70503b,#39271b,#ddac8f
15551561209969020,,,Uploaded by user,Meus Pins salvos,"Wed, 12 Nov 2025 23:50:04 +0000",https://i.pinimg.com/originals/dc/b2/ea/dcb2eaa5afbf42ed14fb519cc2e592ce.jpg,messy_girl_,https://i.pinimg.com/originals/dc/b2/ea/dcb2eaa5afbf42ed14fb519cc2e592ce.jpg,36.858612110793004,4.653361240495428,78.73283558463223,18.23968380729773,56.97911135544334,24.024939863887298,0.7958081221811142,8.177079447875048,12.58035680637536,25.982363751135505,45.27909051190046,3.8583363573145846,61.69398636892435,24.153833513050518,60.77294177094681,0.1514638888888889,0.4603148148148148,0.10801944444444445,0.1765611111111111,0.10364074074074074,#864504,#140f07,#f0ba4b,#442406,#c77410
8866530511786426,,,Uploaded by user,Sof<3,"Thu, 30 Oct 2025 17:28:20 +0000",https://i.pinimg.com/originals/f9/4f/41/f94f41f2e3335b4123ff5d8ba2ceb8f7.jpg,messy_girl_,https://i.pinimg.com/originals/f9/4f/41/f94f41f2e3335b4123ff5d8ba2ceb8f7.jpg,3.1497463594946904,50.15776807388569,24.191279663133955,11.95570167632046,38.932032659528446,2.6168159103964213,22.373667707888696,14.801239020444605,8.715715887474277,13.718099670203273,3.0690202132760707,31.397944850368194,26.440508252962452,13.196706733408405,20.538711329280645,0.43518487394957983,0.09400140056022409,0.13798039215686275,0.28290056022408966,0.0499327731092437,#130904,#a86742,#562f11,#2f1a0b,#7a523a
20195898327256125,,desiree,Uploaded by user,this is so girl aesthetic,"Mon, 05 Jan 2026 00:31:31 +0000",https://i.pinimg.com/originals/e4/f9/fc/e4f9fc392fa8191cd2e418ce8c1bc936.jpg,messy_girl_,https://i.pinimg.com/originals/e4/f9/fc/e4f9fc392fa8191cd2e418ce8c1bc936.jpg,34.107937179524235,92.04708684558207,53.22590243619155,72.7137354919846,23.323572293130724,8.27220442393978,-0.053165855459953004,3.3141242022711843,7.154245969457623,2.828343852367568,18.140378105812477,1.402456914131391,19.705464074505866,23.679140407394364,-1.1571801859469657,0.06493531427221172,0.5406353379017014,0.11680352079395086,0.08427309782608695,0.19335272920604915,#654a33,#e9e8e5,#907c5d,#ceac87,#3b3639
14918242511227699,,,Uploaded by user,Spring is springing,"Wed, 30 Apr 2025 20:33:47 +0000",https://i.pinimg.com/originals/dd/c5/a4/ddc5a45932497a829422eaae1e28d681.jpg,messy_girl_,https://i.pinimg.com/originals/dd/c5/a4/ddc5a45932497a829422eaae1e28d681.jpg,67.35066567513663,32.9700290610972,87.00334338543644,50.80574873436666,9.088956833599909,-0.001763971594812147,-0.12496010345805997,-0.0021798862723310664,-0.0014244222810609816,-0.0016546347620878601,0.003343670265985574,0.13980251351624406,0.004132051181411772,0.002709075703957224,0.0033205434826271696,0.24060369352427793,0.27963402285548966,0.1847094845460244,0.2624842084960702,0.03256859057813781,#a3a3a3,#4d4d4d,#d9d9d9,#787878,#191919
299419075249801095,,,Uploaded by user,Me😝,"Sun, 07 Dec 2025 02:45:54 +0000",https://i.pinimg.com/originals/a6/58/ba/a658ba551d62d35ef9c0dc80a419b879.jpg,messy_girl_,https://i.pinimg.com/originals/a6/58/ba/a658ba551d62d35ef9c0dc80a419b879.jpg,31.465092036978174,51.56246588632143,28.34332678574936,96.35948414883264,8.184191197095618,-0.1405728704226128,12.767903360590573,9.665407165704002,-0.6753237079068439,6.132981132942249,3.483131118226102,25.09943482612436,19.707637848957674,7.562236485529253,6.9275246002318775,0.4604622577846332,0.16420032777402874,0.22984099344451941,0.014355176901571388,0.13114124409524727,#4c4944,#9c7150,#593c24,#f9f4e5,#22140d
84512930503343936,messy bag,messy girl,Uploaded by user,Messy GIRL,"Tue, 13 May 2025 22:58:59 +0000",https://i.pinimg.com/originals/6a/a8/67/6aa867abae28146b54cde79da15b6cbc.jpg,messy_girl_,https://i.pinimg.com/originals/6a/a8/67/6aa867abae28146b54cde79da15b6cbc.jpg,55.7654305715034,73.5927735994649,5.710912140542085,29.75400234740252,87.88846218859307,-1.1534752392313237,-1.44003905433942,0.11487840054382392,-0.5996148820849545,-1.664004499610892,4.808852659196312,1.4345676578108142,0.4105075507145253,3.768486126530324,-0.8636119298033097,0.1037611735870819,0.20119715574138153,0.14715143614635395,0.10102534682173522,0.4468648877034474,#87857d,#b3b5b2,#131211,#474640,#d8dddd
10696117858212315,messy curly ponytail,,fixmycurls.com,s t y l e,"Fri, 20 Oct 2023 15:17:24 +0000",https://i.pinimg.com/originals/6a/21/47/6a2147d8550c44b1dc2af59bd84101db.jpg,messy_girl_,https://i.pinimg.com/originals/6a/21/47/6a2147d8550c44b1dc2af59bd84101db.jpg,22.28880434629483,94.06438164568681,49.59482599450983,76.49398030827643,76.46087252299652,7.743666411392731,0.00162844543759455,14.584142494223277,3.1983966880339505,1.3171309532240587,7.515242723545112,4.854532509269963,16.952028841590607,26.54484056876229,7.60610039298774,0.15019012345679011,0.43895555555555554,0.06594691358024692,0.2743555555555556,0.07055185185185185,#44302a,#f2ede4,#966c59,#d4b98b,#c5bbae
774124931434584,,,Uploaded by user,Hair styles,"Tue, 20 Jan 2026 17:57:56 +0000",https://i.pinimg.com/originals/fa/f2/13/faf213b0eb8c98cc9e0fcf8cc749e72b.jpg,messy_girl_,https://i.pinimg.com/originals/fa/f2/13/faf213b0eb8c98cc9e0fcf8cc749e72b.jpg,78.59969477038733,10.064953143572527,53.098077487665364,31.007450213819013,58.61423011375641,2.2161531114395285,1.3654702530592808,3.9015855326402753,7.2512771007989905,8.601144312506602,11.82760660555705,-1.3610213992365043,9.519527148268327,18.311537419654726,33.033155443122254,0.13098283179012346,0.2606336805555556,0.19715181327160494,0.24059702932098764,0.1706346450617284,#cfc0ac,#1c1b1d,#8c7b6e,#5c442c,#ad8653
19421842139932043,,,Uploaded by user,2026,"Sat, 03 Jan 2026 15:57:09 +0000",https://i.pinimg.com/originals/84/a3/43/84a3432aa020680d11809d6d830d4122.jpg,messy_girl_,https://i.pinimg.com/originals/84/a3/43/84a3432aa020680d11809d6d830d4122.jpg,23.83029572793065,69.81721020173435,61.19096071917579,45.3296333145633,6.407222430338017,3.9924189734119553,-1.8797857028556944,-1.7982066289105283,3.411344537496878,2.5711650603381275,1.3926039510329504,-9.32853796287259,-9.999961658923533,1.9009045192775584,-0.3730060929497627,0.1966111111111111,0.1778675925925926,0.2557685185185185,0.12529351851851853,0.24445925925925927,#3f3636,#9dacbb,#8695a5,#726968,#171214
113715959336793672,,Messy sexy,modelinia.com,Your Pinterest Likes,"Mon, 21 Apr 2025 02:35:36 +0000",https://i.pinimg.com/originals/ad/ad/b2/adadb2a0ce6c5935526e7e8bf2975407.jpg,messy_girl_,https://i.pinimg.com/originals/ad/ad/b2/adadb2a0ce6c5935526e7e8bf2975407.jpg,89.35562085723222,53.98363801101652,10.297466184163497,40.410659898659205,75.79859136807582,-3.426658515177407,5.3059177659045575,4.105477624228157,23.981200829580278,6.080185431264576,-0.960773702879731,15.849109060725471,6.458754099677919,33.063947180760614,18.479866264043554,0.30844325210522394,0.22481426400593577,0.14912988397372964,0.12177736305109238,0.19583523686401824,#d8e2e2,#947d66,#241913,#8f4e29,#d2b599
67202219435873491,,,pbs.twimg.com,Frozen Charlotte,"Sat, 20 Sep 2025 04:15:25 +0000",https://i.pinimg.com/originals/49/5c/85/495c85c59e1904d6efc9eef25bd64d6e.jpg,messy_girl_,https://i.pinimg.com/originals/49/5c/85/495c85c59e1904d6efc9eef25bd64d6e.jpg,25.56966138845037,12.27130220137889,65.1335305306008,44.675004738973726,3.901915201233349,7.636962119419482,2.5143997110542937,6.670437238109325,7.743726979312626,1.5075225393487606,5.386717981434708,-2.387709162003768,15.197033493022243,15.013417324870588,1.4270814378170937,0.12623224728487886,0.34322890559732666,0.09530910609857979,0.10110275689223058,0.3341269841269841,#4a3834,#221f23,#b49983,#7f6451,#110c0a
15058980000393146,"Braid, Gold Hoops, White Tank on a Deck","laid back summer, coastal beauty, simple outfit inspo, porch aesthetic",amazon.com,Reagan- hair styles,"Wed, 24 Dec 2025 02:21:49 +0000",https://i.pinimg.com/originals/ff/7d/f2/ff7df2bcc771881bdf701baa915c7f5c.jpg,messy_girl_,https://i.pinimg.com/originals/ff/7d/f2/ff7df2bcc771881bdf701baa915c7f5c.jpg,14.009325467210132,48.24503886763827,30.211639227513892,21.424787466326343,69.99613964491292,-5.833080304719808,-1.1908445664422467,-4.847844924964491,6.532027617516851,2.1418112604109503,3.1999325664277642,5.504642931246586,3.7942493803872024,9.40275170573097,7.142770214885365,0.27982358579282407,0.17511890552662038,0.28334327980324076,0.18201587818287038,0.07969835069444445,#1c251f,#747269,#414941,#412f25,#b4a99e
3729612269012350,,,Uploaded by user,hair.,"Wed, 08 Oct 2025 05:20:10 +0000",https://i.pinimg.com/originals/55/88/5f/55885fb04cb05339d62d924d0c7579f5.jpg,messy_girl_,https://i.pinimg.com/originals/55/88/5f/55885fb04cb05339d62d924d0c7579f5.jpg,16.742567324771635,64.96634907736131,51.211854617847095,85.89852165306542,36.6011692492486,4.955256875936383,11.843775747531723,-1.9107931279856425,0.18009539728067914,22.031145994919157,6.82262601144804,20.009549295281968,3.783090159828922,2.2682296897277556,19.852640953572433,0.19053456790123457,0.19408395061728395,0.13577777777777778,0.2590469135802469,0.2205567901234568,#33261f,#be957a,#797a73,#d9d6d2,#7e4737
122863896087886877,,,Uploaded by user,My aesthetic,"Sun, 09 Feb 2025 07:31:44 +0000",https://i.pinimg.com/originals/c4/02/cd/c402cdf34461608e6af72711d9df3bcf.jpg,messy_girl_,https://i.pinimg.com/originals/c4/02/cd/c402cdf34461608e6af72711d9df3bcf.jpg,28.585583246001487,2.396171011003915,15.577643339271084,82.6427116336632,46.57120473497818,1.4637595086863648,0.37653132081348883,2.444120097125979,0.4686761121680091,5.126964032728785,23.609748414804812,2.258412404927155,12.662114997882108,5.132061341664455,10.768255410393627,0.22396315586419754,0.43484278549382716,0.21076340663580248,0.049716917438271606,0.08071373456790124,#50411e,#0c0803,#302515,#d2cdc4,#7d6a5c
104990235057641643,,,Uploaded by user,2026 VISION BOARD,"Mon, 05 Jan 2026 19:31:55 +0000",https://i.pinimg.com/originals/f0/fa/db/f0fadbe289b2d34ceda5903f12d6594e.jpg,messy_girl_,https://i.pinimg.com/originals/f0/fa/db/f0fadbe289b2d34ceda5903f12d6594e.jpg,2.861294339454023,37.250928628571586,24.603001514000944,49.53926704940113,20.51138731533051,0.8729413379238959,17.418232190036804,-0.576760277241152,4.64481791886574,11.486438809439212,0.9414881443081846,18.78202249911318,1.744130054335427,9.42178032843552,10.719044184715209,0.37340381426202324,0.11223491130207548,0.10333371023669531,0.25719320066334994,0.15383436353585608,#0d0908,#7a4c3a,#3a3a37,#837266,#452a22
4996249583577475,Messy girl aesthetic,Be yourself <333    #messy #aesthetic #girl,Uploaded by user,party,"Mon, 29 Dec 2025 08:20:53 +0000",https://i.pinimg.com/originals/73/5a/4f/735a4ff698416fe53ae673b5d0b6a790.jpg,messy_girl_,https://i.pinimg.com/originals/73/5a/4f/735a4ff698416fe53ae673b5d0b6a790.jpg,23.08552518514416,41.895874397000476,3.723284218309189,69.88183856754176,51.95290787936194,2.286146495275476,-0.11702073195437124,2.636439159843629,-0.49042823973321625,7.174023775062536,12.164797007670522,11.516238826618842,3.1587494066172246,9.815578603043804,35.996937366201436,0.2844960455246914,0.2936347415123457,0.24608265817901234,0.10694396219135803,0.0688425925925926,#403525,#6a6250,#140b06,#b1aa99,#99753d
9851692931545728,,,Uploaded by user,Snel bewaren,"Sun, 08 Dec 2024 20:23:24 +0000",https://i.pinimg.com/originals/91/9e/26/919e265dcaca010a668e9262a38b885e.jpg,messy_girl_,https://i.pinimg.com/originals/91/9e/26/919e265dcaca010a668e9262a38b885e.jpg,58.41730263791342,14.8082844917081,34.47374588478514,58.00037070077114,5.173503280133817,20.703074709904808,4.119459412023929,6.527182550968309,4.587803654031716,0.25221111517969064,31.083507280447257,13.044577708915543,10.77105885746792,5.290839120767702,1.9273318772463357,0.05534910836762689,0.3865480109739369,0.13319753086419753,0.05501508916323731,0.3698902606310014,#bd7d56,#302212,#614c40,#978882,#13110d
15621929952356367,,,Uploaded by user,me,"Wed, 24 Dec 2025 19:49:22 +0000",https://i.pinimg.com/originals/0e/78/e0/0e78e018c997b5e2abab17e4b1dfa1aa.jpg,messy_girl_,https://i.pinimg.com/originals/0e/78/e0/0e78e018c997b5e2abab17e4b1dfa1aa.jpg,10.114430412495658,71.89462089804448,28.7719656761332,43.256097953752935,60.445334664338574,2.7279924122855927,0.15674753609444902,4.912233732888935,4.412149640829147,4.441096783237141,4.431815874054371,5.845012920411218,10.612092417537069,6.1107664943899405,13.709432833450471,0.15597125729924985,0.1764996472721766,0.2791803787299582,0.18788666171739668,0.20046205498121863,#211a15,#b5afa5,#514033,#71635c,#a28e79
33143747255770805,,,Uploaded by user,Two Thousand and Twenty Six 🥂,"Thu, 01 Jan 2026 05:42:01 +0000",https://i.pinimg.com/originals/5e/96/8d/5e968d86367a9345849fbac2393171d1.jpg,messy_girl_,https://i.pinimg.com/originals/5e/96/8d/5e968d86367a9345849fbac2393171d1.jpg,63.15520917813382,11.567960494485277,78.3226632621053,32.82704150997127,39.029734023613194,7.55758123731056,3.2159592362038345,1.0624297015568591,12.063597212510894,-2.4773016520164077,18.383751804773013,7.171554317581624,6.463594928628373,17.622488350556928,-5.812209830477588,0.23448822463768115,0.17213837035286705,0.35789815689981097,0.11263636184625078,0.12283888626339004,#b19378,#261c14,#c8c0b5,#674531,#525d65
5770305769097025,tired girl makeup,,instagram.com,Makeup,"Fri, 18 Jul 2025 00:28:49 +0000",https://i.pinimg.com/originals/78/e3/21/78e3212313f4bd0e01e706a1258d8161.jpg,messy_girl_,https://i.pinimg.com/originals/78/e3/21/78e3212313f4bd0e01e706a1258d8161.jpg,61.01378961704519,2.755601857954119,92.68801845757564,26.19057565480777,44.52128164976808,-0.8316665926265402,0.4095822538744549,-8.988386594479746,-1.4105444303091426,0.1906712160705133,3.128658363847426,-1.4679104689899019,-1.9452579628838773,8.20145665542956,8.341289562906354,0.16084104938271604,0.2520857445987654,0.12693383487654322,0.20268856095679014,0.2574508101851852,#94938d,#09090d,#d5efed,#403e31,#6f685b
26810560281794148,,,Uploaded by user,inspo,"Mon, 13 Oct 2025 11:18:26 +0000",https://i.pinimg.com/originals/1e/de/12/1ede121427e15ec22b6bed312149a8f0.jpg,messy_girl_,https://i.pinimg.com/originals/1e/de/12/1ede121427e15ec22b6bed312149a8f0.jpg,42.132964176007235,5.90452979455285,79.98559529690144,25.564571649068853,58.60544796073687,2.0097060679883247,0.13468989397866826,3.676364758960257,1.375306704963936,3.9118705136871514,10.754284478789682,3.926380482175569,13.178523484740214,11.307066291046045,15.226984617106371,0.2725878709522235,0.1594480691943033,0.11031600469045973,0.24001773955921704,0.21763031560379648,#6d6151,#15120b,#d7c3ae,#443b2b,#9d8972
18436679719692423,,,Uploaded by user,Projet 🩷,"Tue, 01 Jul 2025 00:09:04 +0000",https://i.pinimg.com/originals/58/b9/03/58b90390c02ae74d39678775a7fa3d04.jpg,messy_girl_,https://i.pinimg.com/originals/58/b9/03/58b90390c02ae74d39678775a7fa3d04.jpg,6.803833943200825,20.913354328127127,53.44539264261311,1.9768653631017692,37.0013848912396,8.576469110408368,8.251994273483373,5.751495237097681,1.0350672672266539,10.415541627491187,6.858588201472918,17.651478812103647,27.118692974696497,1.6071426060455618,24.564442768896317,0.18781444099378883,0.08634575569358179,0.2815851449275362,0.36781832298136646,0.07643633540372671,#221008,#442d18,#987a51,#0b0603,#724f2f
104708760082325197,Messy,#messy #messygirl,Uploaded by user,amani,"Tue, 11 Feb 2025 19:52:42 +0000",https://i.pinimg.com/originals/5d/25/22/5d2522d246dfb4f7f03f30f2ca2105ba.jpg,messy_girl_,https://i.pinimg.com/originals/5d/25/22/5d2522d246dfb4f7f03f30f2ca2105ba.jpg,62.87393863558268,6.828843328510956,53.354276907136125,32.8004594732582,41.521224658484535,1.9098574840502822,0.47147373640576085,-1.9071058990729974,33.81061590011019,2.5654224834016883,13.244909306576872,4.64269073378337,-6.937490557388433,13.448584201566948,16.780538258924746,0.2518036932910419,0.16200850233884403,0.13496411636550046,0.016641736351403306,0.4345819516532103,#a49680,#18140d,#75808b,#813439,#6f5f46
9218374233071260,,,Uploaded by user,hair,"Sun, 11 Jan 2026 06:16:33 +0000",https://i.pinimg.com/originals/9a/21/81/9a21810aacdc9e6147f838dccbc51069.jpg,messy_girl_,https://i.pinimg.com/originals/9a/21/81/9a21810aacdc9e6147f838dccbc51069.jpg,62.51852931577065,11.485741279117867,86.88532008525473,33.40334635257544,65.301529080143,7.851715150393358,-0.6357843284836203,-5.363889316058192,2.2521934309785543,-2.24457118040205,25.236550047694422,2.0962327636820746,-0.48672989320547977,10.375333982822148,4.580870160079412,0.13120189461219656,0.3617044108940201,0.1305728241563055,0.21320307874481942,0.16331779159265838,#b3916a,#1e1e1b,#cedcda,#584c3e,#9d9f96
114208540546302007,Messy black hair puffy under eyes natural morning face sad girl aesthetic,Sad girl aesthetic messy hair swollen eyes,Uploaded by user,ininissttaaa,"Mon, 21 Apr 2025 04:43:47 +0000",https://i.pinimg.com/originals/2b/14/65/2b14652479c09e1c41a158e12954229d.jpg,messy_girl_,https://i.pinimg.com/originals/2b/14/65/2b14652479c09e1c41a158e12954229d.jpg,67.75379299082253,15.607101139184046,90.47805140209228,31.74815044229643,54.23680753012914,13.473411956135678,0.31303347945032955,-1.8071978402523232,3.9254835919746625,3.4651920891974717,19.153660139267657,2.863132310428255,1.0175731164917652,10.357616630416299,12.695216091588609,0.12348953728264073,0.32437872716669486,0.24591787366210302,0.1410258822076645,0.16518797968089688,#c89b83,#292622,#e0e4e1,#56483a,#907e6c
10344274146528479,,,Uploaded by user,outfit ideas,"Mon, 21 Apr 2025 00:38:23 +0000",https://i.pinimg.com/originals/7d/58/45/7d584576f4c0aab642e1721c4f866f1c.jpg,messy_girl_,https://i.pinimg.com/originals/7d/58/45/7d584576f4c0aab642e1721c4f866f1c.jpg,14.144992188778609,79.41737244480723,47.2109422187102,53.00751591940245,81.20116413988299,4.327430138783821,2.0002171708523946,7.367684638371106,45.01335762755704,2.3615334708878355,6.43346063158807,9.72586258926097,12.42540622437605,38.037129642789274,-16.779077445448408,0.3649156057098765,0.32100887345679013,0.19982011959876544,0.04146267361111111,0.07279272762345679,#2d211b,#d0c2b2,#836b5b,#cf593f,#bdc9e8
2392606048647648,,poppy o’hair • ever after high • aesthetic,Uploaded by user,VISION BROAD  ig,"Thu, 11 Dec 2025 03:11:01 +0000",https://i.pinimg.com/originals/2a/1a/9a/2a1a9a1b3e54244acf3f5650ce1e578f.jpg,messy_girl_,https://i.pinimg.com/originals/2a/1a/9a/2a1a9a1b3e54244acf3f5650ce1e578f.jpg,30.44879984072714,85.52423301609113,66.28089450295082,4.791498986038697,46.267165719014095,11.47979892420661,0.29175641506866246,3.756512361071594,0.9240991248846466,4.404196928095999,13.177351514045164,7.32145036654708,13.876858782358532,1.0231403142515054,5.246833607592334,0.19879594010128013,0.19641824781030623,0.22380445255844617,0.2523077814725464,0.12867357805742105,#5f4033,#dcd5c8,#b19e88,#120f0e,#786a65
211174978514600,,,Uploaded by user,Julyy,"Sun, 27 Jul 2025 09:14:16 +0000",https://i.pinimg.com/originals/76/60/6a/76606a2ccfcde20aa35ba9b20fd6888f.jpg,messy_girl_,https://i.pinimg.com/originals/76/60/6a/76606a2ccfcde20aa35ba9b20fd6888f.jpg,40.26966673347555,8.65169613513023,73.3060714445419,73.35798351084998,69.31685605734158,12.37467473677497,1.4664185992194252,-2.4199294159620712,9.284789312465408,2.7978859074791194,27.524829184375264,2.6475879320681095,-4.1401749406661885,46.428230441160274,22.09739072113654,0.16029631474103587,0.13247147280443444,0.23336274467348,0.14002008271262775,0.333849385068422,#7e5632,#1c1815,#abb5bb,#ddab5e,#bda681
10062799164053512,,,Uploaded by user,hairstyles,"Sat, 20 Dec 2025 21:46:06 +0000",https://i.pinimg.com/originals/cd/56/f3/cd56f3008e1275d315d64f60a59e2f24.jpg,messy_girl_,https://i.pinimg.com/originals/cd/56/f3/cd56f3008e1275d315d64f60a59e2f24.jpg,41.35179640664906,9.404936879463644,59.25482580566205,42.12047995618345,22.84349901384921,9.616277288404953,3.3093533501226315,5.801029363853922,-5.346178335592279,10.913000905595062,19.153512760848244,3.7649081237938384,9.79757209642125,-22.488565971823412,19.127169713903356,0.18697487997256515,0.27106374314128945,0.15093449931412894,0.0887988683127572,0.30222800925925924,#7a5b42,#201815,#9f8a7d,#3b6788,#4d2f1a
226094843789098954,,#messy #aesthetic #fyp,Uploaded by user,☆ Fits and makeup°・,"Sun, 19 Oct 2025 04:28:58 +0000",https://i.pinimg.com/originals/17/e9/ed/17e9ed0c2b83e70e6dc6d6e98441cc64.jpg,messy_girl_,https://i.pinimg.com/originals/17/e9/ed/17e9ed0c2b83e70e6dc6d6e98441cc64.jpg,16.073758016696164,43.42692179495096,93.93791664922131,30.815761319215895,67.71064135336427,2.1994344407806232,0.3438631314237188,1.434797849917097,4.048336991196607,2.788702054771932,5.37323253301549,5.209392501371424,2.5787390509083847,7.860824256652913,2.58818422268593,0.37456096613481993,0.17001774157375368,0.05207582420222991,0.366186783128284,0.03715868496091247,#2e2620,#6a665e,#f2ece8,#53453c,#aca3a0
35536284555150517,Clean girl 🥰,#cleangirl #messy #trendy,Uploaded by user,stick together,"Mon, 17 Feb 2025 20:16:43 +0000",https://i.pinimg.com/originals/86/38/23/863823e9dd4fc62e577d30ca7a98a908.jpg,messy_girl_,https://i.pinimg.com/originals/86/38/23/863823e9dd4fc62e577d30ca7a98a908.jpg,14.818694340190099,64.77948577741492,81.04423894419367,43.52369334021836,54.086338017197825,4.651590130121401,9.555215745666823,6.423344983541302,8.389476009665684,16.212719655666955,-0.2604994160560068,34.45252088590413,-1.7270388484913566,16.31370844841632,-20.77932461686833,0.26344685137126744,0.24191917371523772,0.10237148372420864,0.201443955850314,0.1908185353389722,#2b2325,#c0955f,#d4c5cc,#7d614c,#8c79a5
46021227436817703,🎀,,Uploaded by user,the art of girl mess,"Thu, 07 Mar 2024 02:25:14 +0000",https://i.pinimg.com/originals/75/3d/7f/753d7f5e15e2fe475806f479231dc63c.jpg,messy_girl_,https://i.pinimg.com/originals/75/3d/7f/753d7f5e15e2fe475806f479231dc63c.jpg,78.25089792854017,33.03479711461827,9.065156686652472,56.11994499685766,49.815828154121256,-0.049916943753453236,7.648319132532905,1.0428922575646258,7.705052791841099,0.5181147652763731,12.525390095873771,20.731040207915477,4.779964577764295,25.323069136912693,9.805021274229826,0.2487175925925926,0.1839398148148148,0.17171296296296296,0.22960277777777777,0.16602685185185184,#cbc0aa,#63482d,#1d1812,#a2805a,#7e7565
328410997841773915,,,Uploaded by user,Manifesting my life,"Mon, 04 Sep 2023 22:33:19 +0000",https://i.pinimg.com/originals/43/76/79/4376798f923017e25b64b71e3b5193b2.jpg,messy_girl_,https://i.pinimg.com/originals/43/76/79/4376798f923017e25b64b71e3b5193b2.jpg,54.76701121865258,37.0952796670732,66.66960106240295,51.622176635471824,80.46011473267079,-5.5266383460470925,-1.9067204495801406,1.7983816438956692,5.351101945777983,0.4468481538155369,4.729442339509596,5.7057272814487625,15.218459732943423,18.656030343190256,7.105068181739006,0.5466831646437005,0.18302061374220382,0.12915922875594488,0.08785972936916334,0.05327726348898753,#7c857a,#58574e,#b0a087,#8f765b,#cec6ba
4785143349090154,,,Uploaded by user,RED.,"Sat, 16 Sep 2023 14:22:13 +0000",https://i.pinimg.com/originals/82/c7/6a/82c76a7722e150a5438afa34ff1bc16c.jpg,messy_girl_,https://i.pinimg.com/originals/82/c7/6a/82c76a7722e150a5438afa34ff1bc16c.jpg,41.64528558284182,3.3262209690388183,36.83438300289598,81.05884323960036,25.824140516835712,57.483662258550524,3.09948099191552,8.146986450176401,4.777118887796165,22.926903353661174,42.28328972393993,1.9977522834408052,2.53130951560326,3.94307144689477,21.831446132004565,0.08030740740740741,0.4476583333333333,0.11744444444444445,0.05433611111111111,0.3002537037037037,#bc261f,#130907,#655252,#d5c6c2,#632d1c
4925880837096128,,,Uploaded by user,девушки,"Tue, 07 Jan 2025 00:41:56 +0000",https://i.pinimg.com/originals/0c/3c/2c/0c3c2c217868ba5a25639df68f3ad996.jpg,messy_girl_,https://i.pinimg.com/originals/0c/3c/2c/0c3c2c217868ba5a25639df68f3ad996.jpg,80.44228266602755,48.23294914876643,9.63576546868299,29.094750364209556,64.29653271591397,0.1856548998073304,8.020859975619544,4.52152631427902,11.890952689771137,7.4282601253058145,15.967229050304573,20.64193536493317,-5.450003183163819,11.246623485657434,30.812110004668988,0.35502189381499727,0.19606888732504496,0.17918523731331612,0.13005317069356478,0.13967081085307687,#d4c6a9,#8b6c50,#1d1922,#5b3d33,#ba9565
4362930881617412,🚬,,instagram.com,,"Mon, 12 Jun 2023 16:19:10 +0000",https://i.pinimg.com/originals/6a/9a/6c/6a9a6c25432fc6ba9785ee9b072ca64e.jpg,messy_girl_,https://i.pinimg.com/originals/6a/9a/6c/6a9a6c25432fc6ba9785ee9b072ca64e.jpg,66.18760574837853,7.0771686456158776,30.49926201758258,18.554392806458353,33.454590154322126,3.8396651523545478,0.17156173202086222,4.442011071810257,25.181544556066093,38.138980470200764,17.781826805622167,5.366888518529484,14.46392074436619,20.885977386746035,31.29974406523574,0.13519309908198798,0.37632162076606523,0.22987232246491507,0.13573388203017833,0.12287907565685344,#b39d81,#19150c,#564431,#521b0f,#8b2f1e
44824958788200869,,#messygirl,Uploaded by user,I hate clean girl,"Fri, 12 Dec 2025 16:04:44 +0000",https://i.pinimg.com/originals/33/a9/21/33a9215b702a80e40aa24d319a52bf11.jpg,messy_girl_,https://i.pinimg.com/originals/33/a9/21/33a9215b702a80e40aa24d319a52bf11.jpg,31.09035591037807,7.5927409543523225,51.38370355232411,23.843144018494932,78.09037137575629,11.079085135440742,-0.0714841071886747,7.8563217275094335,2.7451133316103116,6.099589648265347,21.41533933887859,2.746158894581745,17.30796056705259,9.203431199956569,13.016048916808,0.17139491621812122,0.31061520809304116,0.16801430539536075,0.21530781430219145,0.13466775599128541,#624128,#181612,#91745d,#41362b,#d6bca9
65794844551697643,,messy,Uploaded by user,aesthetic girlssss ✨✨✨🎀🎀🎀,"Fri, 09 May 2025 22:35:48 +0000",https://i.pinimg.com/originals/8b/84/c1/8b84c1333d04baa588d70289f953f5bb.jpg,messy_girl_,https://i.pinimg.com/originals/8b/84/c1/8b84c1333d04baa588d70289f953f5bb.jpg,47.562747520939155,4.366816741361653,20.322787013088583,57.998389723741354,34.18857724304723,2.51282645027166,1.4498801953603757,3.135435714404214,2.3937893157436747,4.777009879493213,6.379960215255606,2.068224663932238,6.854278550354682,7.972498595118823,7.321963439379724,0.24958048987568884,0.278333453479431,0.1897272082852749,0.16302373686402666,0.11933511149557863,#796f66,#130e0a,#392f27,#95897d,#5c4d45
7177680650777239,,,Uploaded by user,second 1/2 '24,"Fri, 19 Jul 2024 12:44:58 +0000",https://i.pinimg.com/originals/c0/16/42/c01642e5bf81cb49a6bc6aea59efc406.jpg,messy_girl_,https://i.pinimg.com/originals/c0/16/42/c01642e5bf81cb49a6bc6aea59efc406.jpg,35.62115302882847,81.82399071316942,4.152562600549963,18.90400916217225,59.9963153437443,2.3527060560277295,3.5914634516551156,-0.4512534212393522,2.3467783078213422,6.350478318364846,6.622764249509948,11.826866564295745,1.6984001367544561,6.9258194752773665,16.074164213608057,0.2732123321261506,0.18067423042100497,0.1808793571751924,0.17565687716915648,0.18957720310849555,#5b5249,#dbc8b5,#0f0e0a,#352c24,#a68b74
29906785020013256,vision board,messy girl,Uploaded by user,me me mee,"Tue, 17 Sep 2024 03:06:20 +0000",https://i.pinimg.com/originals/fc/31/e6/fc31e6136ea0b2520887e373ff99040f.jpg,messy_girl_,https://i.pinimg.com/originals/fc/31/e6/fc31e6136ea0b2520887e373ff99040f.jpg,82.1616512914522,5.730914449573373,26.041892055114804,73.35714295206128,49.02820943553058,-10.678161318171501,1.1411864727670271,3.722981284350984,-22.594193964339567,1.7359283554539178,21.58854031504204,1.8743649043599628,11.410491917067734,52.9136387636087,24.27380393300145,0.10226171875,0.2738701171875,0.40094091796875,0.0879599609375,0.13496728515625,#c8d1a3,#15110f,#493b2c,#a9bd4d,#85724b
63894888472975626,,,Uploaded by user,vision board (22),"Sat, 17 May 2025 02:10:44 +0000",https://i.pinimg.com/originals/55/cb/49/55cb49ff43208b32a6ea3964d1d68858.jpg,messy_girl_,https://i.pinimg.com/originals/55/cb/49/55cb49ff43208b32a6ea3964d1d68858.jpg,37.516137170804164,12.42427163958072,74.22938430532297,23.874096443613656,2.232730367559615,0.6726696733378874,3.0296730837792274,1.2590598114420186,3.06127066192517,1.2269045389596849,23.856734109896514,12.824595403543404,19.09528504066398,19.844585560994087,2.296506734814395,0.24841430700447095,0.20032190760059612,0.036336810730253355,0.19588375558867363,0.31904321907600597,#655631,#291e0d,#c6b493,#46361a,#0d0602
1618549859703751,,,Uploaded by user,Groomed,"Thu, 04 Aug 2022 20:48:02 +0000",https://i.pinimg.com/originals/8a/af/6c/8aaf6c89b1ee10f646b06b9074c962dd.jpg,messy_girl_,https://i.pinimg.com/originals/8a/af/6c/8aaf6c89b1ee10f646b06b9074c962dd.jpg,59.072677450755336,38.95645990533157,95.825429748415,17.109779239407803,2.041582798184635,6.168930476261204,5.121958735407086,-0.4577109835496005,7.796129900628544,1.1060207733258975,13.645017247867903,8.477231820320577,3.6114973881148726,10.517411014563834,1.0285180340045565,0.17226666666666668,0.20854197530864196,0.12397530864197531,0.3943938271604938,0.10082222222222222,#a28976,#69584e,#f5f2ec,#39251b,#0b0604
3518505955304922,,,Uploaded by user,2026 aesthetic,"Sat, 03 Jan 2026 17:38:25 +0000",https://i.pinimg.com/originals/ff/6e/17/ff6e17d5e135d047c7acf2311b6af3ff.jpg,messy_girl_,https://i.pinimg.com/originals/ff/6e/17/ff6e17d5e135d047c7acf2311b6af3ff.jpg,21.653588465161477,60.37160813337516,5.729344793308833,45.85927606520835,34.78490135380101,8.65494985846905,10.19991515779894,3.938760749099769,12.46078534310966,8.613221297352789,17.86738424315303,24.255203512037074,5.229714001473454,25.515089156732316,21.24594175798755,0.16550008816623513,0.07538491522120444,0.18065725608115005,0.25304637543967107,0.3254113650917393,#472e19,#b18a67,#1b1008,#8c6342,#694c30
41799102783073376,,,Uploaded by user,Inspiration illustration,"Fri, 10 Feb 2023 13:28:20 +0000",https://i.pinimg.com/originals/78/f2/f6/78f2f67d0b9f02423807b2bb7b22b04f.jpg,messy_girl_,https://i.pinimg.com/originals/78/f2/f6/78f2f67d0b9f02423807b2bb7b22b04f.jpg,68.47872182792418,2.5696418451438134,39.72777317628535,25.168023160387836,59.622376091907874,4.28192434289465,0.6286662243842978,1.00889372738383,23.645695793757895,10.941438521305809,-5.540834478523719,-1.0540419356850923,2.2950651133339406,22.703972479448012,18.02631632700701,0.25345802522836014,0.4200413223140496,0.07473684210526316,0.12152022618529795,0.13024358416702914,#aaa4b1,#09080b,#605c59,#622b1a,#ad8770
4081455905131069,"living in LA: vlog 1. apartment hunting,shopping & shopping haul,PR haul😋 - YouTube",,youtu.be,Covers + Thumbnails,"Fri, 22 Sep 2023 00:22:10 +0000",https://i.pinimg.com/originals/f8/b3/a9/f8b3a988bf2245213a688d6681c47238.jpg,messy_girl_,https://i.pinimg.com/originals/f8/b3/a9/f8b3a988bf2245213a688d6681c47238.jpg,78.66092893279745,11.99450733061662,61.32737469206418,46.54449199127863,27.32928556741492,1.807589999186755,-0.47411809399913896,-0.36959242632565714,6.262345934836546,2.165250828126881,0.1641346187786148,3.9954202551165565,31.725312839362253,16.144266766429585,10.630557418984804,0.147421768707483,0.381562925170068,0.14816326530612245,0.14934183673469387,0.17351020408163265,#c6c1c2,#211f1a,#a6925b,#826953,#493e30
326370304266674261,浮世 - Ukiyo,,Uploaded by user,Keeping up with Josh.p: in Uni! 📚,"Wed, 27 Aug 2025 12:35:30 +0000",https://i.pinimg.com/originals/59/14/7b/59147b00189f4ec07d06facdd2f9bbe0.jpg,messy_girl_,https://i.pinimg.com/originals/59/14/7b/59147b00189f4ec07d06facdd2f9bbe0.jpg,4.470822548843692,42.576911930893125,29.663998085164895,71.1969505727898,26.245171250471106,0.20353003896033628,0.8512999179274884,-2.202955807899717,2.7779820213534454,1.2637269036937822,0.042920700039945636,-4.657338339242504,22.12326919543618,-8.567390522142881,-3.893531833810237,0.2768386476526198,0.24797041072477702,0.045805960583239866,0.0821683223842333,0.3472166586551301,#0f0f0f,#62646c,#4d4522,#abadbd,#3d3d43
43136108927731879,,,amazon.com,2026 tyshi,"Wed, 14 Jan 2026 04:50:20 +0000",https://i.pinimg.com/originals/08/12/45/0812458f57cf0387f713d18db3b990a6.jpg,messy_girl_,https://i.pinimg.com/originals/08/12/45/0812458f57cf0387f713d18db3b990a6.jpg,63.48059598216985,22.85424253290595,91.01374511098273,39.98532284675483,9.851122141823954,2.582216387319659,0.18795110849692775,-0.09006566179609954,2.0386760093418324,-0.6665114561897838,10.003279507113586,4.970873570716906,6.633185259603115,7.895352769798475,2.544012213120586,0.09204095838218054,0.28165665298944903,0.11380238862837046,0.12652220105509965,0.38597779894490036,#a59788,#39362f,#eae4d8,#665c51,#1b1b17
18507048539046973,,,Uploaded by user,vision board,"Fri, 17 Oct 2025 05:13:16 +0000",https://i.pinimg.com/originals/a1/05/8a/a1058ac8632865c502580811b36ad2f8.jpg,messy_girl_,https://i.pinimg.com/originals/a1/05/8a/a1058ac8632865c502580811b36ad2f8.jpg,18.70059580407502,58.60048067183331,42.486880010060645,27.04401018358248,7.177064516242712,4.501327923028043,5.569922014745311,8.044516259784752,9.396105393568146,1.5934824546911015,10.612995844469154,20.455328411218783,20.228662922079184,14.720480990058908,1.3010932059478826,0.23594266813671444,0.25232191649489477,0.13462921240592493,0.24941427783902978,0.12769192512343608,#382a1e,#a38869,#7b5e43,#543a29,#181514
8092474326527694,,,Uploaded by user,pictures i just like,"Thu, 29 May 2025 07:11:02 +0000",https://i.pinimg.com/originals/65/25/64/652564a363abbdd94c59f69d524b75a5.jpg,messy_girl_,https://i.pinimg.com/originals/65/25/64/652564a363abbdd94c59f69d524b75a5.jpg,21.526920654022927,42.973812876308536,29.54849361790246,74.43896507220039,8.709827695727757,29.807207066536662,7.455130807575853,-8.228888815918737,3.5470088769925785,0.6648368047481017,24.525152006370522,16.336346444887305,-7.048699758460036,13.927583544972256,2.537510487894246,0.07768193094280051,0.18967287445548314,0.1976492302579259,0.14107882586143455,0.3939171384823559,#5f1c10,#7a604a,#2e4950,#c7b49d,#1b1815
8092474326908674,,,Uploaded by user,the life i felt promised is the life i will live,"Fri, 26 Sep 2025 18:02:49 +0000",https://i.pinimg.com/originals/eb/ec/e6/ebece628bf3855a92dd57e9bfbbf1842.jpg,messy_girl_,https://i.pinimg.com/originals/eb/ec/e6/ebece628bf3855a92dd57e9bfbbf1842.jpg,12.790100468965601,59.607279961877325,88.06313271500755,38.703155378650415,31.309529063023717,4.882953633210783,1.0144192641667766,-6.29600718500299,7.257394991331484,2.5197930675430347,-0.3414687470779132,-22.73809773409294,-11.13319411776389,-35.796066088070376,-11.239075044658298,0.3003172186270778,0.14898218137654756,0.2130911595700328,0.10434136349629307,0.23326807693004875,#271e21,#7990b7,#c4e1f1,#3a5a95,#44495b
14003448836748628,,,Uploaded by user,Look,"Wed, 25 Dec 2024 00:11:57 +0000",https://i.pinimg.com/originals/04/b7/71/04b771001a5eeeafb51a76129d589f8e.jpg,messy_girl_,https://i.pinimg.com/originals/04/b7/71/04b771001a5eeeafb51a76129d589f8e.jpg,15.731820970200957,29.390014643052957,2.9675008417766193,35.407027984011556,55.357246958943364,7.5045726189823645,3.7116760810978047,2.303664792903983,19.646091254039607,10.12908377608511,11.086561576519605,11.485062237416745,2.2552331704379416,21.57606282068089,17.777739941083134,0.23339873113235912,0.24935917673943112,0.2420319923026039,0.1512869084130134,0.12392319141259246,#362217,#514233,#110805,#794631,#a07d66
8936899258007298,♡,,Uploaded by user,Lara,"Sat, 06 Dec 2025 21:34:56 +0000",https://i.pinimg.com/originals/4b/70/a0/4b70a019927e298350c803f408ad3c74.jpg,messy_girl_,https://i.pinimg.com/originals/4b/70/a0/4b70a019927e298350c803f408ad3c74.jpg,7.7004631071451115,55.19332427420812,70.88470489372975,38.489224056038516,34.43407013221753,2.5050243947213384,7.805597506474371,4.9443368315146365,3.1833153956174414,9.360301604620181,3.605047016301002,24.244709562903786,17.048205933517888,5.048560584234636,21.565602761706067,0.19070387338608913,0.23695497246517655,0.20277106761071775,0.2243213475866537,0.14524873895136287,#1c1511,#9f7e5a,#c2a98e,#635852,#694a2e
281543726561167,,vogue magazine,Uploaded by user,2026,"Tue, 13 Jan 2026 11:52:04 +0000",https://i.pinimg.com/originals/34/91/75/349175d5527d9b5aa26e2ab5ad3fd360.jpg,messy_girl_,https://i.pinimg.com/originals/34/91/75/349175d5527d9b5aa26e2ab5ad3fd360.jpg,66.46089135247567,45.19973473925809,42.390877554788304,55.83636336834893,15.169192523576328,0.9960545073454752,0.8277040137729772,13.582419393078697,1.5038878012410208,4.24689873784642,0.6614243960427442,-5.080379290292328,21.91100084786595,5.192980679948516,3.864678233462379,0.4490606856357754,0.1280636440189691,0.08070596773478704,0.2777777777777778,0.06439192483269068,#a4a0a0,#686a73,#835a40,#8c847c,#2e2320
25543922881085561,,,Uploaded by user,Daisy Jones & The Six,"Tue, 14 Mar 2023 22:49:47 +0000",https://i.pinimg.com/originals/1f/83/06/1f83061682987cbd7069d9c9b5e28412.jpg,messy_girl_,https://i.pinimg.com/originals/1f/83/06/1f83061682987cbd7069d9c9b5e28412.jpg,44.25862670021108,27.792074547108697,87.42761167676436,60.90861485752145,7.689307107643302,1.0595591325050513,4.118171621991097,0.0640546635634065,2.713188692178488,2.741880168498104,3.219049148673646,7.0509101406699175,1.9473879290284954,6.281776354530825,1.9500417871924745,0.28725338564261194,0.20870647704553172,0.08617702164044916,0.22012398304978184,0.19773913262162535,#6c6763,#4c3f37,#dcdad7,#9c9088,#1b1514
230668812560864419,,,Uploaded by user,Hairstyles,"Wed, 14 Jan 2026 05:58:57 +0000",https://i.pinimg.com/originals/ea/be/eb/eabeeb8d1e3e5060291f99d2ab1da5ac.jpg,messy_girl_,https://i.pinimg.com/originals/ea/be/eb/eabeeb8d1e3e5060291f99d2ab1da5ac.jpg,74.32249268697494,33.470834944206686,53.65051833323798,14.632451607675904,95.75900970231373,5.373997139282537,18.298018597171726,17.09781375968983,7.342044985135678,0.5856766987401336,30.69592921101567,20.04425897884995,26.68001215473245,9.861481733970749,3.4960747080108163,0.1988283343100201,0.2269318236802632,0.3298817761003855,0.19264205416041677,0.051716011748914444,#d3b17e,#71422f,#a97453,#322017,#f7f2ec
39969515437806741,,,Uploaded by user,Me core !!!,"Thu, 06 Mar 2025 19:21:57 +0000",https://i.pinimg.com/originals/b1/f7/1d/b1f71d731da32e104e972b8a4511de4a.jpg,messy_girl_,https://i.pinimg.com/originals/b1/f7/1d/b1f71d731da32e104e972b8a4511de4a.jpg,18.976425929503023,69.621469298663,72.99287334688808,52.182852046076654,39.55886153358739,-1.8657605133988113,6.157080293120338,-3.2751752163014705,0.727020475025146,-1.7048986899274294,-10.503505976229958,2.940113195070599,-15.614925383749492,5.503390760249545,-5.721545764898138,0.10188035999202234,0.15350663974205558,0.25899772304214863,0.26593351116872754,0.21968176605504589,#202f3d,#b7a6a4,#9cb6cf,#817b73,#555e66
57983913947696681,,ִ ࣪⭑,Uploaded by user,🥥🌷🐚☆1,"Sun, 16 Mar 2025 07:29:26 +0000",https://i.pinimg.com/originals/b7/32/9b/b7329b4d37d9f494b36f3676d7a5c3e9.jpg,messy_girl_,https://i.pinimg.com/originals/b7/32/9b/b7329b4d37d9f494b36f3676d7a5c3e9.jpg,68.6855958937685,16.170446976997052,50.36977369337959,50.46669969285341,34.01078412213906,-0.4580273668809829,1.0538316772687302,5.8661047953718715,5.594526347126401,5.123988256765498,10.376506101332748,-4.2076179919640255,20.0475476815547,2.030357152872413,8.285224381575038,0.20551897576588934,0.24947073616826704,0.2142238225880201,0.14853223593964335,0.18225422953818016,#aea794,#26272e,#8d7356,#837474,#5d4c43
151715081192794582,girl's gossip session,A little bit messy aesthetic,Uploaded by user,Pins by you,"Thu, 30 Jan 2025 17:38:31 +0000",https://i.pinimg.com/originals/63/85/19/6385199a5f41ee900b7ac5680a5cb502.jpg,messy_girl_,https://i.pinimg.com/originals/63/85/19/6385199a5f41ee900b7ac5680a5cb502.jpg,60.580549501669495,15.044033303762411,2.1395647991885767,37.118595427879995,54.214976722414164,6.102931230395996,6.619258868734997,2.084929108353812,10.086236249798876,13.152363584218588,16.39637834167563,7.63435802422399,0.405833399832888,14.683922180555944,26.27504860259188,0.11615547839506173,0.3717510609567901,0.31165412808641973,0.08966483410493827,0.11077449845679012,#a78d75,#32221b,#0d0606,#6e5040,#a57854
84935142969161821,,"Vol 27. On Substack - “Cue the Messy Girl Aesthetic” ✨ Sooo many different thoughts on this cause this could just make you look lazy and look like you got out of bed… i think it’s finding the balance in effortless taste that really was someone NOT trying that hard…is that even possible? I see some people that want elements of this vibe and then none at all. TBD

#messygirlaesthetic #messygirl #personalstylist",instagram.com,Social,"Tue, 24 Jun 2025 17:28:18 +0000",https://i.pinimg.com/originals/72/59/e1/7259e1b891182192588bf872debede7a.jpg,messy_girl_,https://i.pinimg.com/originals/72/59/e1/7259e1b891182192588bf872debede7a.jpg,21.34520336315342,5.22451300114599,67.41843641114664,27.702945589381258,39.47496122974854,0.6947355332998258,0.34479601979203744,-2.653827170091319,9.351098209062046,-2.189353418643755,13.238024921668035,3.3567467668791173,12.233106571768015,-39.87940674456994,12.933344850990384,0.33704543801706777,0.2514758139546548,0.09372045550866054,0.07271173604371518,0.24504655647590173,#3b321f,#14100a,#a8a48e,#0e407f,#615d47
11047961582445727,Hair styles,"Hair style, messy bun",Uploaded by user,autumn 🍂,"Tue, 11 Nov 2025 19:32:25 +0000",https://i.pinimg.com/originals/5e/b0/3c/5eb03c4ddbc222cfce0ed9e287f4aadf.heic,messy_girl_,https://i.pinimg.com/originals/5e/b0/3c/5eb03c4ddbc222cfce0ed9e287f4aadf.heic,42.18833123818546,10.187698147180512,84.99591030629395,65.71425656467014,23.373943734961745,3.9418376406912023,1.0086047906508182,-0.05772097393898501,1.542638318174466,2.0649911627591475,9.38517502928676,2.7033393805414705,6.605606864345306,8.458698353168359,5.409695179521952,0.1257350588830125,0.24736737899004,0.16166765103313735,0.25727997731482727,0.20794993377898288,#706054,#1e1b18,#d9d3c7,#a89e90,#3e362f
6333255724675987,,..,Uploaded by user,2026 trend forecast,"Mon, 29 Dec 2025 19:18:35 +0000",https://i.pinimg.com/originals/a4/64/74/a46474c90347ec15ae13f09b43e85e59.jpg,messy_girl_,https://i.pinimg.com/originals/a4/64/74/a46474c90347ec15ae13f09b43e85e59.jpg,52.16768165778497,6.811313148285269,75.39902443897336,23.960139701910347,50.468249730107146,14.410045389721152,0.7623135303240862,2.713102383413898,4.901384424100927,1.8625358874500932,24.431212049962213,0.43465756774657827,17.57725379799058,8.579308947101646,10.78342141666236,0.06801042305334151,0.42258430410790926,0.2632740649908032,0.1548068669527897,0.09132434089515634,#a07253,#161414,#cbb699,#44362c,#827665
429812358208622952,,messy hair no makeup its 80°,Uploaded by user,Messy girl,"Tue, 17 Dec 2024 03:27:30 +0000",https://i.pinimg.com/originals/75/01/cc/7501cc30cccfa8c99ef06d2359d8d350.jpg,messy_girl_,https://i.pinimg.com/originals/75/01/cc/7501cc30cccfa8c99ef06d2359d8d350.jpg,32.96064425840825,76.90774087726766,50.97109921095921,62.144433433703064,13.29531919247274,6.904812863279192,0.3968920029630958,6.75775573063832,15.234506695324667,7.167129458566383,9.477167719477247,8.657031109823162,12.841882298899835,18.53597343425366,5.085391371859845,0.09569987104318851,0.32506327694476483,0.14910330962450338,0.3183185753876714,0.11181496699987184,#5d493e,#c5bcad,#8c7463,#bb8b76,#2e1e1b
222294931602068792,,guys be honest Am I chopped ??,instagram.com,Wingerz energy,"Sun, 28 Dec 2025 17:07:06 +0000",https://i.pinimg.com/originals/1b/25/8f/1b258ff182b50ffa365f3ad2098191b8.jpg,messy_girl_,https://i.pinimg.com/originals/1b/25/8f/1b258ff182b50ffa365f3ad2098191b8.jpg,77.0061043121699,35.85286609421633,14.591482779468528,53.575757622277685,80.260902948987,11.58439019270046,5.056884159134084,2.1493946246311717,5.717128519108197,0.8031055390882988,52.36337452105012,16.248285417997934,6.12547704471233,23.495526205069282,4.876179998933729,0.31088144090882747,0.14289362719527038,0.1456772010664812,0.323765794354605,0.07678193647481597,#edb45b,#65503a,#2b231c,#977b57,#ccc6be
775463629624272426,,lizzie young,Uploaded by user,boys of tommen | chloe walsh,"Tue, 15 Apr 2025 20:02:32 +0000",https://i.pinimg.com/originals/48/21/3f/48213f7aa288f1ac5a790d7d464cd764.jpg,messy_girl_,https://i.pinimg.com/originals/48/21/3f/48213f7aa288f1ac5a790d7d464cd764.jpg,59.19534135708652,19.26827225826613,42.22635662659443,84.20951146343026,71.41264497220914,15.595812812725624,9.790104493229958,15.837160686429646,-0.5330675723730138,13.427775373487394,20.757336921979018,14.183852246638518,17.408669057602758,9.609907811264428,22.45071175913742,0.3944222608024691,0.1065186149691358,0.1778438464506173,0.025672260802469135,0.29554301697530866,#b4836a,#41281a,#855947,#d8d1c0,#d4a586
534943262009154729,,#messygirl,Uploaded by user,Dine pins,"Sat, 09 Aug 2025 14:38:07 +0000",https://i.pinimg.com/originals/cc/42/df/cc42dffc042f6307872a17d25602bf4f.heic,messy_girl_,https://i.pinimg.com/originals/cc/42/df/cc42dffc042f6307872a17d25602bf4f.heic,26.436478412884572,73.20823457948539,47.89407594658027,44.811541474668076,4.5791107476176265,11.317437174653659,2.4070499072556797,3.0563953423464945,18.197396996893463,1.801597268512083,14.678428282172662,10.739770007805877,11.417308068844612,24.208686820646346,1.9423891417545587,0.15699872252141597,0.23338310053959854,0.3621118682812631,0.08076902636054421,0.16673728229717813,#553728,#c0b1a0,#7e6f5e,#915d42,#140e0b
626985579415458183,,,Uploaded by user,Pins by you,"Wed, 22 Oct 2025 01:37:16 +0000",https://i.pinimg.com/originals/8c/f8/ca/8cf8ca2f28d6d07e708aa9425a2872e5.jpg,messy_girl_,https://i.pinimg.com/originals/8c/f8/ca/8cf8ca2f28d6d07e708aa9425a2872e5.jpg,87.98110763747616,9.63644169499645,35.65810976612323,46.27871780132891,65.67871996617069,-0.21559746923236411,0.8994804155621238,7.207770727763205,0.647696101102316,1.5748425176429015,8.233785222779042,1.7310718121436732,14.232393133783045,2.705553465426045,7.905441106112902,0.16905761528101323,0.41851106051366643,0.12061568023584844,0.15100631883116977,0.14080932513830213,#e3dccd,#1c1a18,#664f3d,#706d69,#a89e91
15973773674697633,blur aesthetic,,Uploaded by user,wed,"Wed, 03 Sep 2025 01:43:43 +0000",https://i.pinimg.com/originals/6e/62/35/6e623504606a4f1c8e68530e7e6428b9.jpg,messy_girl_,https://i.pinimg.com/originals/6e/62/35/6e623504606a4f1c8e68530e7e6428b9.jpg,4.817087929171787,38.52901674496984,66.16887162892365,20.86470986960782,43.87779203485001,1.7480114719575006,20.825260714576338,-1.2959917227914204,12.23567606489233,61.8339158306744,1.711210853263644,21.411785335311652,-1.4413168081929602,10.811715143777416,28.11131574901088,0.4459786580302275,0.18300116259757515,0.04623609035044013,0.2849111443281847,0.0398729446935725,#140f0d,#834c39,#9da1a3,#472a22,#c6253d
26740191531615990,,,Uploaded by user,li shen | au,"Sat, 05 Apr 2025 10:32:58 +0000",https://i.pinimg.com/originals/96/fc/1a/96fc1aec028b858d3f93dce55c82aa00.jpg,messy_girl_,https://i.pinimg.com/originals/96/fc/1a/96fc1aec028b858d3f93dce55c82aa00.jpg,74.94796513436862,37.52189941429048,3.918562780304285,52.67818967910382,16.459349063985222,5.766939472346358,19.524448666855548,9.016603675217215,5.828552596145693,24.380120359273924,22.24020220273038,25.253958756881,4.728001979387315,19.593429718996322,20.140185561520187,0.41130304783950616,0.17144145447530865,0.11221450617283951,0.1940552662037037,0.11098572530864198,#d2b390,#7f4b30,#1e0603,#93795c,#4c170b
1477812374774872,messy charcoal,,Uploaded by user,Every Breath You Take,"Wed, 12 Nov 2025 14:07:53 +0000",https://i.pinimg.com/originals/8a/c6/62/8ac662560aa3bb62c346aaf39154a4e4.jpg,messy_girl_,https://i.pinimg.com/originals/8a/c6/62/8ac662560aa3bb62c346aaf39154a4e4.jpg,5.780184072252055,43.98669722916119,18.404635726106022,60.58339023852344,30.289480967690853,-0.01138802199410427,3.2418616085103666,1.6509382929497114,-0.5414015464481343,4.411176371009045,2.914279763986094,7.528040402417426,7.0955879801358925,-1.7332475896192898,9.97035400670127,0.25492775765806547,0.22002320054323224,0.16936160781650822,0.11911026859815904,0.236577165384035,#14120d,#72655b,#332b22,#8f9295,#534438
174092341841165836,,#mini anden#ana claudia michels#2000,Uploaded by user,3,"Sat, 10 Jan 2026 10:07:39 +0000",https://i.pinimg.com/originals/c1/d6/f6/c1d6f624da0511ac59fd0a3b5f970fa4.jpg,messy_girl_,https://i.pinimg.com/originals/c1/d6/f6/c1d6f624da0511ac59fd0a3b5f970fa4.jpg,40.89543631551663,82.30377924334003,24.861214283787582,57.376044153601114,56.98650627145107,6.680736823074478,-8.157768633479842,-3.6681264187073532,-7.007932198873271,14.435599634773991,9.500946259571515,-3.8119731804432306,2.7221220575350866,-6.87396793822106,13.839222098297416,0.1943573388203018,0.21270576131687244,0.2599307270233196,0.16628532235939644,0.16672085048010973,#715c51,#b8d1d3,#363c36,#758d95,#a97f71
380624606034809604,Messy girl aesthetic,Messy girl aesthetic #makeup,Uploaded by user,messy aesthetic,"Mon, 15 Dec 2025 19:15:31 +0000",https://i.pinimg.com/originals/a2/f0/1a/a2f01a1d30eb0bfd6ebb2e63d038f4a8.jpg,messy_girl_,https://i.pinimg.com/originals/a2/f0/1a/a2f01a1d30eb0bfd6ebb2e63d038f4a8.jpg,6.296756605556425,85.78579682688829,53.86620504249431,30.296383160099268,27.91554840521776,3.3642894569594275,-0.8861449696002266,3.226473429453193,4.658815715249775,31.124450347683492,3.691046551382783,12.4720406951363,9.53961830852365,11.114043002517466,14.177392983694663,0.26809895833333336,0.161147762345679,0.2617944637345679,0.25039737654320987,0.05856143904320988,#1a120d,#ded6bf,#8d7e70,#544436,#702b2d
2955556000699981,,,instagram.com,makeup/nails/hair,"Sun, 17 Mar 2024 00:02:06 +0000",https://i.pinimg.com/originals/e4/5a/70/e45a704b6cf9c2cb828c71f8fb7ef51b.jpg,messy_girl_,https://i.pinimg.com/originals/e4/5a/70/e45a704b6cf9c2cb828c71f8fb7ef51b.jpg,29.635545783591684,12.789115774104342,50.80360914502714,41.639335274635144,72.61542810261562,16.894216329999196,5.569230348108203,22.013006023367183,1.7730577809463757,1.0340846864433466,20.583172186715927,5.408877339721114,28.732147881046973,3.2012307227148895,17.808215698381332,0.2210784912109375,0.231396484375,0.2392120361328125,0.1337310791015625,0.1745819091796875,#663a26,#2b1e19,#a86948,#67615d,#c0b091
4433299626424640,🕊,,Uploaded by user,beauty,"Thu, 20 Oct 2022 19:57:48 +0000",https://i.pinimg.com/originals/fa/49/78/fa497870c91e91361e36e0b5288a8d87.jpg,messy_girl_,https://i.pinimg.com/originals/fa/49/78/fa497870c91e91361e36e0b5288a8d87.jpg,39.83637164408887,9.898396130664551,76.32782158456364,24.283258204454036,53.412746942661606,10.203601247741876,3.5855814512443085,1.598765227421242,6.217994794520788,11.024306708956225,19.139232327468292,7.375918111957418,10.37331189907562,13.474945502921887,21.79082182362705,0.2842886556070287,0.15880402907050872,0.10107503270196118,0.22603548339873725,0.22979679922176416,#77573f,#231910,#c7baa9,#493525,#9e775a
37084396931163350,,,Uploaded by user,Hair,"Mon, 01 Dec 2025 14:30:01 +0000",https://i.pinimg.com/originals/f9/26/1a/f9261a95ee2f74b6577363325e75b927.jpg,messy_girl_,https://i.pinimg.com/originals/f9/26/1a/f9261a95ee2f74b6577363325e75b927.jpg,19.244509382509133,62.272753979941896,43.20333960777431,29.07138928085849,89.61585901832754,1.560974292547975,14.53201185372134,10.183348194035577,10.475348027978425,5.498026528635378,9.69036874637603,22.771853715382704,17.654565071776005,19.86326992677167,18.728567769140597,0.21322114386449686,0.12615124438958283,0.2115277321646301,0.4008976667459392,0.048202212835351005,#362d20,#bc8c6e,#7f5f49,#5c3d26,#f9dcbd
2392606048559793,🫧,,Uploaded by user,my future ranch,"Thu, 13 Nov 2025 02:44:24 +0000",https://i.pinimg.com/originals/86/04/74/86047481082d6b72f8342e89a5828e7a.png,messy_girl_,https://i.pinimg.com/originals/86/04/74/86047481082d6b72f8342e89a5828e7a.png,58.17022488656211,21.376041754183767,91.71250866289287,69.06703043162736,45.29088227944574,20.47652877758574,9.875198137382135,-2.1158649874001334,14.039023215062649,17.087227667662006,22.91470588643454,14.952731130266791,10.861006641898237,22.17242645389903,21.6752865155811,0.28593103448275864,0.15804137931034482,0.03229885057471264,0.24523065134099617,0.2784980842911877,#b97d64,#472d1d,#ece7d2,#ce9e81,#905f47
414683078208526098,,,Uploaded by user,bread,"Sun, 05 Jan 2025 22:39:18 +0000",https://i.pinimg.com/originals/50/f7/66/50f7665724239c1a62213a2d8e42abdf.jpg,messy_girl_,https://i.pinimg.com/originals/50/f7/66/50f7665724239c1a62213a2d8e42abdf.jpg,91.38453758130863,7.294622440268967,64.48290737504934,80.17196455296565,38.584374789302494,-1.7792498693665226,-5.5665510203505,4.253305392610436,0.42863252290542464,-2.65597676866655,4.470239962647335,0.08903803797848996,12.620946530811613,-15.478207740804026,2.9681928935714064,0.1247608024691358,0.40529706790123454,0.2022680362654321,0.2034109760802469,0.06426311728395062,#e6e7dd,#0c1815,#ac9986,#b8c7e3,#585b55
6825836930019742,,,Uploaded by user,O,"Tue, 25 Nov 2025 19:12:22 +0000",https://i.pinimg.com/originals/fa/a6/a5/faa6a58555d6e37d0c1296e186888e5a.jpg,messy_girl_,https://i.pinimg.com/originals/fa/a6/a5/faa6a58555d6e37d0c1296e186888e5a.jpg,32.6669258519211,3.5543655273148573,75.50293995067962,52.91377841628494,20.92428122317741,24.95135457203433,3.8174224696337933,-1.3771884857001764,12.513460841120985,7.076341224968704,34.50169690440857,3.766848720348978,39.34885968677528,39.79710053886885,19.200797004630957,0.11800704656862746,0.40163526348039214,0.13141467524509803,0.10900352328431373,0.23993949142156862,#7a3b15,#160903,#cfb870,#a47438,#432d15
38773246788047793,,#makeup #messy #aesthetic #tumblr,Uploaded by user,Spotify playlists,"Sat, 17 May 2025 02:51:38 +0000",https://i.pinimg.com/originals/64/2d/ec/642dec4e49e57e2088e3d04efd921d55.jpg,messy_girl_,https://i.pinimg.com/originals/64/2d/ec/642dec4e49e57e2088e3d04efd921d55.jpg,2.05118814402676,41.54779252611063,13.319935412835164,26.407948183247658,63.856189698654504,1.4543853242656828,4.728448446091727,4.713943717870866,5.769710687472563,0.49805889839141626,1.922285073598614,17.54857478181077,11.470528309984422,18.30649400767235,15.991832155298953,0.4133058449074074,0.13723813657407408,0.1922781635802469,0.18329427083333333,0.07388358410493827,#0d0602,#735e45,#2d1f12,#4f3a22,#a6997e
138696863520948832,,Juan Carlos Obando Fall 2012.,Uploaded by user,Волосы,"Thu, 04 Dec 2025 08:23:25 +0000",https://i.pinimg.com/originals/8a/2f/ba/8a2fbafafdfe573c10e6d234c706a9f3.jpg,messy_girl_,https://i.pinimg.com/originals/8a/2f/ba/8a2fbafafdfe573c10e6d234c706a9f3.jpg,85.6516976736232,6.347509767379869,41.470648503973344,22.019264628756858,73.67712340053447,4.890975495406482,1.9174104656224618,22.54715698069285,15.266461730472315,8.053379336446369,53.501439525698146,3.440927739135031,28.13506261717103,18.39755672426533,25.03006689800644,0.1355990675990676,0.4186293706293706,0.20452680652680652,0.12954778554778554,0.1116969696969697,#fdd06f,#19120e,#8f5234,#502b1a,#d3ae87
314126142783755914,Messy bun,,Uploaded by user,Laufey,"Thu, 23 Oct 2025 02:14:05 +0000",https://i.pinimg.com/originals/5c/d0/98/5cd0984056d9be504811e0c2216fd393.png,messy_girl_,https://i.pinimg.com/originals/5c/d0/98/5cd0984056d9be504811e0c2216fd393.png,28.888208572224052,74.60937008547975,0.47921982965451804,56.2430609058237,11.712017197205492,9.335769856950634,4.828433732931143,0.385401480772642,19.477669460909127,5.39900485584891,6.935724792904849,14.33301003964285,-0.7326744229466575,21.868312563441314,-4.617256758102271,0.2539643048428618,0.06392301180048031,0.26859655488173606,0.17549715786381934,0.23801897061110247,#553e39,#cab39d,#010103,#b27961,#231c25
68747140903,,,Uploaded by user,summer,"Thu, 08 Feb 2024 00:58:54 +0000",https://i.pinimg.com/originals/ee/f2/4a/eef24a49ca59b3b96fe921a2cb53522f.jpg,messy_girl_,https://i.pinimg.com/originals/ee/f2/4a/eef24a49ca59b3b96fe921a2cb53522f.jpg,38.85799499519516,59.578705692653834,16.779665946103037,81.68018055328434,34.85630414224909,4.502799223624971,-1.768858935672149,1.6219809464500212,0.0024123073238581094,-0.08161297655797972,14.955142875140988,-8.654209939705977,3.594857696049714,-5.356294497583913,-12.573595353509198,0.14249797516198703,0.17142953563714902,0.33139511339092875,0.21160907127429807,0.14306830453563715,#6b5843,#84919e,#2d2824,#c6cbd4,#465265
1618549863707541,,,Uploaded by user,cherish,"Fri, 10 Jan 2025 14:28:44 +0000",https://i.pinimg.com/originals/f2/1d/b6/f21db6fa3e01b8e9622a6559dabd6e65.jpg,messy_girl_,https://i.pinimg.com/originals/f2/1d/b6/f21db6fa3e01b8e9622a6559dabd6e65.jpg,17.46082114853032,39.14040365302316,65.10711716631467,58.00720196605943,28.170494108186645,0.8355814919560354,14.24180820606177,3.5214696676788293,22.584876421707335,4.7251154722950135,0.14836841436040515,18.36230274349032,14.890883863670126,27.126472125823366,7.234977656579534,0.24630656326112038,0.19813164978848866,0.10379678887322139,0.18312155492885526,0.26864344314831434,#2c2a2a,#7b523f,#ae9a83,#bd7b5d,#4d3f37
2392606048670533,,,Uploaded by user,1 - Visión Board,"Thu, 18 Dec 2025 22:51:25 +0000",https://i.pinimg.com/originals/8a/da/c2/8adac2f0e474d8229551e7498c3918ea.jpg,messy_girl_,https://i.pinimg.com/originals/8a/da/c2/8adac2f0e474d8229551e7498c3918ea.jpg,8.69527452522727,54.04406729927964,72.394094790506,38.648682179181236,82.47340038765911,7.8426046931884015,18.6519387819053,3.4382532110394086,22.730209155836167,0.4730863781372916,8.086234065538195,27.572274228701563,21.064113000189888,34.67270435594566,11.614384275212206,0.03779979914933838,0.16356775756143668,0.4771144701086957,0.09664461247637052,0.22487336070415878,#26140c,#ad7452,#c6ae8b,#884a22,#d7ccb7
1477812369112940,,,Uploaded by user,uff,"Tue, 15 Jun 2021 06:56:10 +0000",https://i.pinimg.com/originals/37/5e/4b/375e4bce33c34a75e47bfbd8bc77325f.jpg,messy_girl_,https://i.pinimg.com/originals/37/5e/4b/375e4bce33c34a75e47bfbd8bc77325f.jpg,28.259205406094683,46.25413224145544,73.42309776779004,7.513000324913833,60.76129925975731,6.462499665903099,11.770925306579908,3.3051714749865453,-0.7938247779021097,9.090302777811615,12.394960261256985,21.423695052421877,14.721766291844546,-3.5699393043794956,35.89616569666845,0.2669439117929051,0.24598513902205177,0.10209971236816874,0.25783557046979866,0.12713566634707574,#523e2f,#8b654a,#c5b199,#12171b,#b48b53
46021227438514847,,MESSY HAIR!!,Uploaded by user,tangles,"Fri, 12 Sep 2025 03:10:12 +0000",https://i.pinimg.com/originals/4d/d5/e5/4dd5e5f96af9a67d7ee56027d306516f.jpg,messy_girl_,https://i.pinimg.com/originals/4d/d5/e5/4dd5e5f96af9a67d7ee56027d306516f.jpg,15.790213283823693,89.12524667679116,44.748992363876376,70.34964470868638,28.671626366762023,3.358623479026425,1.0625235886963682,3.729193726539166,3.2862349672976303,5.192360786285814,7.134867635818957,-2.5442796434951394,10.233747014629891,-4.860035033705921,8.048131672460066,0.25380533854166665,0.23060546875,0.11669596354166667,0.10505533854166667,0.293837890625,#2f251d,#dfdfe4,#766759,#aeaab4,#504037
774124930916295,,,Uploaded by user,A e s t h e t i c,"Thu, 10 Jul 2025 22:30:57 +0000",https://i.pinimg.com/originals/c2/2f/cd/c22fcd3f6ca67a56cc344d3d502235b2.jpg,messy_girl_,https://i.pinimg.com/originals/c2/2f/cd/c22fcd3f6ca67a56cc344d3d502235b2.jpg,65.35010223206815,50.426143439136276,94.17107954799113,31.228781426993077,11.784153053128293,13.502777493136339,4.759047237147777,0.0010934913050952844,13.689016434704302,0.9495556745213491,31.03856217444296,18.806429537264627,6.465838393411659,21.554465755522756,4.328690125552091,0.16897029702970298,0.17125412541254126,0.27951237623762376,0.18542409240924093,0.1948391089108911,#c79467,#8b7458,#f3ede1,#664028,#221e19
37717715604467281,,,Uploaded by user,- People,"Mon, 04 Aug 2014 18:58:36 +0000",https://i.pinimg.com/originals/ee/dd/34/eedd34501a5a41bc4565f3d721eeaa3f.jpg,messy_girl_,https://i.pinimg.com/originals/ee/dd/34/eedd34501a5a41bc4565f3d721eeaa3f.jpg,45.60217197867505,93.096462489002,9.532832012921808,72.03751579075865,21.909274785907684,18.19855110711095,-0.04338909998366702,20.12852403883063,11.689032023100514,15.284743172761221,18.593036138026932,21.501935669947954,-9.781391941955457,26.442604936367466,2.5957529978975464,0.1027685546875,0.22641357421875,0.3973779296875,0.0990771484375,0.17436279296875,#915f4d,#fbe9c2,#2e0e27,#d5a781,#4a2b31
22799541858559531,nullity,,Uploaded by user,Cursed Images,"Thu, 15 Aug 2024 10:33:09 +0000",https://i.pinimg.com/originals/b4/0e/f4/b40ef4f2d62de5d33f850696b01a86c4.jpg,messy_girl_,https://i.pinimg.com/originals/b4/0e/f4/b40ef4f2d62de5d33f850696b01a86c4.jpg,80.40657846476289,43.05655162298481,10.870662890334998,59.445932797195695,37.10899659502273,1.7187929321189443,25.86146321658896,3.429665168130896,17.17962583427071,11.567677216256897,17.20219024297151,9.710618394304735,4.40182621228501,10.42447516058546,9.105693633607778,0.1762570821529745,0.14764124960654706,0.14999803273528486,0.3747717972930438,0.15133183821214982,#d7c5a7,#925456,#241b17,#b2837d,#6e5049
668925350941504012,,#isabelmarant #offduty #fashiongirl #inspo,instagram.com,prettyswag22,"Tue, 08 Jul 2025 11:57:47 +0000",https://i.pinimg.com/originals/7b/14/54/7b145491ea3613537ad4dd94542a3737.jpg,messy_girl_,https://i.pinimg.com/originals/7b/14/54/7b145491ea3613537ad4dd94542a3737.jpg,49.30334185716712,13.219516691471732,51.32573770756544,75.24031701201577,76.37631249989289,17.21544941301989,-0.048503286025369796,-1.8513280448902494,13.251431550800344,-1.608408400256562,24.33677207148999,0.8592578786651668,5.380505470295077,21.77492797876542,4.274205848662012,0.13352646502835538,0.18922400756143667,0.17080245746691872,0.26908695652173914,0.23736011342155008,#9c694c,#222120,#7b7a71,#dfaf91,#bcbcb4
2392606048748750,,,Uploaded by user,VISION BROAD  ig,"Sat, 10 Jan 2026 02:51:04 +0000",https://i.pinimg.com/originals/9e/31/eb/9e31eb36f29fcad7898d5329b6d0beb6.jpg,messy_girl_,https://i.pinimg.com/originals/9e/31/eb/9e31eb36f29fcad7898d5329b6d0beb6.jpg,4.826240698579948,49.23131553483044,36.21016159612893,21.17344888160656,39.509352930944466,0.35543496401725605,2.4200769889844977,3.8945330350134686,2.7466500569083623,1.5118555849925326,-1.8260547277771062,15.397834292148755,-4.903576656659754,3.332065219443139,10.11117226877422,0.29659021581636547,0.22653568977350722,0.16061827956989247,0.14355029360176924,0.17270552123846564,#0f1013,#82725b,#57535d,#38312e,#665b4c
16747829861292434,,,Uploaded by user,Diary Girl,"Sun, 13 Apr 2025 20:42:41 +0000",https://i.pinimg.com/originals/86/81/f8/8681f864567efac541eaa889c50221ed.jpg,messy_girl_,https://i.pinimg.com/originals/86/81/f8/8681f864567efac541eaa889c50221ed.jpg,94.28174441532107,56.80916837474741,46.215917347800726,74.61372515556495,15.81620068946377,-0.9672349006112837,4.75542882315834,13.714348946110196,1.1611221203011888,1.4872526384733549,3.937666755066714,8.787191183712247,21.347145137488283,4.419292851951689,9.673093294369112,0.1325712822936358,0.1400047258979206,0.19264679820415878,0.266966465816005,0.26781072778827975,#f0eee6,#968579,#8e644a,#bdb6af,#2e2619
326722147990856921,Messy girl,"Aesthetic, Messy, cool girl",Uploaded by user,messy girl aesthétic,"Tue, 30 Dec 2025 05:41:11 +0000",https://i.pinimg.com/originals/e4/d3/e3/e4d3e38a0d927e9d354ed3260ae3c73b.jpg,messy_girl_,https://i.pinimg.com/originals/e4/d3/e3/e4d3e38a0d927e9d354ed3260ae3c73b.jpg,34.08477042738183,96.25473461450224,69.01686213543307,46.02125909260015,9.781494462036584,-0.39657020578724267,-0.1049150804893193,5.080208579859388,38.4358718367228,-1.7973993401303765,5.884300448888833,7.169374914951822,16.27413941064459,8.035520485307368,8.240337441423847,0.21015787760416665,0.17018798828125,0.12853108723958334,0.04811279296875,0.44301025390625,#534f46,#faf3e6,#bca48b,#aa5061,#1d1b0e
27443878976542706,,,Uploaded by user,vision board,"Wed, 31 Dec 2025 17:53:39 +0000",https://i.pinimg.com/originals/98/66/f5/9866f52800d0efef158807fb58a4c88c.jpg,messy_girl_,https://i.pinimg.com/originals/98/66/f5/9866f52800d0efef158807fb58a4c88c.jpg,37.64951758699419,59.42803184956186,80.58226439952034,11.57455816232488,18.607057788004525,6.788289411329164,-1.0891374464192354,-1.9393650431777565,2.5775338727065193,11.926293840412395,10.98683919951636,2.572997195273834,-4.275128928474924,-3.207419943883396,10.713966284805178,0.2156293437435306,0.26158208381391773,0.15229645402655784,0.22367432644249252,0.1468177919735013,#695447,#8f8f8a,#c0c9cf,#201d23,#41261e
1196337393082750,90s vibes,,dannijo.com,Hairspiration,"Tue, 18 May 2021 03:59:15 +0000",https://i.pinimg.com/originals/7b/33/b3/7b33b3afb8f93dde0855fef25f54fc4d.jpg,messy_girl_,https://i.pinimg.com/originals/7b/33/b3/7b33b3afb8f93dde0855fef25f54fc4d.jpg,93.92132119933382,38.523535287613065,79.05965036311927,14.433078746757644,58.44493052131813,0.030879898620520096,1.5443925090169994,0.0552842507004786,1.0672849662415362,0.7507020297371576,-0.03226096147734081,-1.451241488669114,-0.06636493567918123,-1.4257610528301337,-0.7024863416013044,0.190465170099514,0.16796325636871806,0.2801256831573888,0.13534082210314563,0.2261050682712335,#ededed,#5c595d,#c3c3c3,#252426,#8d8c8d
715227984593451875,,,Uploaded by user,Summer Time,"Wed, 10 May 2023 19:11:29 +0000",https://i.pinimg.com/originals/51/ec/8f/51ec8fe64773434a94ec09853fbbd8b5.jpg,messy_girl_,https://i.pinimg.com/originals/51/ec/8f/51ec8fe64773434a94ec09853fbbd8b5.jpg,9.910741673255924,42.328149680341596,72.96877970292954,25.961367267218566,67.37059750179581,3.4282075688179785,8.74245120411383,2.7379770964994887,5.792599769534018,10.603965146138403,6.449589623860891,21.21264094200978,14.929475841438217,15.487537901347654,31.83622302050124,0.23657265481299816,0.2041232372777437,0.12796137339055794,0.28931023911710607,0.14203249540159413,#221912,#7c5d41,#c3b098,#4d3926,#c89b6b
118571402685626268,,,Uploaded by user,you know you like it,"Mon, 30 Jun 2025 20:16:16 +0000",https://i.pinimg.com/originals/05/d1/9c/05d19cc3482eeba38662a2bcf7427c58.jpg,messy_girl_,https://i.pinimg.com/originals/05/d1/9c/05d19cc3482eeba38662a2bcf7427c58.jpg,63.934426766495775,3.83868460852473,44.117085734561805,83.72328621748866,23.242074301815816,1.2894490068314588,-2.7558101471710383,-6.341749123639408,0.6593471242315991,-9.725232614715482,-0.4245980848455466,1.8889884342196437,9.990705492479293,0.5235350357853661,13.625407210384264,0.2335461218100189,0.3006040288279773,0.14102928579867674,0.19534572896975425,0.12947483459357279,#9c9a9b,#080f09,#646a57,#d2d0cf,#303a22
844493675863689,I’m just a teenage girl,#room #messy #imjustagirl,Uploaded by user,random pics i like,"Wed, 13 Aug 2025 17:21:58 +0000",https://i.pinimg.com/originals/6f/0d/71/6f0d71a164b7aa005860a09590e62504.jpg,messy_girl_,https://i.pinimg.com/originals/6f/0d/71/6f0d71a164b7aa005860a09590e62504.jpg,52.58577832774019,78.37976343366027,36.18386607056691,16.848361193587657,70.23022407197963,7.127620124960831,2.0203635616280504,25.502997057897304,4.969026695846248,13.551830468042477,14.118054505307443,8.939230052622694,31.172100700645103,10.47731891854768,45.02714055502084,0.3460948513392285,0.26084068226963986,0.12276478197488146,0.1856071983531975,0.08469248606305267,#927865,#ccc0b1,#844323,#35261a,#daa059
38491771808657728,We Heart It,,weheartit.com,we never go out of style,"Mon, 02 Jan 2023 05:33:00 +0000",https://i.pinimg.com/originals/a9/31/63/a9316368dd001695f494c825adf568d2.png,messy_girl_,https://i.pinimg.com/originals/a9/31/63/a9316368dd001695f494c825adf568d2.png,39.981080454169664,3.603359842718106,84.32462762060561,23.581442510106484,59.885473560810084,11.108540821821391,1.4431335947674269,-0.9613665069738708,7.88981667158421,4.497069921042469,10.704495784168437,-0.5477404845773624,7.0710292035659545,4.793806050511,12.361526397231366,0.2957844827586207,0.2575008620689655,0.13121293103448275,0.1813258620689655,0.1341758620689655,#75574d,#0f0b0e,#d6d2c5,#463331,#a08c7a
44824958788200881,Messy hair,#hair #messy #aesthetic #messygirl #hairinspo #effortless,Uploaded by user,I hate clean girl,"Fri, 12 Dec 2025 16:06:18 +0000",https://i.pinimg.com/originals/38/0c/2e/380c2ea0e8e1f57ee8369a19ad6b8f6f.heic,messy_girl_,https://i.pinimg.com/originals/38/0c/2e/380c2ea0e8e1f57ee8369a19ad6b8f6f.heic,30.498161824584784,81.69028179951965,48.88268577792227,12.497266905246448,66.11092494728244,3.0509933692803477,-0.8340091880326603,2.466950955191682,1.4093387890927507,0.17905674603112298,9.022152519206847,4.038994042397325,12.259548818335048,4.274765920248191,9.088589923683113,0.29124690964348704,0.185091359074494,0.17072226749496094,0.17661379270072228,0.17632567108633576,#514539,#cccbc3,#80725f,#241f1a,#a79f90
12947917673699873,,,Uploaded by user,pics,"Mon, 11 Mar 2024 17:46:21 +0000",https://i.pinimg.com/originals/66/60/6c/66606cd1e9f58b2c6cbb179862c71fae.jpg,messy_girl_,https://i.pinimg.com/originals/66/60/6c/66606cd1e9f58b2c6cbb179862c71fae.jpg,71.48879464557712,29.639283172489915,48.70880649424433,63.37395150028002,5.751409859642557,17.21240658780309,5.239535669987491,10.506550279020647,1.9194980930983805,1.5939040701647302,21.66446640439256,6.353341524070133,16.22745588746591,-9.016372874006656,-4.865680916646345,0.11127037037037037,0.19217685185185185,0.1746324074074074,0.06753888888888888,0.4543814814814815,#daa288,#51423c,#8e6c58,#9498a9,#111219
19281104652396272,,messy girl room aesthetic dirty 2000s,Uploaded by user,PEEZ🫛,"Mon, 01 Sep 2025 22:24:23 +0000",https://i.pinimg.com/originals/df/16/c9/df16c9f9c003b763cb7357046db777b2.jpg,messy_girl_,https://i.pinimg.com/originals/df/16/c9/df16c9f9c003b763cb7357046db777b2.jpg,81.41390001006997,22.856744321826795,64.23220120465557,4.630343544049744,47.00439649947519,-0.349713069205869,1.8517533816323384,0.2900771915775667,0.09801295847865665,1.527192203003618,5.27576524160142,5.46069448581753,10.376200199477154,-1.982357636892794,14.257737382886328,0.29000514625784957,0.07671728822247853,0.30253237937331795,0.13850692442009482,0.19223826172625913,#cdcac0,#3c352e,#a39a89,#0e0f13,#7b6d57
792985446931506655,-𝐏𝐢𝐧𝐧𝐞𝐝 𝐛𝐲 𝐙𝐚𝐟𝐢𝐢♡⤸•🦋🚩,,Uploaded by user,-𝐆𝐢𝐫𝐥𝐬 𝐃𝐩𝐳 ♡⤸•,"Thu, 08 Jan 2026 17:37:38 +0000",https://i.pinimg.com/originals/0b/e0/63/0be0638bb10ede58142202322f43ec98.jpg,messy_girl_,https://i.pinimg.com/originals/0b/e0/63/0be0638bb10ede58142202322f43ec98.jpg,62.86688210203449,33.41208774371946,48.734632994654845,72.0193023486712,21.159797935368996,22.65031517130184,4.658946348973711,9.210817762457625,6.209161422129845,11.430343678002032,45.00824792831633,1.7650367483138307,17.370285012345157,17.11497550898133,14.163928606762614,0.05096471337072841,0.20360027051756374,0.26309424354537136,0.2092572701595258,0.2730835024068107,#d18747,#574c4b,#8c6d56,#c7ab91,#482b1e
10907224091858322,,,Uploaded by user,A m,"Tue, 30 Jul 2024 02:48:38 +0000",https://i.pinimg.com/originals/8f/c2/30/8fc23037d900f202e6707d87c5f9969e.jpg,messy_girl_,https://i.pinimg.com/originals/8f/c2/30/8fc23037d900f202e6707d87c5f9969e.jpg,51.65215817021945,77.48416303683867,15.861612009980156,36.11267857660475,61.63684497379858,21.49813394578528,-1.1802811933296562,9.839140200238663,11.762160937754555,3.8863988277179584,24.5586943922255,0.941671142246475,0.8915532793082201,9.096117082363538,7.178558834069136,0.08775169414709945,0.5569063471167127,0.15151421141229282,0.09131668680939227,0.11251106051450276,#a96c52,#bdc0bd,#352226,#6c4d46,#a19288
680043612525782709,🪽,Messy clean girl aesthetic💋,Uploaded by user,Slay🎀,"Sat, 03 Jan 2026 02:16:06 +0000",https://i.pinimg.com/originals/89/a9/df/89a9df4a7d2dd4081b5a716f84a529c4.jpg,messy_girl_,https://i.pinimg.com/originals/89/a9/df/89a9df4a7d2dd4081b5a716f84a529c4.jpg,51.13994539849007,3.8948896472001664,72.57357906478552,51.772506410652106,28.096561976124853,5.877323108456935,0.9225220210624943,3.668592481307016,3.458241176920893,6.005849476532266,19.325979032047762,-1.4633969671104463,23.247109198462446,-5.785533575812034,12.640122752013504,0.16602719907407407,0.20290123456790124,0.21992525077160494,0.32123360339506174,0.08991271219135802,#8f7559,#0e0d10,#c8ae87,#7c7985,#513e2f
67976275792745598,,,Uploaded by user,Twenty Twenty Six,"Sat, 10 Jan 2026 23:40:57 +0000",https://i.pinimg.com/originals/b2/cd/0e/b2cd0ed837f0098e1fb6db3358cc2445.jpg,messy_girl_,https://i.pinimg.com/originals/b2/cd/0e/b2cd0ed837f0098e1fb6db3358cc2445.jpg,90.3973428826239,13.922713583529468,74.14044388985528,52.14632503763164,29.328442078567363,-2.57695183200126,1.0023647270951734,-0.6314285372602246,1.0766397323901322,2.0562286452972796,1.052847476611655,6.533146078167652,15.339271322796625,15.184469550623731,12.338325888643178,0.0968212346212995,0.26680393358323723,0.21707896802511856,0.20402459390618993,0.21527126986415482,#dfe4e1,#28221a,#c0b59a,#887a62,#4f4332
16325617396946089,,,Uploaded by user,dreaming,"Tue, 16 Dec 2025 04:45:00 +0000",https://i.pinimg.com/originals/a3/0a/e8/a30ae8104fa966f56405e28148f3046d.jpg,messy_girl_,https://i.pinimg.com/originals/a3/0a/e8/a30ae8104fa966f56405e28148f3046d.jpg,58.32422016151246,9.429161267916157,33.313280416978365,68.59311451030813,84.38940112015307,1.063562304268599,2.572125465740159,4.249196854587336,8.4509577438681,0.8034203459176195,8.819952633877897,7.642693955344994,12.253834442509438,25.14956146103681,1.775762514515515,0.2724146412037037,0.15190345293209875,0.19552324459876544,0.1361622299382716,0.2439964313271605,#948b7c,#21180f,#5b4b3b,#c5a07a,#d5d1cf
1125968650968621,nikkilovesher27,,Uploaded by user,hair,"Wed, 29 Nov 2023 04:06:41 +0000",https://i.pinimg.com/originals/d2/50/21/d25021c6c9885f5b1bb7c8766dad9957.jpg,messy_girl_,https://i.pinimg.com/originals/d2/50/21/d25021c6c9885f5b1bb7c8766dad9957.jpg,69.13182255023597,32.04540850438137,51.67437050359268,6.6822086197408055,83.85540190878051,0.1303101967999759,8.526747144445036,-0.24882792623418215,2.639436326527382,0.4427540564819234,9.875966778088259,11.709163702929407,12.780414096913729,2.5729773261943265,5.542463099255357,0.2801067028411026,0.0613688148174248,0.2915903245128783,0.08571021692916622,0.28122394089942804,#b0a797,#5e4639,#837a65,#1a1310,#d6d0c6
17029304837060034,,how to be a messy girl ?**@*47+^@]*#?×(×]>÷>@??';,Uploaded by user,"izzy, rabbit hole","Sat, 23 Nov 2024 06:40:02 +0000",https://i.pinimg.com/originals/b1/d1/8b/b1d18b05a2b316dc4ee63553b10313fd.jpg,messy_girl_,https://i.pinimg.com/originals/b1/d1/8b/b1d18b05a2b316dc4ee63553b10313fd.jpg,98.16627974830857,5.098961477477999,51.931015750140105,81.62359800513954,23.051191411261136,0.7039586858495994,2.561418525595384,12.522518642052297,11.553653285238875,10.35294728479671,1.8588570564207145,1.413100209946907,8.001601468950103,8.935895193183446,7.981449199269259,0.2719048763296168,0.45342632641291813,0.07533304498269897,0.12171208189158016,0.07762367038318596,#fcf9f6,#160f0e,#95736e,#e7c2ba,#49312b
25825397860138219,diet pepsi,"red grunge, vintage americana, diet pepsi, addison rae, dark red, digicam, digital camera, brown and red",instagram.com,Drawing references,"Mon, 17 Nov 2025 21:20:13 +0000",https://i.pinimg.com/originals/1b/88/49/1b8849c2c5b5e035f8929a0bc8bcfde1.jpg,messy_girl_,https://i.pinimg.com/originals/1b/88/49/1b8849c2c5b5e035f8929a0bc8bcfde1.jpg,69.50725298964373,4.199719549743666,29.0576244337695,19.69631911169057,27.31233225973488,10.499454143425716,0.8421684805495566,13.611399406381118,-4.1129413276022735,43.023500726075056,21.588276565616596,0.9536779384247698,24.41561961920131,-5.805251317452804,32.85373175618085,0.2149728923960957,0.26353289318324935,0.18672022591309823,0.21271105557304787,0.12206293293450882,#caa183,#110e0c,#613b1e,#233137,#7f170f
140806234733450,@ELLE,,Uploaded by user,style,"Wed, 31 Dec 2025 20:39:37 +0000",https://i.pinimg.com/originals/f9/ca/ae/f9caae002a67a7f475a4e630be511162.jpg,messy_girl_,https://i.pinimg.com/originals/f9/ca/ae/f9caae002a67a7f475a4e630be511162.jpg,83.6428824318981,32.794627162063314,6.930385854572137,57.14755479244273,68.9043263565778,3.747745061447243,2.4533855199206025,0.011558525255213281,-0.6893997213127683,-3.966749377136437,9.28312047820071,29.352225136007828,4.797652907433621,19.0081467923346,66.05699564728678,0.06787034586731462,0.3029337604120485,0.33699351706424624,0.2624792790068129,0.02972309764957779,#dfcdbf,#5d4a1d,#18150d,#948868,#c0a720
8514686788550684,Hairstyle,,tiktok.com,peluquera,"Fri, 18 Aug 2023 19:38:39 +0000",https://i.pinimg.com/originals/74/24/3b/74243b9a08f4916cff6721c080adfcf1.jpg,messy_girl_,https://i.pinimg.com/originals/74/24/3b/74243b9a08f4916cff6721c080adfcf1.jpg,32.83809021665208,67.52376996620696,96.84624593159097,49.242392770805424,11.92647109882833,9.981985242514,0.20796316672779902,-0.9345219322145626,9.080562573223743,6.004930242538844,11.45938202098574,19.56058501015988,2.7882858756233713,24.693348417686444,-4.16922006757404,0.21028829225352114,0.2273740096830986,0.2184446522887324,0.2732545664612676,0.07063847931338028,#62473b,#b2a381,#f6f6f0,#916e4b,#251c25
446841594301565770,,,Uploaded by user,Shoot mood board 1,"Mon, 29 Dec 2025 08:26:31 +0000",https://i.pinimg.com/originals/22/04/67/2204678df1a9060eb1ebb0965403e7b4.jpg,messy_girl_,https://i.pinimg.com/originals/22/04/67/2204678df1a9060eb1ebb0965403e7b4.jpg,27.82772901844636,50.499370921366555,43.546138560071576,10.565215055307892,76.20564492568177,-7.061417590510565,-9.850217206532648,-4.7678121591944995,-3.9157347346091615,-6.667679760759698,23.71683739084753,31.718296034368453,8.347375846107061,4.22998738532573,16.212588037147352,0.2541245623365687,0.2465637880600984,0.11344346939680007,0.26291384124451533,0.12295433896201746,#42431b,#797b40,#646859,#191d16,#bbbe9d
158751955610231626,💃🏻,,Uploaded by user,nora,"Sun, 16 Feb 2025 19:55:25 +0000",https://i.pinimg.com/originals/ed/94/60/ed946064629ecf442eafb798236f4edd.jpg,messy_girl_,https://i.pinimg.com/originals/ed/94/60/ed946064629ecf442eafb798236f4edd.jpg,60.163992707709326,6.966590747616429,82.72689104588005,23.949558895065508,40.61203996201098,-0.0016118781847065736,-0.08073244293096522,-0.002089382610623563,-0.014908515100358122,-0.0012293984926413301,0.003055371852098983,0.0811099549069399,0.003960498304010747,0.015917329274443507,0.002302850190404278,0.16663462770729207,0.22262671408432655,0.1782582620466487,0.24645368768422402,0.18602670847750866,#909090,#151515,#cdcdcd,#383838,#5f5f5f
1900024839394513,,,Uploaded by user,✬ hairstyle ✬,"Sat, 20 Sep 2025 05:16:39 +0000",https://i.pinimg.com/originals/43/98/5c/43985c83e92c73b73a5eb40d3cb50567.jpg,messy_girl_,https://i.pinimg.com/originals/43/98/5c/43985c83e92c73b73a5eb40d3cb50567.jpg,27.060613233372642,7.893266112450263,87.60149301588685,51.2722718180834,56.89244370401734,2.6287361476819435,-0.7280299081097774,1.612378681803131,40.10232539469838,-2.5419120703967204,10.164202864742306,-1.47625958889122,6.447085582385768,21.82765683707793,16.534314802995585,0.260914640171004,0.4234672655984538,0.11054581032916347,0.05345177016635298,0.1516205137350257,#493e30,#151719,#e4dacf,#c05b57,#8f886b
19351473395005491,getting ready,messy girl getting ready,Uploaded by user,Vision board 26,"Sun, 04 Jan 2026 23:04:03 +0000",https://i.pinimg.com/originals/55/6c/be/556cbe05915360b84f4583810c43fc1c.jpg,messy_girl_,https://i.pinimg.com/originals/55/6c/be/556cbe05915360b84f4583810c43fc1c.jpg,23.969381712845145,9.949787141035106,80.77857339754696,31.922640535369144,55.31267342846718,2.9307984311769415,2.543039129537357,-6.658954207154196,2.920832513274031,0.3773792671949523,-5.974904123041645,4.643203422428559,-10.218961783420154,14.272698222313936,1.3173175330596214,0.09271827598964114,0.2899676285608583,0.1063448020717721,0.3664807621161672,0.14448853126156122,#393741,#211a15,#b0cddb,#574834,#868482
104216178873243890,chic mess,chic mess bathroom get ready with me heels versace aesthetic vogue messy hot mess !not my photo!,Uploaded by user,products,"Sun, 04 Jan 2026 19:27:36 +0000",https://i.pinimg.com/originals/10/51/bc/1051bc417895a460c92830c077136331.jpg,messy_girl_,https://i.pinimg.com/originals/10/51/bc/1051bc417895a460c92830c077136331.jpg,7.538695191130614,67.72442184625683,35.78713798285065,84.87032288443443,57.240794756967354,0.8204448500426544,-0.041629818564217935,0.698350662739715,-0.9636624661888791,0.9920392326977203,3.481537442282736,3.9131779913542566,9.54693737859158,6.399614173425251,16.522815353610312,0.2473154761904762,0.20242687074829932,0.12437414965986394,0.19783333333333333,0.22805017006802722,#191611,#a8a49d,#5b5345,#d7d4c7,#96876c
655625658271389322,,,Uploaded by user,alloy,"Sat, 17 Dec 2022 13:02:28 +0000",https://i.pinimg.com/originals/db/81/97/db81973c10ee6c83c148624e5cc5bcee.jpg,messy_girl_,https://i.pinimg.com/originals/db/81/97/db81973c10ee6c83c148624e5cc5bcee.jpg,14.490311038882137,46.12590128349541,74.17524867091686,26.14041233819161,3.7927150016613247,-2.0201632544967487,-2.5025424825223634,-4.443731740845441,-2.135762880997993,-0.41017231421859823,-4.293996439654162,-12.129184922899746,-11.351246496126276,-6.4889363649030205,-2.4636176819275235,0.2925838901076984,0.10780128141204627,0.11168571749102513,0.20097788691663343,0.2869512240725967,#1e252a,#5c6f81,#a1b9ca,#343f47,#090d11
1055599908432371,,,Uploaded by user,motivation,"Fri, 20 Jun 2025 04:54:08 +0000",https://i.pinimg.com/originals/5b/08/6c/5b086cbc7489f09ab3e385347f098a68.jpg,messy_girl_,https://i.pinimg.com/originals/5b/08/6c/5b086cbc7489f09ab3e385347f098a68.jpg,60.849204743067176,5.9257922745235305,85.13920505432755,41.31354220708326,22.315224222298493,2.6887937793358576,3.7375838483859165,0.0031950995272440608,5.376754887501067,5.442389573448351,5.335572108433044,1.3776920274249815,2.277868733518411,9.048726579232845,4.936500224050543,0.24087606332703212,0.27817078213610585,0.12458648393194707,0.18561997873345937,0.17074669187145558,#9b9089,#191110,#d6d4d0,#6f5d52,#40322e
528539706287344962,,messy girl pfp vibe,Uploaded by user,messy,"Thu, 30 Jan 2025 21:41:33 +0000",https://i.pinimg.com/originals/53/a7/33/53a733e480375e09b990d30a4ddac1ec.jpg,messy_girl_,https://i.pinimg.com/originals/53/a7/33/53a733e480375e09b990d30a4ddac1ec.jpg,61.044168048703824,10.790974041493335,63.483192405743466,24.892687060217497,48.37445408824921,13.114683742459361,4.83193425406124,2.0347116122412983,19.710689385912282,3.726524465590729,14.701193888768564,-5.161949526135215,0.7458403008269565,-5.306878046695446,1.0983974017757936,0.08743741911334478,0.3164997441051325,0.25476179106147895,0.11424632570182966,0.2270547200182141,#b38a7a,#201b24,#9e9898,#532f43,#7a7071
1337074890024753,lazy bun and claw clip day,"messy bun, mini claw clips &  thrifted cardigan energy 🐌",Uploaded by user,Hair,"Sat, 03 Jan 2026 17:02:19 +0000",https://i.pinimg.com/originals/58/4c/02/584c02e514d210eead4372b304c39031.heic,messy_girl_,https://i.pinimg.com/originals/58/4c/02/584c02e514d210eead4372b304c39031.heic,8.682983844979045,67.23565252699831,26.23049141650909,49.394768974016195,44.50480816788788,2.678070910406613,0.45803066127185943,0.8957264976289969,23.87406769441902,-1.6348403035815782,4.167717639073896,6.7829486295322745,12.844153164108343,35.79015196254905,13.64982742216376,0.18720408688166626,0.17285139846833794,0.22416050235680693,0.17863384261883766,0.23715016967435124,#1e1713,#a9a297,#463c2a,#a96439,#6f6952
18718154694410336,,,Uploaded by user,s. juliannon,"Fri, 08 Nov 2024 15:13:30 +0000",https://i.pinimg.com/originals/07/eb/8f/07eb8fadde559b71cbeec2df5943991f.jpg,messy_girl_,https://i.pinimg.com/originals/07/eb/8f/07eb8fadde559b71cbeec2df5943991f.jpg,45.724661435869656,59.10135834315649,82.68276679117807,25.380014692434905,5.827909271154269,8.801672972250532,21.956597613332125,2.204160158749218,13.363248552139815,9.259892897084047,16.569215208720216,29.2507555115589,5.867392938871362,19.469571174138462,4.949370633341639,0.20102181400688862,0.08854190585533869,0.140888825105243,0.42714791427477994,0.14239954075774972,#846651,#c07e5b,#d6ccc2,#56331f,#210d09
1900024838215850,,,Uploaded by user,године,"Thu, 01 Aug 2024 03:09:47 +0000",https://i.pinimg.com/originals/d0/14/3b/d0143b07a41401056af2ec8af05940a4.jpg,messy_girl_,https://i.pinimg.com/originals/d0/14/3b/d0143b07a41401056af2ec8af05940a4.jpg,18.494137775057776,46.2856066515654,89.70266226438082,35.31320724979462,64.90896891950743,5.285491026694398,10.210393245200603,0.5510112102716427,5.119330625501162,5.490802043008778,6.511727364281784,13.798900812521097,6.189044264782821,31.103599479514017,9.650170809432637,0.34282674174960714,0.2621415007857517,0.1445013750654793,0.10229341278156102,0.14823696961760083,#372a23,#866657,#e7e0d5,#684e1f,#ae998c
174373816811810784,,,assets.vice.com,Printed,"Wed, 02 Dec 2020 05:27:19 +0000",https://i.pinimg.com/originals/e1/a5/64/e1a5643449cc11145195a6bdf8e0fb31.jpg,messy_girl_,https://i.pinimg.com/originals/e1/a5/64/e1a5643449cc11145195a6bdf8e0fb31.jpg,41.16289614437608,85.27900826106259,54.135932140245394,14.689331917812133,83.11854989007891,-4.048161464492695,-1.6240844070147324,10.167405864926584,-2.0310661810023904,-3.006727996675397,15.192944410372426,6.161363091044938,34.22861234080427,3.817198619048641,29.371861625265417,0.163599625782433,0.34992718189095606,0.13954232291375313,0.20458030728277538,0.1423505621300824,#646248,#d7d5c9,#a37946,#24251f,#ddce97
2533343538745705,,,Uploaded by user,life’s so fun life’s so fun,"Sun, 28 Dec 2025 21:04:50 +0000",https://i.pinimg.com/originals/50/20/b8/5020b81cae24a9df770029d0dc216af9.heic,messy_girl_,https://i.pinimg.com/originals/50/20/b8/5020b81cae24a9df770029d0dc216af9.heic,84.0110787850982,19.606760399766443,33.19623550663255,49.11011605099306,69.63655534134043,-0.32338710557225037,2.9859893563503768,36.017327245034565,2.1734794404907034,1.1748303614818314,6.170195599661015,6.187971136536811,27.867815789869088,11.355212091715517,10.603639746715672,0.318680302946796,0.15323501603573528,0.0391856877781977,0.19337200543797767,0.2955269878012934,#d6d1c5,#372d26,#883123,#807261,#b4a897
52213676924913859,Getting ready 💄 #girlhood,Aesthetic going out | Girl hood,Uploaded by user,tandi ayele.,"Tue, 14 Oct 2025 16:21:28 +0000",https://i.pinimg.com/originals/d5/e3/40/d5e340c46ace2310ab366a2d67a59dcf.jpg,messy_girl_,https://i.pinimg.com/originals/d5/e3/40/d5e340c46ace2310ab366a2d67a59dcf.jpg,66.9140715204746,34.2422368424512,78.64009334235719,9.171967326307701,53.9542787101776,2.095969810352964,3.744924933791377,1.595117785835352,1.623202137079403,2.8966634862761986,14.607259006596589,12.979869413885089,12.021423750698306,3.2566454921227734,15.301717120610906,0.3717465277777778,0.12025,0.1968375,0.11877222222222222,0.19239375,#b1a088,#5d4d3c,#cec0ac,#1d1815,#8f7e66
83879611806203684,,,instagram.com,GROWING UP GLAM,"Sun, 05 Oct 2025 00:57:31 +0000",https://i.pinimg.com/originals/b3/75/fe/b375fe451043a0891ca75bf5c73b28f3.jpg,messy_girl_,https://i.pinimg.com/originals/b3/75/fe/b375fe451043a0891ca75bf5c73b28f3.jpg,6.142784170355213,45.628389709032014,47.59068453082587,74.5283179938889,20.73321449910321,2.6127444510431763,7.580056777726055,39.90576328857567,7.771485200948405,10.23468388977518,1.9025609690760081,9.426137297617444,31.887048964241572,-1.50544598866888,14.627109105670513,0.4779208629134335,0.1750873644818667,0.0930768807440427,0.05937414011336745,0.19454075174728963,#181210,#7e675c,#b7513d,#c4b2ba,#462b1c
80079699616966285,Messy,,Uploaded by user,Hannah🥰,"Fri, 16 Jun 2023 03:31:50 +0000",https://i.pinimg.com/originals/ae/ed/3c/aeed3c2df7875134b39567970630207d.jpg,messy_girl_,https://i.pinimg.com/originals/ae/ed/3c/aeed3c2df7875134b39567970630207d.jpg,57.64760388164585,30.40915965175283,43.294107960012,57.32480915467349,30.71614527552201,16.792235261419627,2.5048424544301113,18.117333637147098,26.360605181007276,14.550642915652896,20.931906340325668,6.030090654190422,19.928729704560286,32.95442502531277,13.155183752244614,0.18510903426791278,0.12516095534787122,0.26699117341640705,0.1970340083073728,0.22570482866043615,#b27e66,#4f453e,#8b5a46,#c27651,#633f34
3518505954347258,messy hair🦇,,Uploaded by user,beauty,"Wed, 19 Feb 2025 18:28:54 +0000",https://i.pinimg.com/originals/0b/4c/86/0b4c86e51566d2a348b6724894fc8d3a.jpg,messy_girl_,https://i.pinimg.com/originals/0b/4c/86/0b4c86e51566d2a348b6724894fc8d3a.jpg,80.38780976968967,13.878228619540131,57.091491611392705,56.886898181253045,34.4779037237447,1.6903082925095898,2.3632145653696863,3.4370423144475604,20.227819522884282,8.768575601501368,14.145001539563244,7.408979356696963,14.55587463249823,26.23219510115708,17.330309726845076,0.3033934264065103,0.24080982474689222,0.1505936218441625,0.11708337338203255,0.1881197536204024,#d5c5ad,#2a2119,#98866f,#b67a5b,#674b35
37436240649217882,🌸ꨄSave/follow✰🎋,,Uploaded by user,Vibes FR,"Sun, 06 Apr 2025 22:24:24 +0000",https://i.pinimg.com/originals/88/8b/c0/888bc002447ac08e71451e56e85cbe3a.jpg,messy_girl_,https://i.pinimg.com/originals/88/8b/c0/888bc002447ac08e71451e56e85cbe3a.jpg,88.74322432889701,23.82676604405649,54.61867322848298,6.093277268775566,29.473835254325333,1.5621658098968394,1.7103303077394467,9.034553156846949,1.1845931991606575,3.085138819936414,4.604467426065206,-3.1584315533373077,9.777006249200511,2.317194567934366,10.261922747423327,0.08310803741093639,0.2204018536707203,0.12742901310019245,0.20492164909382582,0.3641394467243251,#e5ddd6,#39383d,#987c72,#16120f,#504335
1900024839507881,,,Uploaded by user,ෆ summer fits ෆ,"Sun, 02 Nov 2025 07:09:30 +0000",https://i.pinimg.com/originals/d2/48/0b/d2480b2b2f862db7b8f0da9b7dc91fe3.jpg,messy_girl_,https://i.pinimg.com/originals/d2/48/0b/d2480b2b2f862db7b8f0da9b7dc91fe3.jpg,44.913074462537814,81.14149855313327,14.54136543890655,61.494081294852535,29.218164255333036,1.4194449016248323,-0.7060349293916041,0.5089724907393296,0.23457155354805848,1.6265118593402408,9.420747324593245,3.7897907748760837,3.616605803953541,7.182980565387608,7.623240409433503,0.28590500945179587,0.11022861531190926,0.16540199669187144,0.24768726370510397,0.19077711483931947,#72685a,#cbc9c2,#27241f,#9a9387,#4c4339
5629568277806619,Over head bed pic,,instagram.com,Photoshoot ideas,"Wed, 13 Mar 2024 02:11:11 +0000",https://i.pinimg.com/originals/40/c1/47/40c1470e4746e367980b6994e762d3ae.jpg,messy_girl_,https://i.pinimg.com/originals/40/c1/47/40c1470e4746e367980b6994e762d3ae.jpg,30.235780338028547,46.24545914468651,49.71732682660503,6.677213389453932,27.20129682549414,6.606672139228495,7.5583571050674365,10.237925957234193,4.9822971107215235,21.12976300227409,8.292363057566778,-13.33761228806586,10.916163042204934,6.83679541030631,27.41491364953753,0.18460560625814862,0.17307475010864842,0.26435245545415037,0.1572001303780965,0.2207670578009561,#55433a,#6f6a83,#8e6f64,#1f1107,#663116
8796161768316123,,,Uploaded by user,things I would post,"Thu, 06 Mar 2025 22:32:39 +0000",https://i.pinimg.com/originals/e6/27/e1/e627e1411e80686e0ed6d36b56756dbd.jpg,messy_girl_,https://i.pinimg.com/originals/e6/27/e1/e627e1411e80686e0ed6d36b56756dbd.jpg,58.90754138707139,48.85631521459848,42.212706536216466,81.95386912952267,22.612708971297504,23.97209568386623,8.806380136633098,21.91914906279099,-1.486620791289461,12.455563868069792,29.38126234221862,6.37990576907276,35.43812952634711,-6.212394672663397,13.370100509918037,0.28004637287334594,0.09992320415879018,0.2228876220856963,0.1761061554820416,0.22103664540012602,#c37c5b,#876e69,#925429,#c2cdd7,#4c2e22
588001295140329117,vouge magazine,messy girl aesthetic,Uploaded by user,äh outfit ideas,"Mon, 27 Oct 2025 19:36:25 +0000",https://i.pinimg.com/originals/32/98/1b/32981b09becc56bb85afdfdf7288aa4e.heic,messy_girl_,https://i.pinimg.com/originals/32/98/1b/32981b09becc56bb85afdfdf7288aa4e.heic,25.522843360941092,71.57055707936772,39.83392386557989,43.95503338233215,6.4625260287097674,6.853130985086263,1.750246434544854,41.230665547757894,6.5000852747827285,4.058870735352166,13.33936180831222,10.413066166253593,32.17813493168071,13.322023512210468,5.708577010946797,0.2397390473569812,0.15872917438698575,0.04342158515850882,0.31883963729815445,0.2392705557993698,#4c3828,#baad9c,#a23c2b,#7a6352,#1d1109
606719381089274596,♡,,Uploaded by user,gemma,"Mon, 03 Nov 2025 04:30:00 +0000",https://i.pinimg.com/originals/9b/12/6d/9b126da13eaba7e5d9df87ca4f2bee58.jpg,messy_girl_,https://i.pinimg.com/originals/9b/12/6d/9b126da13eaba7e5d9df87ca4f2bee58.jpg,49.52430569139463,14.918982521155652,81.07023313744084,24.85845517559814,43.83795442453652,-1.9829269006504737,1.1407390384476457,0.61306262402371,4.6553060928908,9.571932578884287,7.812560436569294,-3.5201251093215618,-0.22408597012437337,7.416416297414521,24.2656435592648,0.24709480960352892,0.1837158203125,0.24563453311011904,0.23886835007440477,0.08468648689944729,#777668,#24252a,#cac8c9,#463830,#83603f
3237030976788919,🕸,,Uploaded by user,vibes,"Tue, 07 May 2024 03:56:45 +0000",https://i.pinimg.com/originals/5a/0f/27/5a0f27ce5cd8be7405ad48d60872469b.jpg,messy_girl_,https://i.pinimg.com/originals/5a/0f/27/5a0f27ce5cd8be7405ad48d60872469b.jpg,18.05037625137714,80.983014848007,44.98472224585015,16.471886371533497,75.70089913304074,19.404290663779456,2.888301322714465,22.138786145284982,29.95390521669701,-0.6430720417722249,6.601129785856541,10.473883929063895,13.173158437391947,-44.180603079796626,-20.012924235313967,0.2246183722819237,0.15345775719607496,0.4053535249796932,0.0535837993781919,0.16298654616411626,#471f23,#d6c6b5,#935b55,#251a69,#a4bcdf
5770305769252347,,,Uploaded by user,Mood,"Sun, 07 Sep 2025 13:41:22 +0000",https://i.pinimg.com/originals/8b/d2/8f/8bd28fa2f0f28eb5e303a0e219a77f43.jpg,messy_girl_,https://i.pinimg.com/originals/8b/d2/8f/8bd28fa2f0f28eb5e303a0e219a77f43.jpg,6.702325610367488,41.04016329510259,22.739308400791657,54.7204335113632,53.23610423510415,-3.8605481304300646,-7.872956329730984,-6.167279355875779,-2.762047543875859,-12.086726789521336,-0.2608427896782701,8.288670073404106,5.2712760103480925,-26.871683606497744,28.686921326357936,0.39845458984375,0.12791015625,0.30846435546875,0.071083984375,0.0940869140625,#0d1615,#586453,#2f382e,#5c86b0,#7b834c
11751649023365100,,(6) Instagram • Messages,instagram.com,FW,"Tue, 23 Dec 2025 11:23:32 +0000",https://i.pinimg.com/originals/0e/cd/29/0ecd29a921a09ef09d992c1b6e0c2539.jpg,messy_girl_,https://i.pinimg.com/originals/0e/cd/29/0ecd29a921a09ef09d992c1b6e0c2539.jpg,54.820621651008516,83.92770809283472,17.445888504947376,39.041887578735,64.84271313481636,-3.1577179950999863,0.8903308399427141,1.5854306152717423,5.965495336714838,7.856279967366661,0.8270837675394471,5.8433839407215284,4.770355098036228,8.529559059463447,11.314365828321659,0.1220460390946502,0.28804591049382716,0.19764789094650206,0.19761895576131688,0.1946412037037037,#7d8481,#d7d0c6,#2f2924,#6a584e,#b39789
4292562138752776,,,instagram.com,everything’s better in the springtime,"Mon, 25 Mar 2024 07:23:56 +0000",https://i.pinimg.com/originals/bc/45/6e/bc456edba302816f0816e8bd9e1757fc.jpg,messy_girl_,https://i.pinimg.com/originals/bc/45/6e/bc456edba302816f0816e8bd9e1757fc.jpg,6.842868334599352,47.42186734707312,92.69247633756692,24.452093111383064,64.46800875764316,6.289335830596953,2.577039093176011,0.27661295062036206,9.566494608158898,0.7938368612411999,7.289144339740966,12.630852500954399,1.4664179112472446,18.570405802488665,7.538187909834732,0.1646923828125,0.49843994140625,0.0360595703125,0.2337109375,0.06709716796875,#201107,#7d6e5b,#ebe9e7,#4f341e,#a39b8e
27514247716171171,,,Uploaded by user,haircut inspo,"Wed, 20 Sep 2023 18:35:30 +0000",https://i.pinimg.com/originals/08/42/c2/0842c2d43134bf11109e886503441bbb.jpg,messy_girl_,https://i.pinimg.com/originals/08/42/c2/0842c2d43134bf11109e886503441bbb.jpg,31.989287907774223,86.86602878446463,65.45443282682383,47.75369558426145,49.93681130099492,7.59423392576217,1.7466854172470048,10.987670810884563,-7.924141836305198,9.403760440763065,13.591843538650377,-1.994286267025732,10.231891661875826,-5.195595139080784,14.288281721264099,0.141342206218872,0.2836182527931081,0.20032137568986405,0.17731188585273927,0.1974062794454166,#5d4636,#dbd8dd,#b9978d,#5d7579,#8f705f
5559199537941963,X,,x.com,twenty six ☆,"Sun, 07 Dec 2025 15:14:22 +0000",https://i.pinimg.com/originals/f3/9c/42/f39c42dabc0c5d42d8fea9d451597986.png,messy_girl_,https://i.pinimg.com/originals/f3/9c/42/f39c42dabc0c5d42d8fea9d451597986.png,22.957258087097937,81.00667851628926,5.350522970059263,27.94319571340468,49.51752580450733,3.127110789169439,-0.5180017052693935,2.0260831790135656,1.6369124143403821,5.389216774853187,13.602190390677393,1.4286410336940385,-0.11917727460293026,-14.328217370553952,16.096576898336448,0.3902076124567474,0.08321222606689735,0.27620530565167245,0.11210495963091119,0.1382698961937716,#423422,#c9c9c6,#141011,#374257,#88715a
4996249579292666,pic inspo - red light,,Uploaded by user,vibes,"Thu, 17 Mar 2022 07:13:51 +0000",https://i.pinimg.com/originals/52/c0/c9/52c0c95f4bc288fbb1cc50b49128d90e.jpg,messy_girl_,https://i.pinimg.com/originals/52/c0/c9/52c0c95f4bc288fbb1cc50b49128d90e.jpg,10.613969864809203,52.33885811887666,23.790440976588158,2.026670415323597,42.61079426040621,23.691290629318814,52.70523350834014,32.85707575339608,6.77125038281908,44.10078924601323,13.384171914593505,47.63911600316941,25.998813729129942,2.374691922199869,41.09761715921875,0.19838506785726942,0.0971853111748934,0.2310631562784215,0.1539205438030781,0.3194459208863376,#3b0a07,#d94e2c,#691e12,#160101,#af3f21
26740191531272503,,,Uploaded by user,Vision board 2025,"Sun, 29 Dec 2024 15:07:55 +0000",https://i.pinimg.com/originals/e5/4e/d0/e54ed0b1320c4293c1da1dccf5ab8bca.jpg,messy_girl_,https://i.pinimg.com/originals/e5/4e/d0/e54ed0b1320c4293c1da1dccf5ab8bca.jpg,47.33519678636836,69.79228409664958,7.552442874955158,77.23155264899326,28.31160742889846,3.184944379953957,17.36613598555271,1.6974917793609912,1.7541628713207906,5.336410283523992,3.0093159710595603,19.20434297247114,-0.025370156959433565,-8.093235305350031,4.76403853351439,0.28532996123285914,0.15405232763039856,0.25290152825836215,0.09201438949762912,0.215701793380751,#776e6b,#d49e88,#181516,#babecd,#4d3f3b
8444318047407516,,,Uploaded by user,club classics'🪩🫧,"Sun, 07 Dec 2025 18:10:41 +0000",https://i.pinimg.com/originals/c3/dd/a3/c3dda35b778f95fdb72695d853896f96.jpg,messy_girl_,https://i.pinimg.com/originals/c3/dd/a3/c3dda35b778f95fdb72695d853896f96.jpg,41.47525563763065,8.160872982267644,46.0076006393394,24.017359262251432,78.74428773363616,20.57231873083998,1.8454719203611745,1.1782444040385425,4.47922352647968,-1.915474415294887,25.457540825885143,0.6101569179930388,7.193220798470789,7.743591909628684,8.036838232810256,0.07840092592592593,0.3782490740740741,0.2145314814814815,0.2574222222222222,0.07139629629629629,#8b5338,#1a1617,#736b61,#44362d,#c5c3b3
106890191152451673,kiss kiss,messy clean girl,Uploaded by user,Aesthetic,"Fri, 04 Apr 2025 00:21:53 +0000",https://i.pinimg.com/originals/f0/f6/5d/f0f65de902417a65690cf6ae669e9acf.jpg,messy_girl_,https://i.pinimg.com/originals/f0/f6/5d/f0f65de902417a65690cf6ae669e9acf.jpg,35.40098326428595,77.9705425676274,7.133889454326642,53.450417885906575,67.16516256593363,5.189202674595518,3.0601230355969617,2.439289655918598,19.045333251347856,-1.0536296976011688,8.875459731492858,11.139915353212736,5.4478282665816735,30.1407032193939,7.3373329804085206,0.13835092592592593,0.11079537037037036,0.20992407407407407,0.35156203703703703,0.1893675925925926,#604f45,#cfbeac,#1c140c,#ac724c,#a7a396
24206916744993201,,,Uploaded by user,me,"Tue, 04 Mar 2025 20:15:28 +0000",https://i.pinimg.com/originals/8d/94/e6/8d94e63bfad4f3ed23d0e1566c10d2ca.jpg,messy_girl_,https://i.pinimg.com/originals/8d/94/e6/8d94e63bfad4f3ed23d0e1566c10d2ca.jpg,46.60931141797806,29.786283267914886,74.61235975230849,68.09253001737243,49.215727111168725,16.0286448595384,1.2898521375733105,1.5078825051719904,-5.109068450643656,1.4749490451392695,24.348030208035524,6.625656481629364,15.356274895214824,46.579232529223546,9.899956376015954,0.106384,0.31155866666666665,0.2612546666666667,0.06064933333333333,0.26015333333333335,#936346,#4c453c,#c5b59b,#b7a64f,#7e7364
113504853101226829,grunge,messy girl aesthetic #grunge #messyroom #nightpictures,Uploaded by user,ray/raven-story,"Tue, 02 May 2023 06:27:15 +0000",https://i.pinimg.com/originals/30/cd/79/30cd795ce77c561c82c1ca9563f30ef3.jpg,messy_girl_,https://i.pinimg.com/originals/30/cd/79/30cd795ce77c561c82c1ca9563f30ef3.jpg,30.96555353332095,78.32075095751651,13.055856477883822,65.69109883313432,51.58445050845428,2.7281262688934182,2.721974527763221,2.4412587049550165,15.744153469922473,2.3432428987080316,5.468935476981952,6.848053500960773,3.5211416580975508,20.02284958752409,7.507433415600506,0.259662962962963,0.22182098765432098,0.2349567901234568,0.13776543209876543,0.14579382716049383,#504740,#ccbfb5,#26201c,#c6947c,#84796e
140385713380013183,,,Uploaded by user,gal,"Fri, 08 Aug 2025 11:30:01 +0000",https://i.pinimg.com/originals/44/24/c7/4424c7daeb322a5f895fc2b442c0a164.jpg,messy_girl_,https://i.pinimg.com/originals/44/24/c7/4424c7daeb322a5f895fc2b442c0a164.jpg,60.556427908510486,27.348085825497623,7.062281149716831,47.19080041934595,72.88969087583547,9.699313607166577,17.484173735195967,6.847457485342726,24.972444403969554,1.2266382293178815,12.866291512114218,17.473852330452587,5.161380036131879,22.71035506009596,9.1789635606792,0.3188787037037037,0.12964814814814815,0.10906666666666667,0.13932777777777777,0.3030787037037037,#ab8b7b,#603526,#20110d,#a05e4b,#bcb1a2
617696905182624769,,miri zabini,Uploaded by user,getting colderr,"Sun, 28 Sep 2025 12:01:51 +0000",https://i.pinimg.com/originals/80/9b/ea/809bea824af57e42b375cefac40d5131.jpg,messy_girl_,https://i.pinimg.com/originals/80/9b/ea/809bea824af57e42b375cefac40d5131.jpg,43.70561911510223,8.029662885972186,47.9158634393213,26.662971881973398,63.84601757862837,-1.003003627410286,0.5926515047490487,5.860549429818995,-0.012838598655351863,-0.039903172828402944,-0.8199126281587477,0.6655810132671545,17.293630281154577,0.5271022643567649,3.923443945625646,0.2604148148148148,0.2135712962962963,0.095825,0.27038981481481483,0.15979907407407407,#646768,#181716,#856d54,#3f3f3e,#9d9a93
65794844552288115,,"she is me, i am her #chaotic #organised #aesthetic #coffee #partygirl #messygirl #fashion #fashiontok #jewelry #fakebody #pinterest #fy #foryou #viral",instagram.com,✨ ☕️becoming that french girl,"Tue, 11 Nov 2025 19:25:22 +0000",https://i.pinimg.com/originals/c9/7a/a8/c97aa84f2d38bab1a6ffc95ebe5eac65.jpg,messy_girl_,https://i.pinimg.com/originals/c9/7a/a8/c97aa84f2d38bab1a6ffc95ebe5eac65.jpg,65.6696922819497,42.04936332788315,7.213306970267709,86.20087494134759,54.270766008890654,12.653575901165155,2.393019895954772,2.8545491224692503,1.0482594195404054,0.9458369633637351,21.185662127704575,4.031709664905394,1.0466790709985814,12.257156502946197,3.0255954005066767,0.11658420120133096,0.15247108307045215,0.16953855350532243,0.06509730204687207,0.4963088601760224,#c2967a,#6a615c,#1a1414,#e3d6c0,#85817c
70437489424084,disposable camera photo,disposable camera photo bestie inspo getting ready friend,instagram.com,Getting Ready Photoshoot Inspo,"Fri, 08 Nov 2024 04:24:39 +0000",https://i.pinimg.com/originals/51/c6/dc/51c6dc2d57d2c977054fa3e388702856.jpg,messy_girl_,https://i.pinimg.com/originals/51/c6/dc/51c6dc2d57d2c977054fa3e388702856.jpg,56.69954171315478,7.0383914508510586,35.413629311523295,47.910644948776124,84.1004673025758,-5.216459031921021,-1.0224205756681504,-4.023644325783493,9.390477866269567,-0.8439883365950122,11.437145915167424,1.6179183428170365,14.07607828459963,30.825886381459817,0.4916265916076288,0.26668854166666667,0.3001333333333333,0.234575,0.11566875,0.082934375,#868a74,#151513,#55543c,#8f6a3d,#d0d2d0
211174973356350,,,Uploaded by user,summerrrr,"Sat, 05 Jun 2021 16:30:37 +0000",https://i.pinimg.com/originals/28/75/99/2875992cd6efa33b7caab987113ba783.jpg,messy_girl_,https://i.pinimg.com/originals/28/75/99/2875992cd6efa33b7caab987113ba783.jpg,64.5490775035373,21.347203391783466,40.29226640048999,85.23572967160393,64.0612960142943,13.31340711502543,6.936444498416308,6.386622433739865,1.4609172425967318,1.4268457342793446,24.8627537315703,12.216966817950453,19.206529698351815,3.17730494657717,17.984164107516957,0.09693628898865785,0.12826382325141777,0.268460538752363,0.20427139945652173,0.3020679495510397,#c19270,#422f21,#735a3f,#dad3cf,#aa997b
15903404929651855,,,Uploaded by user,photography,"Wed, 12 Mar 2025 17:23:46 +0000",https://i.pinimg.com/originals/0d/76/ae/0d76aec51fbd65186d4e28acaf7dc50e.jpg,messy_girl_,https://i.pinimg.com/originals/0d/76/ae/0d76aec51fbd65186d4e28acaf7dc50e.jpg,63.63157089771997,16.592993085211766,65.919492887723,41.300063373152426,85.20804420590511,8.225748047654042,0.4719802718713031,-3.872383708893762,6.5741332937227845,-4.3873847585990475,17.756838565033217,7.7465360971331245,-6.348909023861626,12.645325738616718,2.9636314076268615,0.2595785310734463,0.27502937853107345,0.08955649717514125,0.24964802259887006,0.12618757062146893,#b4947b,#2d281e,#92a2ab,#735d4d,#ced7cf
17310779798144643,,TRESSES #jaime #wittybyprisca,Uploaded by user,Coiffure,"Sun, 16 Oct 2016 23:49:30 +0000",https://i.pinimg.com/originals/b9/7b/17/b97b17aa6277c1c8371376f43d5df93b.jpg,messy_girl_,https://i.pinimg.com/originals/b9/7b/17/b97b17aa6277c1c8371376f43d5df93b.jpg,13.904229687658468,64.0280490072797,33.64096687501726,86.00793962673549,36.32122913977118,-1.410992190307219,5.499964595419102,4.059102922841583,-0.1572417425840842,-3.46665062412508,-2.9086905215689356,22.173919194442128,16.70000867674776,6.1838108945515415,-5.722436898616867,0.4857792371811063,0.07933541017653167,0.125536751704976,0.13986696977351182,0.16948163116387416,#1f2427,#b29674,#5e4c34,#dbd6cb,#4a575e
388576274118134767,💥💄🍷,potential messy girl album cover 😻,Uploaded by user,•aesthetic•,"Thu, 02 Jan 2025 01:27:09 +0000",https://i.pinimg.com/originals/ad/db/16/addb1680325dfefa89e3b75ec1d69e58.jpg,messy_girl_,https://i.pinimg.com/originals/ad/db/16/addb1680325dfefa89e3b75ec1d69e58.jpg,70.85997837475799,21.36507034248065,4.228249029689916,31.80900138448602,49.573973048983945,7.157062828613687,12.171831428855505,2.5225762769063405,30.801146913789026,13.491093253046888,19.70908986905826,16.618737571231037,0.6814139130345893,33.90579677588024,27.295048692219673,0.11476483333333333,0.19956483333333333,0.20254483333333334,0.21108083333333333,0.27204466666666666,#c7a78a,#4a2b1b,#130d0d,#7e3315,#996c48
5348093303716306,,,Uploaded by user,Vale Urzúa,"Sat, 21 Jun 2025 20:01:33 +0000",https://i.pinimg.com/originals/ee/a4/5b/eea45bc57b0c9493d889050bf16848f7.jpg,messy_girl_,https://i.pinimg.com/originals/ee/a4/5b/eea45bc57b0c9493d889050bf16848f7.jpg,57.305550665873,80.38450518446514,37.46762460924304,14.055963744872336,58.1578512911292,8.225429319764945,-0.3920783911209294,0.006419027430746904,-2.6381984391564126,-0.16938479231539655,26.070291682711463,1.488200549517828,3.9510491928741356,2.820251735288721,2.661481590558262,0.04858837890625,0.38116064453125,0.1690537109375,0.21535595703125,0.18584130859375,#a6835c,#c7c7c4,#5a5751,#21241f,#8d8b87
290200769758828034,,Messy french girl aesthetic,Uploaded by user,Vision Board | My Inspiration,"Tue, 24 Dec 2024 03:22:48 +0000",https://i.pinimg.com/originals/3c/c7/1c/3cc71c66fd03861cfabc5b63aec0b901.jpg,messy_girl_,https://i.pinimg.com/originals/3c/c7/1c/3cc71c66fd03861cfabc5b63aec0b901.jpg,69.44940472362633,17.494856541769536,94.84598966074472,44.841198531647684,41.350724342454505,0.8645104176866171,0.37270191455116874,-1.621781729427736,5.606712215457132,-2.5518836036316053,4.491426058786571,-2.5133874803751564,-0.8252696272375561,15.602691781814379,-6.383422749307659,0.26433391192844186,0.19604942687808843,0.18320256301995372,0.2222098423719272,0.1342042558015888,#aea8a1,#292a2e,#ecf1f1,#7c6650,#57636b
25473554137312403,,,Uploaded by user,Hairdo,"Fri, 02 May 2025 04:36:35 +0000",https://i.pinimg.com/originals/06/f6/03/06f603009a2f643f3c7365763c82db6d.jpg,messy_girl_,https://i.pinimg.com/originals/06/f6/03/06f603009a2f643f3c7365763c82db6d.jpg,78.26327309231976,33.477477773820496,11.618152795210868,60.832791413160244,61.774908228219026,1.3305864770010132,6.835369862048294,3.4725464220718694,6.937668358646814,-0.16354804235468023,2.9526585405110977,13.99483934213205,6.958871473593199,17.551825750038596,-0.5933296351399369,0.07041782186972378,0.34002151912066925,0.13124221384685655,0.13066635005429877,0.3276520951084516,#c6c0bc,#604a38,#261c15,#aa8d74,#949596
8796161769721889,,,Uploaded by user,things I would post,"Mon, 04 Aug 2025 15:49:46 +0000",https://i.pinimg.com/originals/e3/80/0b/e3800b08193d98ffb8586d2cb1e0eef7.jpg,messy_girl_,https://i.pinimg.com/originals/e3/80/0b/e3800b08193d98ffb8586d2cb1e0eef7.jpg,27.458587107987412,59.33547215282762,75.90789690452587,47.31666159727051,5.4429720236464405,11.38250744059878,4.277333603083356,3.0336002285011583,7.560502065666018,2.3368310646042016,9.846050766836104,6.959535796248089,12.008651559335416,10.604397833786066,-0.20649860537451126,0.06041565800563057,0.2658525651370882,0.19575376118493015,0.19176753277027633,0.2862104829020747,#563a32,#9b8b82,#c9b8a5,#836b5e,#151012
636203884951276383,Spiritual baddie,#baddie#diva#foodie,Uploaded by user,Pins von dir,"Wed, 07 Jan 2026 18:22:56 +0000",https://i.pinimg.com/originals/18/00/c5/1800c50f2f4b7b147190f12f550bcc56.jpg,messy_girl_,https://i.pinimg.com/originals/18/00/c5/1800c50f2f4b7b147190f12f550bcc56.jpg,55.58132932465869,69.04954065178225,18.50950511046113,52.18713498869053,39.18504466719681,7.6816874357390645,0.252098984087201,0.6668050700023411,1.1774961249773979,3.7140142750366953,23.494760325881366,0.5214991219849399,2.5102591848111935,5.472281691234068,12.237711470141765,0.10706883217324052,0.30039346481051815,0.1220175947409126,0.21511020881670534,0.25540989945862336,#9f7f5c,#a9a8a7,#2f2c29,#827b73,#695948
326722147990856933,,,Uploaded by user,messy girl aesthétic,"Tue, 30 Dec 2025 05:42:04 +0000",https://i.pinimg.com/originals/3f/66/2d/3f662d614b3e3e61c0f8efe9617cb6c2.jpg,messy_girl_,https://i.pinimg.com/originals/3f/66/2d/3f662d614b3e3e61c0f8efe9617cb6c2.jpg,15.002735855412475,81.75504851705833,50.17585290545524,68.20973826999013,36.606585314301505,1.067500487144415,-0.7122626215652295,8.15503557626047,16.209855528479757,-0.5835087295975239,3.3798491199075604,5.716452673306079,15.948041362936095,10.94519965443657,3.7902737111748577,0.17831548055013022,0.2735786437988281,0.17212549845377603,0.14098103841145834,0.23499933878580728,#292520,#cecbc0,#8e715c,#ca9b93,#575650
5629568279418854,🌸🍒,#beauty #fyp#girl,Uploaded by user,Meraal <3,"Wed, 02 Jul 2025 10:41:27 +0000",https://i.pinimg.com/originals/ec/4f/06/ec4f0643f6c3ee8de71041f56b543b66.jpg,messy_girl_,https://i.pinimg.com/originals/ec/4f/06/ec4f0643f6c3ee8de71041f56b543b66.jpg,23.437474642928898,73.40569796376221,49.11759018896568,20.764232478868482,4.463629120330054,2.789034578159749,15.669339358928148,3.483698191455081,14.311903089878783,3.004895609393278,4.865580862590473,23.36810904932672,4.714504074128818,22.988917680433573,2.972238243234999,0.2197427061201223,0.12143888946468363,0.1082227807431207,0.19462384049334094,0.35597178317873246,#3e3630,#dea88a,#7e726c,#4c280f,#160d09
7107311908455958,,Maya Alatorre - Throttled,Uploaded by user,2026,"Tue, 30 Dec 2025 16:14:50 +0000",https://i.pinimg.com/originals/79/2e/5e/792e5e32df0acd14827db596146dac14.jpg,messy_girl_,https://i.pinimg.com/originals/79/2e/5e/792e5e32df0acd14827db596146dac14.jpg,7.953647701604183,39.4212493876383,38.10191516108626,63.013803586989624,75.56939914712699,2.6239030509942194,9.465109128161938,3.2587630058934236,6.5158407633591215,3.424909842793399,3.9164105939136515,22.979229095511002,5.390038146960075,22.880426971693716,4.791993244950497,0.19501689111018558,0.1938877319635337,0.23266046554676292,0.3239113332407793,0.05452357813873849,#1d1611,#765637,#625751,#b29370,#c4b7b1
76983474877783922,,,Uploaded by user,Instaration,"Sat, 22 Nov 2025 20:39:00 +0000",https://i.pinimg.com/originals/56/db/76/56db764eae96c695b76335110e5f1f5b.jpg,messy_girl_,https://i.pinimg.com/originals/56/db/76/56db764eae96c695b76335110e5f1f5b.jpg,33.44223553137621,62.9662796504877,20.4109200104432,40.751692209488084,5.165862368695345,2.847818860068034,5.024365770915467,7.754224503254823,15.112722095031106,1.527158294545162,-14.313656946446049,4.945164310430722,12.589500240348045,34.18621906173001,1.3601357929317799,0.11315249114029602,0.056519178653324995,0.17037679799874922,0.08578434438190535,0.5741671878257244,#464e65,#a5958f,#412c1f,#845527,#14100e
122863896084178063,putting on makeup in a messy room,,Uploaded by user,references,"Mon, 02 Oct 2023 15:21:17 +0000",https://i.pinimg.com/originals/7a/56/88/7a568823e8e00c6ca9f53a2ccff33afa.jpg,messy_girl_,https://i.pinimg.com/originals/7a/56/88/7a568823e8e00c6ca9f53a2ccff33afa.jpg,26.9737189380192,59.058140184707575,77.48967203660044,52.46572837610714,6.998821251806781,8.69655265998347,25.553510328563018,2.642291135164161,3.783024795752369,0.33507586833477543,16.13502244169226,30.663468671786553,5.142934568031295,12.375567733133982,1.2813274456375012,0.2296425925925926,0.040916666666666664,0.2280638888888889,0.2911287037037037,0.21024814814814816,#533a27,#c67b59,#c8bdb6,#8b7a68,#161513
2111131071028486,,,Uploaded by user,swift family tree,"Thu, 04 Jan 2024 21:35:35 +0000",https://i.pinimg.com/originals/8d/82/fa/8d82fab1dc85d8b247b4a5dab90dd6e8.jpg,messy_girl_,https://i.pinimg.com/originals/8d/82/fa/8d82fab1dc85d8b247b4a5dab90dd6e8.jpg,26.122629341637747,7.848591494720237,17.944468990064383,12.691164522826522,2.6625300727066215,7.040341357276817,5.80726636373412,6.117491157496754,4.555339473776826,1.6118127850276869,14.404951209881743,7.607117043303391,12.599267638620521,10.907110069975886,2.2331139018574193,0.22462203302373582,0.0919594943240454,0.275327657378741,0.21625128998968007,0.19183952528379772,#4f3928,#22140a,#392819,#2b1e11,#0f0804
986358755864738853,,,Uploaded by user,random’s,"Wed, 17 Aug 2022 05:02:37 +0000",https://i.pinimg.com/originals/2a/f4/a0/2af4a0f3f63b265bee3659dfd17da53c.jpg,messy_girl_,https://i.pinimg.com/originals/2a/f4/a0/2af4a0f3f63b265bee3659dfd17da53c.jpg,59.19589263186951,11.522539626673225,22.959150491893478,78.66275643113423,40.661645109781354,-0.9908420929980449,1.2275492674222248,1.1659989137827056,-1.0793513524931744,-0.4591362233960051,1.291261118564047,2.128206129103584,5.637063842838975,-2.8597195931291126,2.7222483336446746,0.16530247161476397,0.2051428084650676,0.2701519963978436,0.16614703126331035,0.1932556922590145,#8d8e8c,#211d1b,#3b352e,#bdc3c7,#615f5b
117375134032402757,,girl mess,instagram.com,Mood board 2025/2026,"Thu, 18 Sep 2025 06:44:00 +0000",https://i.pinimg.com/originals/1a/fa/b9/1afab940a5ed8865668a84fcd58d53bb.jpg,messy_girl_,https://i.pinimg.com/originals/1a/fa/b9/1afab940a5ed8865668a84fcd58d53bb.jpg,34.64266887960358,14.373285969939019,71.81829885959894,41.303037017619964,72.08666861009132,20.866469452425342,10.80296914136823,13.658046352132423,48.299488583939706,5.322932544031902,30.163969767210443,12.18800470599688,33.90042357946578,20.29045094587821,14.737889761370916,0.19488618827160495,0.17650347222222224,0.23082523148148149,0.051486496913580246,0.3462986111111111,#7a4321,#361e13,#dba572,#ac3742,#c4ac96
37436240649479088,,,Uploaded by user,Vibes FR,"Mon, 09 Jun 2025 03:45:56 +0000",https://i.pinimg.com/originals/1e/c4/5a/1ec45acc3e036b9073d854eba7212a18.jpg,messy_girl_,https://i.pinimg.com/originals/1e/c4/5a/1ec45acc3e036b9073d854eba7212a18.jpg,16.767792582213723,93.56829243165751,33.23365686222386,49.69359333385067,72.72380008812233,-0.21723020410350458,-0.5243925744379031,6.1640638896861635,-0.691484119316451,-4.185769217830263,0.9402166988583938,-0.5200589758016925,9.036294068975245,3.5462302890648445,-1.591568695308847,0.3438980420248329,0.2308989971346705,0.20911771728748807,0.12100644699140402,0.09507879656160459,#292928,#eaeced,#5d4a40,#777670,#a8b4b5
4151824651880834,,she's a messy girl,Uploaded by user,art direction,"Wed, 12 Feb 2025 22:14:50 +0000",https://i.pinimg.com/originals/6c/7a/cf/6c7acf0393bddd8f3f9ff5dbed0f119a.jpg,messy_girl_,https://i.pinimg.com/originals/6c/7a/cf/6c7acf0393bddd8f3f9ff5dbed0f119a.jpg,30.60629185562012,54.19509278313886,57.06898192571458,81.92219633760516,8.505735231201264,5.932466395574529,19.079001620595783,-0.5774900063926474,1.2649578550122964,2.186430255385434,9.41410809510596,20.92177928698969,7.654865542082203,7.968082621693076,-2.2137341544792424,0.1958865017361111,0.14290147569444445,0.2718630642361111,0.16922743055555556,0.22012152777777777,#564439,#ab745e,#8d887b,#d4cabc,#1a171b
6051780737548206,,,Uploaded by user,Times w. friends,"Sun, 19 Apr 2020 07:42:25 +0000",https://i.pinimg.com/originals/1f/ad/75/1fad756be524325c8d39fcc72789b81c.jpg,messy_girl_,https://i.pinimg.com/originals/1f/ad/75/1fad756be524325c8d39fcc72789b81c.jpg,75.1923010325992,8.698643099877373,55.08896796196525,54.666505852549946,29.23538753689466,3.9653832147926176,2.8225207423951235,5.091836358049733,22.777479887176035,9.159539837735265,10.684092460732895,-7.403445088873982,12.691544547833136,15.370043778540982,3.9076094603650273,0.34750961250230583,0.24390859908227264,0.15004690958771444,0.10614645302988379,0.15238842579782327,#c8b6a5,#171822,#95806e,#b07369,#553f3f
703756182556503,,,Uploaded by user,riri dream ♡,"Sun, 06 Dec 2020 16:42:34 +0000",https://i.pinimg.com/originals/58/fb/24/58fb24417ad740702bd75d9ec07e92c2.jpg,messy_girl_,https://i.pinimg.com/originals/58/fb/24/58fb24417ad740702bd75d9ec07e92c2.jpg,49.096290454725825,6.420112054307204,81.57977933832906,26.320618239557877,45.36713632784768,53.574245694523796,1.152836251376784,7.507612792025385,3.9019258235564327,10.490615930682333,36.4047849397295,0.10817720780656792,40.810968199133164,0.20620039439690174,16.350854525708005,0.02030359820089955,0.27655172413793105,0.04391804097951024,0.3834895052473763,0.27573713143428286,#ce443a,#161314,#f0c37e,#443c3e,#856450
580260733225685063,,,Uploaded by user,c’mon summer,"Mon, 30 Dec 2019 03:22:20 +0000",https://i.pinimg.com/originals/51/6e/74/516e741d0d129269563d82c321abef34.jpg,messy_girl_,https://i.pinimg.com/originals/51/6e/74/516e741d0d129269563d82c321abef34.jpg,25.420831345265782,76.82404235218026,12.006501719952233,49.44717094834846,47.207698358638815,4.44851316051958,1.4297111830989109,2.6188868796768103,-1.3284607900647867,18.793466659379988,1.4552359186894892,0.7393566822290139,-0.8316526056669695,7.274355355021071,15.221219687556395,0.3206423094271538,0.15196752368064953,0.32216508795669824,0.11404600811907983,0.09117907081641859,#43393a,#c0bcbc,#221e20,#787569,#956357
16184879907411846,,,Uploaded by user,aesthetic,"Fri, 20 Jun 2025 15:28:00 +0000",https://i.pinimg.com/originals/67/04/e5/6704e53eaf2251d1f066c4673bf6d2f5.jpg,messy_girl_,https://i.pinimg.com/originals/67/04/e5/6704e53eaf2251d1f066c4673bf6d2f5.jpg,47.79567047005345,94.90015246937514,2.611495878683641,69.55730015449754,28.979812726125136,8.551864285678064,-0.16825944750730315,2.002198864576369,3.6633651995569156,5.736389030151866,21.204558730312133,4.4199843743170035,1.985626892863083,18.159429629921643,17.03680071354134,0.3326765899864682,0.17741813261163736,0.09774650428506991,0.23218222823635543,0.1599765448804691,#8b6b4e,#f3f0e7,#0f0704,#bda689,#55402a
8585055536235325,lyra abbott,,Uploaded by user,101,"Sat, 15 Nov 2025 02:25:50 +0000",https://i.pinimg.com/originals/43/47/58/434758a019e1bb05540148187f7238d3.jpg,messy_girl_,https://i.pinimg.com/originals/43/47/58/434758a019e1bb05540148187f7238d3.jpg,87.191315710322,33.120850329959666,10.480203335616494,70.6906373808315,53.87220626593757,3.3971984747435706,10.788955687306647,2.4745300769721323,6.970410450310081,17.312829419978417,10.907982977449597,18.464468349379388,2.4046263052314405,15.651725383914224,25.244341201583413,0.428039241590437,0.11109870986551988,0.14710015853347425,0.16253895003462226,0.15122293997594666,#e9d7c6,#664631,#211b19,#c4a790,#a97456
68820700548758889,,,Uploaded by user,hair,"Tue, 08 Nov 2022 02:25:26 +0000",https://i.pinimg.com/originals/72/a9/78/72a978a86279987fdccc1951d9471ec2.jpg,messy_girl_,https://i.pinimg.com/originals/72/a9/78/72a978a86279987fdccc1951d9471ec2.jpg,39.916448195757056,59.09278444859255,80.81231269978291,14.284298864584066,70.0533701132535,14.258833011106576,4.607080599664219,2.276520089905601,7.683883748412723,6.1089315288035415,20.987598662395715,7.912128833180783,13.791663782054483,8.325688754833411,42.53438100236265,0.1597119436735533,0.2452461712406208,0.34212406208243396,0.18825932778291704,0.06465849522047487,#7d543c,#9c8b80,#d7c6af,#321f18,#cda55d
670966044515351176,𓆏,,valenksa.tumblr.com,Refashion clothes,"Sat, 05 Oct 2024 19:22:06 +0000",https://i.pinimg.com/originals/98/8c/e0/988ce01268de185f51e879aed7366ec2.jpg,messy_girl_,https://i.pinimg.com/originals/98/8c/e0/988ce01268de185f51e879aed7366ec2.jpg,87.76773722051969,41.067361450901174,16.95365301516822,61.402754707093266,70.14434494893034,0.22605002103283856,1.5590397621539063,1.213585052167864,1.652073322155872,-0.9065372736173569,-3.4374142440577375,-1.6236988489959918,-2.756912922417088,-1.2013007756432277,-15.541992420554148,0.26098302738927737,0.16712558275058276,0.1848666958041958,0.09884724650349651,0.28817744755244756,#d9dce2,#626063,#29292d,#969396,#99adc7
7529524373180111,,"clean girl aesthetic , it girl , skincare , hair care , everything shower , body care , vanilla girl aesthetic , clear skin , korean skincare products",amazon.com,This is me Maelie,"Sat, 29 Nov 2025 01:42:10 +0000",https://i.pinimg.com/originals/9d/06/de/9d06de3b57d216bb9c098436e9e34857.jpg,messy_girl_,https://i.pinimg.com/originals/9d/06/de/9d06de3b57d216bb9c098436e9e34857.jpg,18.432822316707366,66.58484926530937,71.94511921778286,56.97291107472272,45.06830230782314,7.434624662919938,1.104944378914103,-1.6453654228633168,2.7730782569164973,2.7893618795094044,10.412125977284267,11.27400779866775,-22.743817365612497,24.28981375978379,11.303771023956593,0.08664991598649542,0.37367802279549084,0.062197564388678205,0.16831260306610277,0.3091618937632328,#3b281e,#aca08d,#93b3d9,#9c855e,#766858
2955556001535890,,,Uploaded by user,ss,"Wed, 16 Oct 2024 18:53:36 +0000",https://i.pinimg.com/originals/cf/35/ab/cf35ab58d1a71c67823ded9701083f51.jpg,messy_girl_,https://i.pinimg.com/originals/cf/35/ab/cf35ab58d1a71c67823ded9701083f51.jpg,47.82218833903257,4.599767750351283,71.58119293320176,31.79231305784971,39.86276062974915,0.8387940979370656,1.143372096462481,2.0826463079738926,1.152970443403805,19.738814777593642,9.904863595293083,1.9742278992811766,10.623082543365774,7.509367859166075,21.069930907317904,0.15837585034013604,0.3342793367346939,0.21553541059280856,0.18720845481049564,0.10460094752186588,#797060,#130e0b,#bbad9c,#51493f,#85503c
764767580517480810,"climb tree in 2025 | Nature aesthetic, Scenery, Aesthetic pictures",climb tree,sites.google.com,She likes earth Pokémon 🪵,"Mon, 12 Jan 2026 14:24:02 +0000",https://i.pinimg.com/originals/da/21/7e/da217ea8ee9fbbc7dac7b708120403a0.jpg,messy_girl_,https://i.pinimg.com/originals/da/21/7e/da217ea8ee9fbbc7dac7b708120403a0.jpg,45.81958879374776,41.992463291334765,84.37116858151055,70.5182536257814,15.229146375437757,-18.741962532807776,-7.736285580010701,-4.190830039223401,-22.11947976798147,-1.5403231248501879,29.409599005968285,8.84836050374371,7.106742635789921,47.93349457232358,-0.7891173435142651,0.24149980135081447,0.32333035359555024,0.1265554231227652,0.11018673023440603,0.19842769169646404,#5d7339,#5b6654,#d0d4c5,#a0b551,#232627
68749209362,,,Uploaded by user,I WANTTTT🙏✨,"Sat, 09 Aug 2025 16:39:42 +0000",https://i.pinimg.com/originals/3f/45/4b/3f454b2cd53605beeef8a4822234d833.jpg,messy_girl_,https://i.pinimg.com/originals/3f/45/4b/3f454b2cd53605beeef8a4822234d833.jpg,52.921340157045464,84.04249199509592,35.02764342667199,62.377802083436734,16.413462742729514,11.951746753048111,-0.18758663735638498,-3.4695858834537154,-3.236457256713449,0.4702823889952432,21.214314322784386,5.0370929282160395,-1.0890426782908489,-1.9984138118058246,-4.671123464026657,0.08746803069053709,0.09253253140721171,0.22536185042578905,0.2250751805739018,0.36956240690256037,#9d765a,#d5d1c8,#4b5453,#8e989a,#25282f
341569953009837919,messy,messy hair,Uploaded by user,Hair styles,"Mon, 06 Oct 2025 22:56:31 +0000",https://i.pinimg.com/originals/4d/c0/e4/4dc0e42fde50fd336aadabf7a8919789.heic,messy_girl_,https://i.pinimg.com/originals/4d/c0/e4/4dc0e42fde50fd336aadabf7a8919789.heic,66.0498916566827,11.449615271950485,47.25682817669468,82.86108663785805,28.42536706715713,0.13928349683869157,0.8423420674361303,3.8693489557520535,-2.9287611649280803,3.4505527138906134,13.155024142444898,4.099196723900299,16.17158531394601,7.679790923538389,13.640841168553909,0.16330248239326337,0.19009948253644393,0.23837902247935067,0.17368419286423797,0.23453481972670406,#aa9f89,#211d18,#806c55,#cecfbf,#4f402e
1407443629842516,hair inspo,,Uploaded by user,inspo 💋☕️,"Wed, 02 Jul 2025 21:44:06 +0000",https://i.pinimg.com/originals/1a/de/48/1ade48a838c2affcfe45b770437720ff.jpg,messy_girl_,https://i.pinimg.com/originals/1a/de/48/1ade48a838c2affcfe45b770437720ff.jpg,57.78226623939218,81.39252019746567,33.03923913525377,12.403272867205828,35.20527021281172,6.786143238548187,-0.8892752458294773,11.950343303646179,5.798803172388341,1.060374417000559,21.76678263166596,-6.107632759720646,26.971587010190518,8.95053009690725,2.0979409419251738,0.45371768904320986,0.16721305941358025,0.15861545138888888,0.10868875385802469,0.1117650462962963,#a38565,#c2cbd5,#6a4522,#2b1d14,#56524f
253820128991704787,💖 @maddietuthill,,Uploaded by user,a story I may write one day,"Sat, 29 Oct 2022 09:50:13 +0000",https://i.pinimg.com/originals/97/5d/a0/975da0d7ab17a20ca03629668a12e8c1.jpg,messy_girl_,https://i.pinimg.com/originals/97/5d/a0/975da0d7ab17a20ca03629668a12e8c1.jpg,25.863361481144324,98.69583266243869,76.06611869445311,8.12386758709749,44.26590512116667,6.589515780408735,-1.6848024126292094,5.302803661589409,0.26793118284395323,7.116776142801816,16.361758630069833,6.0458314414687155,24.761536721927968,6.544496324498995,19.969363545984955,0.3322064975522919,0.09175967957276368,0.12738940809968846,0.20721495327102804,0.24142946150422787,#4e3924,#fdfbef,#d5b68e,#1b170d,#7f6347
10977592833423189,,,Uploaded by user,Рисунки,"Fri, 16 Dec 2022 16:26:07 +0000",https://i.pinimg.com/originals/54/40/f7/5440f77e0db45e468b827a310494829f.jpg,messy_girl_,https://i.pinimg.com/originals/54/40/f7/5440f77e0db45e468b827a310494829f.jpg,42.239679936471916,3.707127857173848,60.04764824025419,23.868107557903212,77.66303089005282,4.957103194133801,0.33502802351451955,5.07040239942742,2.871256637388009,3.7971812175357513,2.659192172038574,-0.9454250471934098,4.086506419797047,0.8795519974151836,5.852514948984573,0.1977998786139925,0.3193721032884573,0.1490440851909071,0.1945900463473847,0.13919388655925843,#6d605f,#0d0d0f,#9c8d89,#3d3737,#cbbdb5
14214555064951459,Ciao Bella,,genterie.tumblr.com,Svetlana Ledyanoy,"Thu, 16 Dec 2021 23:43:13 +0000",https://i.pinimg.com/originals/44/9b/41/449b41c707ea810922bcd75bb67a8bf1.jpg,messy_girl_,https://i.pinimg.com/originals/44/9b/41/449b41c707ea810922bcd75bb67a8bf1.jpg,27.56182212288051,53.01570981769892,4.309019361556743,73.82077044116137,48.50018235727812,9.557846465128707,2.4983353456027624,0.6907875276447175,9.621605038647987,17.779958161774402,20.002697307023784,13.802175743960213,2.496044788182285,27.385893091881705,30.48007064062441,0.17861454046639233,0.2576508916323731,0.17328532235939642,0.16713648834019204,0.2233127572016461,#573a22,#8c7c67,#120e09,#d7ad83,#9d6640
16958936097165164,,,Uploaded by user,2026 IS MY YEAR,"Thu, 01 Jan 2026 20:49:56 +0000",https://i.pinimg.com/originals/f0/87/a9/f087a91e2501f198bad55f7add9e9260.jpg,messy_girl_,https://i.pinimg.com/originals/f0/87/a9/f087a91e2501f198bad55f7add9e9260.jpg,49.93146118306239,9.039710460897368,67.48900001562963,27.594902492033086,85.58191241355647,-0.2832752057846093,3.0897007271949555,-1.0101953682594171,2.763625877700938,-1.1672303957438437,7.836198361658553,6.719511381163023,5.0549296660230745,15.544874135117176,3.7166121570423423,0.2021022861531191,0.1112875118147448,0.2727766127126654,0.18138217745746693,0.23245141186200377,#7b7669,#20170f,#a6a49b,#4d3e29,#d6d6ce
81979655712132662,,,Uploaded by user,🎀💘~_~💘🎀,"Sun, 16 Nov 2025 06:44:26 +0000",https://i.pinimg.com/originals/6c/b0/0b/6cb00b6560b96116f9c1011ca5944fb7.jpg,messy_girl_,https://i.pinimg.com/originals/6c/b0/0b/6cb00b6560b96116f9c1011ca5944fb7.jpg,6.775875166458494,46.35632021945216,22.04988701193579,33.42669014773565,65.04194883513247,3.033243098132224,3.278411940935954,5.468268486763012,14.201263796205268,9.580791372227619,3.4409114145954742,12.057556495063075,10.205722506825355,21.159305734817487,26.199901566382202,0.24091425351414514,0.18692674292655354,0.34408605921802926,0.13885717726185737,0.08921576707941468,#1b130f,#7b6b59,#413125,#6c452d,#be966f
211174977789026,🎧,,Uploaded by user,H:A:I:R,"Thu, 12 Dec 2024 11:13:41 +0000",https://i.pinimg.com/originals/8b/fc/af/8bfcaf50e1f7ff3dadbad833f0c66550.jpg,messy_girl_,https://i.pinimg.com/originals/8b/fc/af/8bfcaf50e1f7ff3dadbad833f0c66550.jpg,41.49881254051762,10.656018773034198,56.17781251213471,25.804605618361993,80.65066321134984,13.418989438114066,2.945614496358929,7.147594307965906,6.407270449885944,0.4099564229853012,23.420349478032986,3.4903969198107507,20.12671098583045,10.433815119582356,12.424878934087179,0.22351529459823144,0.2837785747468922,0.1806681925221069,0.19523991173266692,0.11679802640010252,#81583b,#221b18,#9f8164,#4b392d,#d2c7b1
2462974788177271,≈ 🦋,,Uploaded by user,taylor swift's it girls,"Wed, 23 Mar 2022 21:47:55 +0000",https://i.pinimg.com/originals/4a/91/24/4a91240db3ba5d9d1db0272e6d432e7e.jpg,messy_girl_,https://i.pinimg.com/originals/4a/91/24/4a91240db3ba5d9d1db0272e6d432e7e.jpg,12.901255431633224,66.05959120381328,96.19081917648228,46.55663112414883,34.97792450843161,0.6633077642480281,2.990583285381796,-0.6244014332275327,16.18755179723499,3.9082010317508318,-0.11968418274223502,8.714118643236699,1.6772351912425438,16.23331071746147,-0.33108844191025977,0.3757243405767391,0.10649514828481618,0.18092455924559245,0.10801899685663523,0.22883695503621704,#222121,#ac9e91,#f4f4f0,#906353,#585052
653514595925864279,•Marauders Instagram•,,wattpad.com,My favorite,"Sun, 03 Jan 2021 00:36:27 +0000",https://i.pinimg.com/originals/b3/96/68/b396687e63e0881bbbc74c077c2a7fc3.jpg,messy_girl_,https://i.pinimg.com/originals/b3/96/68/b396687e63e0881bbbc74c077c2a7fc3.jpg,8.304298307530669,70.70290527211445,49.45782735563377,89.65824795069693,29.317455255646465,1.0216811386986886,8.189936509728916,5.62083671623675,3.5963671295583435,7.733647607086141,2.441640701469068,18.12371982380284,14.03653613960213,9.308866020411747,13.878095129877963,0.5104574932739895,0.13966332580463015,0.18042004351147573,0.050248903909389846,0.11921023350051484,#1a1714,#c7a68c,#87715e,#efdecf,#57402f
10273905395429701,,,instagram.com,2026 vision board,"Sat, 27 Dec 2025 18:23:18 +0000",https://i.pinimg.com/originals/d8/6d/b5/d86db50d85a26b57f8b24e2642bba591.jpg,messy_girl_,https://i.pinimg.com/originals/d8/6d/b5/d86db50d85a26b57f8b24e2642bba591.jpg,37.86562108246904,5.848426579793852,56.31712110101007,18.955260260591963,57.18261685634981,5.152114972213113,10.261691303358312,1.6242906936531547,3.5472723924549094,6.883731099891849,16.50093651583324,6.075753146589681,16.35247094432123,13.423964743190009,-5.491851035784226,0.26554513888888887,0.2749097222222222,0.13834027777777777,0.28008680555555554,0.041118055555555554,#6a553e,#220c06,#94856a,#392b1a,#918592
288300813667578692,,,Uploaded by user,MARCA GLOBAL,"Wed, 04 Jun 2025 22:50:40 +0000",https://i.pinimg.com/originals/d1/8b/9a/d18b9a916f3582db1c09a32dcb7397b1.jpg,messy_girl_,https://i.pinimg.com/originals/d1/8b/9a/d18b9a916f3582db1c09a32dcb7397b1.jpg,89.48572941280716,8.089633365914985,19.968896618997604,58.499812078243025,34.9326429475459,2.232108249543831,8.598692715381837,19.708489718188588,35.42629731502765,29.951284802530413,12.73613371365068,9.199996825824233,26.128474785057268,61.734626917304304,42.58028654723225,0.004883263096373312,0.27807574166274834,0.2973528209770481,0.12929935885886545,0.2903888154049648,#efdec8,#261207,#512307,#d87015,#883b08
65020788365134033,,,Uploaded by user,Work ⌨️👠👓💗,"Mon, 17 Nov 2025 12:43:06 +0000",https://i.pinimg.com/originals/3c/ed/33/3ced33f98cdee48b112f91bc6608f00a.jpg,messy_girl_,https://i.pinimg.com/originals/3c/ed/33/3ced33f98cdee48b112f91bc6608f00a.jpg,31.358938342642432,87.28272057334476,3.7311348292255886,40.42822202054497,59.78383264609185,-5.1354717899483235,-0.6519368934226363,-1.4114088948926455,5.733791608839766,-2.2577445454048752,-4.161929928118691,-1.3378162097153192,-0.684063566173924,15.19487303282295,-3.0074622963247046,0.28483776847916414,0.20985579827133646,0.20566043952423313,0.12954726002072053,0.1700987337045457,#3d4c50,#d8dbdd,#090e0e,#715b46,#899195
254805291412309790,,,Uploaded by user,messy,"Sun, 02 Feb 2025 20:46:28 +0000",https://i.pinimg.com/originals/a7/96/bc/a796bc0a2e1fa9265fa012e7657347e1.jpg,messy_girl_,https://i.pinimg.com/originals/a7/96/bc/a796bc0a2e1fa9265fa012e7657347e1.jpg,66.78671841154352,7.303151285862068,43.131817605904594,40.78149418277442,23.3647240280895,2.8107622543396067,0.15854640134702214,-1.8717319783447173,25.286590635275118,3.2728751248302146,15.923640989749014,-0.3669685006289347,-0.623499991653218,25.21208003201781,7.993283812069665,0.19017861100031025,0.3490268913708284,0.12744315915436777,0.09027777777777778,0.24307356069671587,#b29f86,#161616,#626666,#8f4e38,#40352b
176695985377140575,,,Uploaded by user,life,"Thu, 04 Sep 2025 22:37:55 +0000",https://i.pinimg.com/originals/79/e5/e2/79e5e2f84486817bd9107502c731d797.jpg,messy_girl_,https://i.pinimg.com/originals/79/e5/e2/79e5e2f84486817bd9107502c731d797.jpg,37.89543452443378,76.30211618925526,15.267137859424935,44.85891037450952,58.41106239532855,25.80182295224788,1.2216602673184758,5.38631336970135,1.6768403799531486,1.7583930915763328,13.553201391389821,11.243436277034583,8.261566395395901,21.46884125555986,10.973342117082083,0.054195218966603655,0.20943932472169713,0.11250590737240075,0.3086126207729469,0.3152469281663516,#854744,#c7baa7,#31231a,#796846,#978a79
1266706140991980,,,Uploaded by user,photo ideas 📸,"Sun, 01 Jun 2025 05:09:16 +0000",https://i.pinimg.com/originals/70/ce/bd/70cebdc77e57a7f55ae524232de5438d.jpg,messy_girl_,https://i.pinimg.com/originals/70/ce/bd/70cebdc77e57a7f55ae524232de5438d.jpg,79.91397734148372,9.121361591305188,88.71495259124019,65.44992800699076,48.21786047935742,0.7811344243409315,0.2643204814785589,0.9743233617061609,0.056236318617012726,5.733317832283531,2.2930610261603674,0.6062057810547068,0.04718493243199573,6.688838598258167,20.047605372433484,0.2529089775206275,0.05723951357313839,0.4566230153237098,0.1633045116462799,0.06992398193624437,#c9c5c1,#1a1918,#e0dede,#a49e93,#876e50
46513808651209118,,,Uploaded by user,<3,"Thu, 02 Oct 2025 16:34:25 +0000",https://i.pinimg.com/originals/cd/30/93/cd3093adb8f2145320016470879455a2.jpg,messy_girl_,https://i.pinimg.com/originals/cd/30/93/cd3093adb8f2145320016470879455a2.jpg,34.550729875763395,71.47799329506977,8.652341201355732,83.44401512582724,52.066895017699636,7.067527302196517,9.543486398629556,1.9566891018623132,4.740580721154947,20.613058011629345,12.596364356187456,27.011358591666834,0.4848950361095117,14.178770469305986,24.403354851904258,0.19732997606701236,0.20264260071798962,0.17192361388113284,0.3303051455923414,0.09779866374152374,#634c3d,#d0a77e,#1b1718,#e3ccb5,#a96d53
82120393199755065,poses ideas for instagram photos,,instagram.com,I like,"Mon, 13 Nov 2023 07:36:29 +0000",https://i.pinimg.com/originals/3b/1b/33/3b1b33c490278ae6c5d1a444fe3fb613.jpg,messy_girl_,https://i.pinimg.com/originals/3b/1b/33/3b1b33c490278ae6c5d1a444fe3fb613.jpg,73.43630781111005,8.610249825080004,56.27244342554546,79.92634031371512,31.27536062188843,0.3172734682628037,0.7712257556511483,2.8825229708354434,-3.0787622515062276,0.028350976165515157,10.267245342347413,-5.627148981794129,12.158624508630394,-9.9697342024843,-3.842083072824941,0.3425327206906154,0.165879977722083,0.20097465886939572,0.2170460874408243,0.0735665552770816,#bcb3a1,#151820,#948472,#b6c8d8,#46494f
39828777963429310,willow hale aesthetic,,Uploaded by user,❀◕ ‿ ◕❀ ~,"Sun, 11 Jan 2026 16:57:11 +0000",https://i.pinimg.com/originals/b8/01/cf/b801cfa4ce094b325b0c8b09d9433cbc.jpg,messy_girl_,https://i.pinimg.com/originals/b8/01/cf/b801cfa4ce094b325b0c8b09d9433cbc.jpg,63.53279935245203,20.92222008171504,52.0826438838656,47.80784282828282,75.43859722945658,15.362578753444406,8.569625296293644,3.795643950492127,17.254870435463793,1.3422761323220218,15.09504416549242,10.429709915842636,7.196549443270144,14.745469934850451,14.18782518314406,0.19249757045675414,0.13580174927113703,0.14773011245314452,0.2905511592392059,0.23341940857975843,#bd8f7f,#432d23,#877970,#956659,#c6b89f
4362930884091271,,,Uploaded by user,palette,"Tue, 26 Aug 2025 00:18:01 +0000",https://i.pinimg.com/originals/23/ae/5d/23ae5d2961584ee6d00098521dc3e1dc.jpg,messy_girl_,https://i.pinimg.com/originals/23/ae/5d/23ae5d2961584ee6d00098521dc3e1dc.jpg,72.89684759665653,29.98190751883373,9.400430298180943,96.74915665123746,51.8674459999818,-0.03876156077543169,4.20400647912409,4.8262245444306195,0.5743520381881051,1.0360081962026133,16.300818611548916,17.94142578001757,9.134219744479825,1.1494129554851877,20.887089900449062,0.1786068313266721,0.22187636806853311,0.14252550031531871,0.24928064907439015,0.20771065121508592,#beb195,#55432a,#24170c,#f7f5f3,#8a7958
6614730694442355,,,Uploaded by user,inspo,"Wed, 01 Dec 2021 15:17:06 +0000",https://i.pinimg.com/originals/36/06/49/3606494c0c966f7a0bdf175f09ce992b.jpg,messy_girl_,https://i.pinimg.com/originals/36/06/49/3606494c0c966f7a0bdf175f09ce992b.jpg,83.58178237894562,9.995811009750561,24.646256034514735,66.95199636080234,39.342104357215284,-0.29620056572626496,-0.1571976526252694,36.18135412092056,0.12342549607225162,3.3160399863003267,4.899605381354235,4.747793962323872,26.73618317563916,7.7472222291778765,13.329811968682144,0.4291913026893,0.15805873032174766,0.025370824102466293,0.2722567819363547,0.11512236095013131,#d3d0c7,#1d1b15,#6f1b13,#a9a295,#6a5a47
1104156033663403171,,"Te ajudo a alcançar a sua melhor versão!
Quer ficar desse lado? 
Segue:@adivafocada💗

#glowup #aesthetic #viral #aquelagarota #dailyglowup",instagram.com,Social,"Mon, 12 Jan 2026 15:38:54 +0000",https://i.pinimg.com/originals/2b/3b/be/2b3bbe865ef121beaf47fd2750d85d1a.jpg,messy_girl_,https://i.pinimg.com/originals/2b/3b/be/2b3bbe865ef121beaf47fd2750d85d1a.jpg,30.686881228110913,66.02994702468183,7.749140404105859,40.21471031907786,50.204407630324795,12.050515255057887,3.5285596616293082,12.054160873948415,21.76341691575071,10.513523364950267,20.01187430261228,4.154623434037783,9.918113350871167,36.772001322617996,18.02330017382865,0.2169063464506173,0.23584635416666666,0.1985127314814815,0.12277150848765432,0.22596305941358025,#624029,#aa9e99,#290f04,#8c4f21,#937059
76420524923791262,,#girlhood #relatable,Uploaded by user,ૐ ꩜,"Fri, 24 Oct 2025 19:42:10 +0000",https://i.pinimg.com/originals/34/e5/48/34e5481610cfcbe72b554d5a710ab43b.jpg,messy_girl_,https://i.pinimg.com/originals/34/e5/48/34e5481610cfcbe72b554d5a710ab43b.jpg,99.19177313944485,1.6690139629385214,49.13202689123462,27.29955053495256,77.21278860974307,0.11431166846780227,0.3619225457396953,12.219163316840152,1.6515804221723724,10.05101342093715,0.0017934841130182733,-1.0700285188454568,5.934435747591848,-5.46953069346976,3.112562674287383,0.42023673469387757,0.3320353741496599,0.053978231292517005,0.1365047619047619,0.05724489795918367,#fcfcfc,#050508,#8c6d6b,#3e4048,#d3b8b9
7670261862391529,,,Uploaded by user,2026 🥰,"Thu, 08 Jan 2026 04:19:20 +0000",https://i.pinimg.com/originals/ab/6a/45/ab6a4591a7cece70067ef5695d3a7816.jpg,messy_girl_,https://i.pinimg.com/originals/ab/6a/45/ab6a4591a7cece70067ef5695d3a7816.jpg,71.851031731857,14.593703699138334,54.478672207939304,42.301869884165214,48.17369386120585,12.712995270078622,2.5653632826516803,-27.748244433329706,19.48413390876783,2.612743554662929,8.02818138912043,-8.174535445817394,18.430057920807133,16.089769843473142,-6.870742102614081,0.10311899556085602,0.42276883323394954,0.054727771152189755,0.3059588882263301,0.11342551182667462,#cca7a2,#222430,#588e61,#89564a,#71717d
1055599907066519,,,Uploaded by user,Quick Saves,"Mon, 17 Jun 2024 22:53:38 +0000",https://i.pinimg.com/originals/21/dc/ef/21dcef0620c148047f9cf10968b793e9.jpg,messy_girl_,https://i.pinimg.com/originals/21/dc/ef/21dcef0620c148047f9cf10968b793e9.jpg,62.583148429290226,48.063775179946234,27.014928632859956,77.92454381388877,65.71524320031051,-1.562836159622318,17.007891475405035,4.841425855109925,10.864828996045084,1.6141915459131253,-13.031836889562715,25.728133601488402,7.907322829008624,19.842452087000797,5.946926242935663,0.24947185777905934,0.12471915849673203,0.1624119929834679,0.2793707147891836,0.1840262759515571,#8799ae,#996647,#4b3c34,#e1b89c,#a79e95
844493676057798,,,Uploaded by user,me core,"Tue, 14 Oct 2025 10:45:11 +0000",https://i.pinimg.com/originals/3a/c9/ba/3ac9ba3b2c6896e7bb0a4012565ea786.jpg,messy_girl_,https://i.pinimg.com/originals/3a/c9/ba/3ac9ba3b2c6896e7bb0a4012565ea786.jpg,53.449729859568706,14.130588044297756,55.90158008868241,32.40711120451684,80.76875796672425,12.597277954145326,1.8122085814710762,4.35480265868771,10.539784751295155,0.4629212797208826,29.802227932334567,-0.5626031375611387,6.683956165481131,17.089781810748182,4.449053340919195,0.13438554852320675,0.2545648734177215,0.250526547116737,0.19392756680731366,0.1665954641350211,#a3764c,#262324,#92837a,#644531,#cdc7c0
99642210502218215,,yes,Uploaded by user,Locks,"Fri, 26 Dec 2025 13:29:58 +0000",https://i.pinimg.com/originals/2f/da/24/2fda245a5dfd6b2c998be08b3b71bfff.jpg,messy_girl_,https://i.pinimg.com/originals/2f/da/24/2fda245a5dfd6b2c998be08b3b71bfff.jpg,52.0280240099077,6.52029218747176,58.00169741783968,88.08965550396258,22.90895635381487,0.8199523645844544,0.02840812514875113,13.435713129744297,-0.47182708813597873,1.2876285511657712,-0.7855486103077483,0.7034032875642175,27.735015430793467,1.0376530407346798,-3.212147527190455,0.2599752053308539,0.24684332868433287,0.14822563148922982,0.15412056407872307,0.19083527041686038,#7c7b7d,#141413,#b0815b,#dcddda,#36363b
9570217953531720,,,instagram.com,tumblr girls,"Sat, 03 Jan 2026 04:23:12 +0000",https://i.pinimg.com/originals/3b/79/e7/3b79e7e1c0f88060c974b726171292a1.jpg,messy_girl_,https://i.pinimg.com/originals/3b/79/e7/3b79e7e1c0f88060c974b726171292a1.jpg,7.284810666219627,90.63289128995306,73.1614506198575,18.666353997086908,22.55905370756657,1.268883835774032,1.0068378461321508,3.1216956030103944,1.067614161327047,1.9606398792366664,1.3238555546718516,24.53648173828892,14.121824908913563,-3.087484792874247,11.224645333996069,0.45196228780864195,0.13791329089506174,0.10356288580246914,0.18375144675925925,0.1228100887345679,#181514,#f8e1b5,#c3b09a,#2c2d31,#3e3425
76068681202343153,getting ready ft.bday girl,,Uploaded by user,Ky's haircut,"Mon, 19 Jan 2026 03:41:00 +0000",https://i.pinimg.com/originals/9b/fa/7d/9bfa7d2643faf6f9dd63976044fa8b1b.jpg,messy_girl_,https://i.pinimg.com/originals/9b/fa/7d/9bfa7d2643faf6f9dd63976044fa8b1b.jpg,75.2944643324093,33.30665309473842,86.24376828844882,72.11856873364779,52.8006070306275,6.209983664804364,9.050881410954975,1.7116372299882023,-1.098069259367037,16.358392021237236,24.58553943952662,21.90220436024636,16.29884420647248,0.8009116942973442,34.96105789440737,0.1840603173458926,0.2999497388824811,0.19415659441881328,0.12144117246571831,0.2003921768870947,#d4b48c,#66482b,#e7d5b9,#afb1af,#a87242
199988039696341902,,,Uploaded by user,Asthetic,"Thu, 20 Oct 2022 00:51:24 +0000",https://i.pinimg.com/originals/fa/a1/c9/faa1c95c4a06d41263d86f1caee2e755.jpg,messy_girl_,https://i.pinimg.com/originals/fa/a1/c9/faa1c95c4a06d41263d86f1caee2e755.jpg,14.563116277195732,48.396586865415635,68.412179282458,87.24288153306438,54.85216307520043,1.433855495327821,-0.05094633856585151,-1.5002956762179798,0.046770068583247726,14.449244618714065,5.643264596272213,10.453307776399118,7.936219966108024,-1.0940336900888417,22.51869328778785,0.14553814382896016,0.16869290573372206,0.34814139941690964,0.220317055393586,0.11731049562682216,#29231c,#7a7261,#aaa798,#d9dadc,#a7795d
306033737200645069,messy girl,messy girl aesthetic mess coffee coffe makeup cosmetics expensive cool icon hot girl,Uploaded by user,cosmetics+beauty supplies,"Tue, 17 Jun 2025 23:49:21 +0000",https://i.pinimg.com/originals/e0/25/28/e02528fb967df1ecd3f7970e51aee453.jpg,messy_girl_,https://i.pinimg.com/originals/e0/25/28/e02528fb967df1ecd3f7970e51aee453.jpg,4.482775785081419,64.10837951700506,18.260653776469425,66.94388421202936,40.39666861123613,3.1631085465113706,5.008421653769458,6.290349675843978,-1.4411131975496922,2.8880348033176584,3.073069410296436,30.509800393264523,9.24523238880788,4.638514497817598,14.15624758138615,0.25643798828125,0.0940361328125,0.3854833984375,0.10969189453125,0.1543505859375,#160d09,#b69665,#39281f,#a3a39a,#6c5c48
2392606048667944,,,Uploaded by user,VISION BROAD  ig,"Thu, 18 Dec 2025 01:03:35 +0000",https://i.pinimg.com/originals/68/cb/51/68cb51f5bc5a4a1af61129ace067650b.jpg,messy_girl_,https://i.pinimg.com/originals/68/cb/51/68cb51f5bc5a4a1af61129ace067650b.jpg,25.431397454002713,82.01109506675456,47.666192128104164,69.88993001748949,51.27675192130743,-1.3508689621401788,1.6881048162184586,10.686754493735428,5.1103587338418155,-1.0532271349972375,6.185898074697734,6.279577777165571,21.17974067822888,26.180670656708436,2.3927458925765652,0.3532225740261652,0.10996719080463285,0.1719543977988308,0.1380987104734253,0.22675712689694588,#3e3c32,#d4cac0,#8d694d,#c4a67b,#7a7a76
271201208805545936,💄,#messy #clean #cleangirl #makeup,Uploaded by user,self-care🪞,"Sun, 16 Feb 2025 17:04:51 +0000",https://i.pinimg.com/originals/34/c8/ff/34c8ffd2bb721e6a791a04ffff03c64f.jpg,messy_girl_,https://i.pinimg.com/originals/34/c8/ff/34c8ffd2bb721e6a791a04ffff03c64f.jpg,69.78958654221948,28.468422981284988,53.97090743789783,60.410776133131804,84.36707991166283,2.076936928014395,5.869432373613018,-0.06345677244175896,20.700625820205232,0.6421855407532286,7.306934011398919,12.102249826678072,7.468601612901338,22.11498839921714,5.609678313256382,0.21095148533950617,0.12752845293209877,0.2730811149691358,0.05537374614197531,0.33306520061728395,#b4a89d,#523f30,#868074,#c0836b,#d8d1c8
4011087181386023,widget,,Uploaded by user,Visionboard,"Mon, 29 Dec 2025 10:17:54 +0000",https://i.pinimg.com/originals/ec/84/cf/ec84cf8aadfdee6b479f4fe5efc69a29.jpg,messy_girl_,https://i.pinimg.com/originals/ec/84/cf/ec84cf8aadfdee6b479f4fe5efc69a29.jpg,66.19942235656745,14.535809145460362,84.78599794627232,36.455317207852666,38.72352064957053,-0.24672923569265015,-2.992163568607441,-0.7598226168451195,-3.6019911063184855,16.333852704705656,3.647371630436607,-4.783595528602035,2.894697359154752,-5.687984442667136,21.452090692307614,0.08542245096880907,0.15065830281190926,0.5072623759451795,0.1945094665642722,0.062147403709829865,#a3a09a,#1b262b,#d4d3ce,#4a575e,#7d5039
361695413843569082,,,Uploaded by user,Hair,"Tue, 18 Nov 2025 13:51:23 +0000",https://i.pinimg.com/originals/93/85/80/938580abd8e87c9d070a466c0069017f.jpg,messy_girl_,https://i.pinimg.com/originals/93/85/80/938580abd8e87c9d070a466c0069017f.jpg,39.19544326647264,71.67630730966206,56.766023463952614,6.162272616875065,21.57836433178259,15.512131127009749,2.1858399269953477,14.065494620463138,6.892851306750469,15.109481620108394,19.791727000920343,5.954462778862229,18.44852318607094,5.929570586637709,19.270899437401905,0.18657451165721486,0.2674292099873976,0.21819126102709516,0.07836006419344675,0.24944495313484563,#7d523c,#b8ada4,#aa7e68,#1f0f08,#4e2a17
211598882486840032,,,Uploaded by user,vibes 💌🔮✨,"Fri, 09 May 2025 03:56:29 +0000",https://i.pinimg.com/originals/d3/ff/46/d3ff4678c1be5c94d17d38f3dfc69ad8.jpg,messy_girl_,https://i.pinimg.com/originals/d3/ff/46/d3ff4678c1be5c94d17d38f3dfc69ad8.jpg,7.5842876537136465,35.84402933691463,16.866245155913585,21.674423501055223,56.83193607089885,2.6404378436167106,12.388095374172774,17.10819244949608,2.7481075336747227,4.647247152159566,5.68749908265379,25.476327908309692,15.196165225942273,10.492365371843395,20.354264791652625,0.4205576559546314,0.10425330812854443,0.1437116020793951,0.1877850307183365,0.14369240311909262,#1d150d,#724b2b,#441e14,#3d3224,#9d8465
4644405860194494,,,Uploaded by user,Fashion,"Wed, 12 Mar 2025 22:58:11 +0000",https://i.pinimg.com/originals/32/12/3d/32123de50077d35a74960145fbb0f954.jpg,messy_girl_,https://i.pinimg.com/originals/32/12/3d/32123de50077d35a74960145fbb0f954.jpg,50.56431870575482,70.17176060856791,11.865877303717774,68.59437852185661,34.650604833032446,0.21030466415110216,0.1085499396680869,1.3667951079025538,14.276440483539746,2.1189738563929836,2.791578610131653,2.9691935287745252,-0.004435762609717564,23.33042145540722,8.680364969993768,0.3555121808494256,0.25165927500076996,0.0794488589115772,0.05777048877390742,0.2556091964643198,#7a7873,#aeaba6,#211e1f,#ce9c7d,#5a4f43
48061921671244214,,,Uploaded by user,DONT DELETE THE KISSES,"Thu, 15 May 2025 03:54:23 +0000",https://i.pinimg.com/originals/66/b4/29/66b429864919b6e8aae45f1c135b0386.jpg,messy_girl_,https://i.pinimg.com/originals/66/b4/29/66b429864919b6e8aae45f1c135b0386.jpg,13.562930378617228,36.85188936547953,30.87587341909522,2.135110070524501,22.60859463479788,4.325227571732748,7.607776952286537,7.75257396393716,0.3215083970481807,9.614281600836671,8.541337596379591,22.3425724369531,17.974016556097677,0.6118863623108837,13.136545871029378,0.08655925605536333,0.21043839308599258,0.31413148388440343,0.22928781398180187,0.1595830529924388,#2c2017,#6d5132,#5c432c,#090706,#493022
241716704995131074,,,Uploaded by user,accessories,"Tue, 13 Jan 2026 09:03:06 +0000",https://i.pinimg.com/originals/61/17/6d/61176dea0b66046b61c147ab47795145.jpg,messy_girl_,https://i.pinimg.com/originals/61/17/6d/61176dea0b66046b61c147ab47795145.jpg,24.924444699212273,9.752546632896262,42.46776709783759,45.29734791649217,64.9403619903161,6.524519794871069,3.737477945163775,11.66284201847602,-24.939387156163306,8.855213279747797,17.94892534194412,0.7986045500887684,28.030686721452227,0.9121271999850542,27.618067654015526,0.2056279926335175,0.21259226519337016,0.21329060773480663,0.07906298342541436,0.2894261510128913,#4c3620,#20191a,#835c36,#327668,#bd966c
9288742973320629,grape,,Uploaded by user,mys,"Thu, 14 Apr 2022 20:12:36 +0000",https://i.pinimg.com/originals/aa/4c/5e/aa4c5e0b6945b4d27464e288e0828671.jpg,messy_girl_,https://i.pinimg.com/originals/aa/4c/5e/aa4c5e0b6945b4d27464e288e0828671.jpg,82.4243129862665,15.12447756818204,37.024450538499366,18.146060648419407,57.26609840389543,5.848182951978496,24.57229985147512,10.896582311085256,2.316751791723461,10.956367699795393,23.289162980579697,11.573908075964106,18.35908570708359,4.136310154047745,23.01645749650635,0.1013,0.08430740740740741,0.2919287037037037,0.2581527777777778,0.2643111111111111,#e8c7a1,#471416,#704f3a,#322a26,#a98161
2744449768701686,,,Uploaded by user,bone apple teeth,"Sun, 26 Jan 2025 01:15:46 +0000",https://i.pinimg.com/originals/45/a1/aa/45a1aa4fcba843350008536ddb49640a.jpg,messy_girl_,https://i.pinimg.com/originals/45/a1/aa/45a1aa4fcba843350008536ddb49640a.jpg,13.093267876587696,65.87271261642286,84.03681684660862,42.86706875159298,42.15724056461375,0.4979137244221752,9.564313367968587,0.15178797784780151,13.233377545313758,-1.8451312187461344,-2.5477555222392763,11.323043010998177,3.3656318049456515,14.773679699714382,-4.135435256641473,0.23463644444444445,0.25873066666666666,0.16678044444444445,0.15442133333333333,0.1854311111111111,#202125,#b8998c,#d4d1cb,#825c4d,#5c646a
85709199153279582,,,Uploaded by user,pictures!,"Sat, 11 May 2024 03:45:20 +0000",https://i.pinimg.com/originals/e6/32/ce/e632ce50e789165a2e422ce4c0153200.jpg,messy_girl_,https://i.pinimg.com/originals/e6/32/ce/e632ce50e789165a2e422ce4c0153200.jpg,59.0549196074987,13.445613007041253,73.2980648586315,38.210716032651696,32.92549932567758,0.3724696856595661,0.8694921932718866,0.59417453432927,1.4469881309992438,2.7080015102367976,1.5654662234929904,-3.903096815275427,3.066080412035658,0.3589542838027826,-24.873536077638807,0.3384259806238185,0.17958965914461247,0.29847552870982985,0.15654536862003782,0.026963462901701322,#908d8b,#202227,#b7b3ae,#5c5959,#354e74
2392606048617634,,,Uploaded by user,VISION BROAD  ig,"Mon, 01 Dec 2025 02:23:54 +0000",https://i.pinimg.com/originals/59/20/9e/59209e931b795933e362a1d77cf58721.jpg,messy_girl_,https://i.pinimg.com/originals/59/20/9e/59209e931b795933e362a1d77cf58721.jpg,67.23254226319258,7.848953564380608,78.7677179006377,55.10615991909059,33.1511025365183,10.148882053183534,3.6063654761010975,2.88586620627862,11.156160521225189,7.045959619583291,-9.454552136709287,2.0170562857926413,17.267334670351257,22.257944737343305,12.63155348582393,0.05611277727478497,0.2668368982948544,0.14280594537498115,0.3322133884110457,0.20203099064433377,#ae9eb4,#1d1514,#d4c0a3,#a37c5e,#5f493a
7177680650647843,,"Mirror, messy room, dirty girl aesthetic, digital camera",Uploaded by user,Kiss u - Lonnie Gunn,"Sun, 09 Jun 2024 22:46:07 +0000",https://i.pinimg.com/originals/0b/2c/f0/0b2cf0148bc28f2c7c0bab80a8fb9173.jpg,messy_girl_,https://i.pinimg.com/originals/0b/2c/f0/0b2cf0148bc28f2c7c0bab80a8fb9173.jpg,45.09270110269214,97.17998912492592,10.31145806624773,68.5774951678734,29.460524995748173,-14.810493475236882,-4.49811768490362,-4.539459074904576,-14.665898695909874,-15.278525967487766,10.903837325667597,-0.9690157390403549,4.953943380227967,-1.4011966215717653,15.711736044720633,0.2732973295527361,0.08870386389850057,0.19285300925925927,0.12752206683326925,0.31762373045623477,#577158,#ecf9f8,#181d15,#87afa9,#354b2c
310818811800307320,Post by @bellafleurz · 1 image,,tumblr.com,clothesssss,"Fri, 24 Nov 2023 11:57:35 +0000",https://i.pinimg.com/originals/8c/08/06/8c0806cc5e1869f31efd9751ad59dc0d.jpg,messy_girl_,https://i.pinimg.com/originals/8c/08/06/8c0806cc5e1869f31efd9751ad59dc0d.jpg,60.09514496150318,34.50905691402312,79.33658469605838,11.934370262886546,47.86050196178514,1.0519490704362418,1.0180207435956916,-0.32574042854737423,-1.0621390024714286,-7.1969333386516015,5.681229894005943,8.288942854090395,3.5674311936783027,4.276322395139395,22.82785327269157,0.24793654580152671,0.17471771628498728,0.2841006679389313,0.16276439249363867,0.13048067748091602,#978f86,#585044,#c6c4bd,#201f19,#73744a
985021749866927837,Uniform Tight Skirts 42: Fresh British College Girls (college and sixth form girls on campus),,thetightskirtspage.blogspot.com,study girl,"Tue, 20 Jan 2026 20:34:33 +0000",https://i.pinimg.com/originals/18/51/29/18512916e10e3fbb5d2d54c8dc553f8e.jpg,messy_girl_,https://i.pinimg.com/originals/18/51/29/18512916e10e3fbb5d2d54c8dc553f8e.jpg,9.569830510403293,88.84226775446253,45.76953327161267,71.16377970311854,31.23831469392052,1.0284053164035187,-1.3115603251299963,13.04818859701594,2.4419731668388183,2.679759335061974,3.7317159101631194,5.299238412184399,21.395175103396838,12.21530123368002,6.562940152449297,0.17096243117780416,0.2972309187088416,0.15721148655942999,0.19511767246032602,0.17947749109359817,#1e1915,#e0dfd5,#8c6349,#bbab98,#51473f
8796161769538847,,#glasses #reading #book #books #literature #rubylyn,instagram.com,things I would post,"Thu, 12 Jun 2025 21:53:34 +0000",https://i.pinimg.com/originals/fc/19/bf/fc19bf3d8c6445007f7639e614625f80.jpg,messy_girl_,https://i.pinimg.com/originals/fc/19/bf/fc19bf3d8c6445007f7639e614625f80.jpg,80.56205372749679,46.21703024126921,64.5497879676181,16.352266207266194,36.18821772175374,-1.8346870231713885,-4.415551929116635,6.61600002252554,3.348377874806991,8.146585376487801,3.6424674574932507,0.7751575344096109,20.633163516622016,-13.168710731561607,17.189363113939777,0.2008742631039344,0.13169514129181084,0.26160010572856596,0.2910959727028066,0.11473451717288223,#c7c8c1,#666f6c,#b59778,#22273b,#6a4f39
4925880836086980,,,Uploaded by user,remembrance of 2010s,"Wed, 20 Mar 2024 09:09:00 +0000",https://i.pinimg.com/originals/44/16/13/44161315fd533b1b9649c14bdd858728.jpg,messy_girl_,https://i.pinimg.com/originals/44/16/13/44161315fd533b1b9649c14bdd858728.jpg,14.397929043841792,71.02701354573583,47.8280848803651,42.822335936952115,94.98149373754325,2.3812914955876785,7.810017116124091,23.76736757390195,4.427180154570218,1.9159005576671726,0.06006152165189427,5.39894512620573,23.821586712445,-3.381886427076313,-0.48397679285841333,0.33901785714285715,0.18518601190476192,0.14604910714285715,0.17947916666666666,0.15026785714285715,#272324,#c0a8a4,#a1604a,#6a626a,#f4eff1
5911043261890821,,@lea_jul on instagram,instagram.com,2025.08.28,"Thu, 28 Aug 2025 16:58:07 +0000",https://i.pinimg.com/originals/be/b8/17/beb8177d9fd603148e896517b6f67cf8.jpg,messy_girl_,https://i.pinimg.com/originals/be/b8/17/beb8177d9fd603148e896517b6f67cf8.jpg,26.325556611236536,58.57696800403324,48.4888947326874,8.003159128522842,38.94266625836126,12.15242146527173,2.210752719745374,9.572040369962895,3.6824034019555274,5.863785352977221,19.372609127713535,-2.524754933068074,20.80165211938342,4.826705571852468,9.715426380158448,0.18272143462983156,0.11297709923664122,0.3313254899179308,0.2351103663708393,0.13786560984475713,#573621,#8e8b91,#8e6c50,#1e1510,#6b574c
178666310214157409,night clubbbb,#fit #outfitstyle #messy #fashion #style,Uploaded by user,Aesthetics,"Thu, 17 Jul 2025 23:17:23 +0000",https://i.pinimg.com/originals/53/06/2e/53062e296918c1547fb2f0a9b71dc858.jpg,messy_girl_,https://i.pinimg.com/originals/53/06/2e/53062e296918c1547fb2f0a9b71dc858.jpg,77.94422571838146,42.728840924876266,23.38486234427625,7.583990844066591,62.08779514721892,-0.7025903220975629,2.6466127196157836,16.652612222196364,2.17009021775982,-1.9077847354530248,18.095376820997767,17.166610685183304,19.52699977871766,4.780594096201639,14.204210884850403,0.22581759419454056,0.2190613786364219,0.09168849320774061,0.11471148917083174,0.34872104479046523,#ccbf9f,#736248,#552d1b,#1c150f,#9c967c
29554941299421452,,,Uploaded by user,yasmincore,"Wed, 07 Feb 2024 13:53:17 +0000",https://i.pinimg.com/originals/e3/9c/20/e39c20717c5843b9aee9dd3c1fa680c7.jpg,messy_girl_,https://i.pinimg.com/originals/e3/9c/20/e39c20717c5843b9aee9dd3c1fa680c7.jpg,51.84796775292312,4.33257204715369,70.40936011287718,33.55740803108711,16.856270953409958,3.348550599397531,-0.7478063325757482,2.62055210890795,-0.8262370704239629,-4.37615272155611,26.736733199028258,1.4405703017283482,8.421579840473427,21.89249963866905,12.943481001342468,0.15676429567642958,0.3946232886460023,0.08787749409387186,0.16499587282611788,0.19573904875757833,#90784d,#0e0f0c,#b7aa9d,#594e2b,#292a16
785737466267288583,,"Mêlant délicatesse et désinvolture, ce look a tout bon ! | Instagram",instagram.com,Arrangements,"Mon, 11 Mar 2024 21:06:28 +0000",https://i.pinimg.com/originals/bd/d7/93/bdd7935d9434e17cacfc185d8f87156a.jpg,messy_girl_,https://i.pinimg.com/originals/bd/d7/93/bdd7935d9434e17cacfc185d8f87156a.jpg,87.2188373237606,19.24448073348459,55.23932960525177,35.45244660419442,5.831012941263854,1.7322357562077195,3.429885845358333,6.69004285284557,5.317363359791974,1.2917541908193488,14.818677602883184,6.273361750045356,16.01860376988253,12.272326342726736,2.8546516783894615,0.07645307762095209,0.25498259833769205,0.14419866953256186,0.2282667766886489,0.2960988778201451,#e9d8be,#372c25,#997f68,#624f40,#16120d
13721973861273845,coldpixie on IG,,instagram.com,style frame,"Sat, 30 Aug 2025 11:10:27 +0000",https://i.pinimg.com/originals/7d/78/c0/7d78c080d9488aa0de9ad0857a5e4ead.jpg,messy_girl_,https://i.pinimg.com/originals/7d/78/c0/7d78c080d9488aa0de9ad0857a5e4ead.jpg,66.19272675119018,41.083621211864774,82.50648727341398,18.048850939062753,63.8802256819799,10.696334029101035,1.6377756299203992,1.468379676347031,5.667213076925947,0.07186085749644322,-13.419242026313805,-4.366484372371921,8.773484556787503,-3.4671178045262163,5.055112794779813,0.15682773919753087,0.18702594521604937,0.25595582561728397,0.11713300540123457,0.28305748456790125,#a99bb9,#606067,#d7cbbd,#322931,#9e9a91
3940718414900061,,,Uploaded by user,me me me,"Tue, 23 Mar 2021 18:00:42 +0000",https://i.pinimg.com/originals/f6/b4/68/f6b4681d8fb3c24042f91b4bfcf9b848.jpg,messy_girl_,https://i.pinimg.com/originals/f6/b4/68/f6b4681d8fb3c24042f91b4bfcf9b848.jpg,62.35278252098111,18.516443217520802,38.22149697960873,52.24705697016116,80.15198683837556,5.7548239683429045,5.817276436007246,-9.606824396835863,8.663700933939507,-3.465603680856884,17.387605085571685,3.6389898929238464,1.8861141813673323,-49.541240614225394,2.1013476752650755,0.2599336025123374,0.19852669358456707,0.2155136832660386,0.047423956931359354,0.2786020637056976,#ac9278,#372a28,#495e56,#417cd1,#c1c8c2
537758011750043483,,,Uploaded by user,photography,"Sun, 18 Mar 2018 01:15:58 +0000",https://i.pinimg.com/originals/8d/92/ec/8d92ece08ce40e544cd82bdb6ccd5960.jpg,messy_girl_,https://i.pinimg.com/originals/8d/92/ec/8d92ece08ce40e544cd82bdb6ccd5960.jpg,43.58593519710681,98.07106833803851,6.924002592393364,67.22698493668123,18.53718004989724,5.29958361699398,-0.18095505869043294,4.4969765417490475,0.7541449028632394,12.93398970792529,12.66927168923252,0.24432860219270935,1.8662865289582315,4.50698138044665,13.89919267280057,0.3509647919524463,0.08021490626428898,0.18953818015546411,0.12256058527663466,0.25672153635116596,#776352,#f9f9f8,#1c1312,#a8a29b,#432519
232920611974595253,,,Uploaded by user,Viki,"Sun, 14 Dec 2025 17:15:14 +0000",https://i.pinimg.com/originals/92/f1/27/92f127946f515e19f297ead898f284c0.jpg,messy_girl_,https://i.pinimg.com/originals/92/f1/27/92f127946f515e19f297ead898f284c0.jpg,24.17634609641521,77.12319235060738,76.37332719097869,26.99038129650959,48.50494102742475,3.157499257740959,7.480598212437238,-4.319670791797565,5.656341776640897,-2.762711865597353,7.5458789523223135,-7.218942649172958,25.860209206344216,-12.78105609999016,11.554802347488923,0.2647071872227152,0.23585107956225967,0.10895629991126886,0.13490646258503403,0.25557897071872226,#42372e,#c6bacb,#c6bd8c,#3e3d53,#76735f
71072500370977952,,,Uploaded by user,satc,"Sun, 07 Sep 2025 15:52:39 +0000",https://i.pinimg.com/originals/09/f2/4d/09f24d818acacbfb7d46ff8033ae2ca6.jpg,messy_girl_,https://i.pinimg.com/originals/09/f2/4d/09f24d818acacbfb7d46ff8033ae2ca6.jpg,68.56022445592318,37.46001283009687,8.171615382895382,93.01504274131983,50.28677718758714,-0.8133031653755637,6.844732213418099,-0.47234832945398597,-1.8529014929799428,-1.6794022062047949,9.330432586172845,14.596094613881949,1.9505181831426777,6.1368968604520475,7.502310214530849,0.6070434782608696,0.12092391304347826,0.07828260869565218,0.022820652173913044,0.17092934782608696,#aca796,#6a5341,#181715,#ecebdf,#7a786a
17170042325575182,,,Uploaded by user,Berry shortcake,"Wed, 07 Jan 2026 00:25:48 +0000",https://i.pinimg.com/originals/8f/d1/3b/8fd13ba79c326fe594bcc4eee4c0f8c6.jpg,messy_girl_,https://i.pinimg.com/originals/8f/d1/3b/8fd13ba79c326fe594bcc4eee4c0f8c6.jpg,67.25086672125364,88.37698881926539,39.54194751830238,70.91393222860677,15.024578100100662,9.545303033025446,3.641096247965059,15.906361320733101,15.59120665462422,12.275614294979324,21.743366756264216,1.4763140024678272,20.425277835105952,-6.6992046046408635,8.311906025521779,0.13565062619612317,0.6172758704608521,0.09497919879728872,0.06554070886812369,0.08655359567761232,#c29c7d,#e6dbdb,#7f523c,#c4a4ba,#391e1a
28710516370092199,,,Uploaded by user,fitz ❕🧿🧣🪐,"Mon, 26 May 2025 12:39:00 +0000",https://i.pinimg.com/originals/63/be/7a/63be7ac88471ebab6edd9975978522e3.jpg,messy_girl_,https://i.pinimg.com/originals/63/be/7a/63be7ac88471ebab6edd9975978522e3.jpg,47.570193177943686,87.00012294420696,65.77636323706345,31.86557065925796,15.617333258378274,0.543553181446278,-0.13970288847575002,-0.29840592335494404,0.7573461098354952,0.5096650295903344,-1.1992015115266388,7.981269402839085,2.321448810877628,-1.442296177499165,-3.9637600741293273,0.2235379792621172,0.17877115987460815,0.2085917530745117,0.2440564263322884,0.14504268145647456,#707072,#e0d9ca,#a19f9b,#4b4a4d,#24262c
393502086210597202,,,Uploaded by user,messy girl aesthetic,"Tue, 26 Nov 2024 01:01:07 +0000",https://i.pinimg.com/originals/ce/9a/0b/ce9a0babb6baaa73dc9b781984e5daa0.jpg,messy_girl_,https://i.pinimg.com/originals/ce/9a/0b/ce9a0babb6baaa73dc9b781984e5daa0.jpg,63.558332561198945,9.300798098592566,30.5383701716839,50.46117217539677,37.70853006102761,0.9391658677431328,-0.5663581741885748,-2.562650041435783,0.512905378219227,2.3032422392722807,9.717683730634542,-0.9537163650565228,-0.2583258273138016,8.137562100084102,10.998741692893255,0.1732310439533778,0.21770897021573937,0.1285197154530721,0.3284105356120379,0.15212973476577285,#a29888,#181a1b,#434948,#7e776a,#635647
301248662605894160,,Emili staying balanced in NYC with @odd.balance.,instagram.com,Straight hair styles,"Wed, 26 Nov 2025 17:23:11 +0000",https://i.pinimg.com/originals/8e/40/ec/8e40ec02334ec513f0111a940899b9f0.jpg,messy_girl_,https://i.pinimg.com/originals/8e/40/ec/8e40ec02334ec513f0111a940899b9f0.jpg,19.13356200814631,29.44246770181415,55.434385957142894,43.28669116899921,72.33236837243109,6.174139448044135,8.870216835601624,15.056014458582702,57.63432807083147,-0.5398896922734959,3.9597843433767643,-22.606117363838496,23.918018505637843,12.087975000448111,-3.2898674099789433,0.13972085048010974,0.2212331961591221,0.15218930041152262,0.05944718792866941,0.42740946502057614,#392b28,#3e4268,#aa7a5c,#bb2e55,#adb1b7
774124931406454,get ready with us,,Uploaded by user,WOTD,"Sat, 10 Jan 2026 04:07:30 +0000",https://i.pinimg.com/originals/7e/29/7f/7e297f016c5cd718f818f96d13346762.jpg,messy_girl_,https://i.pinimg.com/originals/7e/29/7f/7e297f016c5cd718f818f96d13346762.jpg,26.58196504295838,7.822783657743543,43.839067436897686,81.99147290233905,62.126161766095656,17.233537311757573,7.932820858978473,14.767015906021978,-0.2454147140559222,6.481505379406456,23.078664496777826,5.839018044216921,32.386256955060475,8.197591542420787,32.92846495080677,0.23231326339694985,0.18010923330697196,0.25037404856104273,0.10416997993313941,0.23303347480189607,#5f331c,#23120e,#8c5d31,#d2cbbc,#b3905b
107523509848520061,,,Uploaded by user,Io core,"Wed, 07 Jan 2026 19:28:19 +0000",https://i.pinimg.com/originals/52/7f/e0/527fe044853669b82bf0a2f0c83e9b90.jpg,messy_girl_,https://i.pinimg.com/originals/52/7f/e0/527fe044853669b82bf0a2f0c83e9b90.jpg,48.078968999209444,11.372633727121553,89.70741820454623,31.005461304651096,67.0769713862473,6.652685760412865,3.110717284954535,-2.3778494309838782,5.279387388640268,1.7115504650962805,10.867728202556613,3.876859186868094,1.634055668208588,7.84187002719442,10.553813045579789,0.3503533635676493,0.12508314436885865,0.16064436885865457,0.18831443688586547,0.17560468631897203,#846d60,#241c19,#dee2de,#55453d,#aea190
591167888611647627,,coffee ☕️☕️☕️,Uploaded by user,me,"Tue, 18 Jul 2023 16:26:16 +0000",https://i.pinimg.com/originals/2b/35/1e/2b351e26758ec2f799dd45e0c939184b.jpg,messy_girl_,https://i.pinimg.com/originals/2b/35/1e/2b351e26758ec2f799dd45e0c939184b.jpg,85.91543485405032,51.712388208850705,9.040247029826837,66.4704022612278,32.293129221935416,-1.0092913998265454,3.9333289077424984,3.228114555291002,1.8475097215325824,9.343107290440555,-0.8272053728125908,10.580604016658388,5.421158664791221,12.455224064744893,13.541815906690577,0.13588611111111112,0.19033055555555556,0.15755462962962963,0.3717416666666667,0.14448703703703702,#d4d7d8,#897869,#201711,#ae9f8b,#614637
1618549863931401,Get ready photo ideas!!,Fun getting ready photoshoot #grwm #glam #gettingready #girls,Uploaded by user,b@ddie,"Mon, 17 Mar 2025 09:25:14 +0000",https://i.pinimg.com/originals/fd/a3/4d/fda34dcc16ba98ba314882896ddf1fe5.jpg,messy_girl_,https://i.pinimg.com/originals/fd/a3/4d/fda34dcc16ba98ba314882896ddf1fe5.jpg,11.099631993062737,85.46637895076309,41.314250657949046,34.6537165926048,68.97024202863652,-10.03435103079144,5.3606288562666435,17.92281956951381,-7.971150410519018,10.699330635238882,6.6708635943880665,7.9537990000268834,30.457041131617892,14.954706758821104,21.61508859728769,0.3036672593874151,0.3262392068755607,0.09415899734076637,0.1169186731064975,0.15901586328976036,#122114,#e6d1c6,#89552f,#4d5439,#c8a081
10273905395488864,weekend moodboard,friday night vs saturday morning kate moss party girl new york model off duty heroin chic grunge tumblr girl,Uploaded by user,2026,"Thu, 15 Jan 2026 18:34:58 +0000",https://i.pinimg.com/originals/21/13/47/211347f4b69ffdb5e06a24c2342f2e98.jpg,messy_girl_,https://i.pinimg.com/originals/21/13/47/211347f4b69ffdb5e06a24c2342f2e98.jpg,90.26027432339076,7.332742047765777,39.6299827756332,32.538294753448284,65.72944554799054,0.1930960295025015,2.338632654013298,17.487042733878425,3.316936913687195,2.9841226216041625,0.23606479226876864,1.3924034129742011,21.531605555833522,4.042355444945733,5.297687480694716,0.5594520753277192,0.1553961246014226,0.0607997438203472,0.0947796582454419,0.1295723980050691,#e3e2e2,#1a1514,#81513b,#544a46,#a99d96
